:020000022000DC
:1070000000000420197202000172020003720200E3
:1070100005720200077202000972020000000000FF
:107020000000000000000000000000000B720200E1
:107030000D720200000000000F72020011720200C7
:10704000C12A0300137202006138030025520300B5
:10705000137202001372020059370300693C0300E7
:107060001372020013720200137202001372020004
:1070700013720200137202001372020013720200F4
:10708000137202006D650300137202001372020096
:10709000137202001372020009A5030013720200AA
:1070A00013720200137202001372020013720200C4
:1070B00013720200137202000000000000000000C2
:1070C00013720200137202001372020013720200A4
:1070D0001372020013720200137202001372020094
:1070E000137202001372020013720200000000000B
:1070F0000000000013720200000000001372020082
:10710000000000000000000000000000000000007F
:10711000000000000000000000000000000000006F
:10712000000000000000000000000000000000005F
:10713000000000000000000000000000000000004F
:10714000000000000000000000000000000000003F
:10715000000000000000000000000000000000002F
:10716000000000000000000000000000000000001F
:10717000000000000000000000000000000000000F
:1071800000000000000000000000000000000000FF
:1071900000000000000000000000000000000000EF
:1071A00000000000000000000000000000000000DF
:1071B00000000000000000000000000000000000CF
:1071C00000000000000000000000000000000000BF
:1071D00000000000000000000000000000000000AF
:1071E000000000000000000000000000000000009F
:1071F000000000000000000000000000000000008F
:10720000FEE7FEE7FEE7FEE7FEE7FEE7FEE7FEE756
:10721000FEE7FEE700F002B8FFF7FCBF0F484FF0B3
:107220000701884385460E4880470E48016841F4AF
:1072300070010160BFF34F8FBFF36F8F00F01AB87A
:1072400009480A490A4A884207D0521A05D00378E9
:1072500001300B700131013AF9D170470000042070
:10726000B5D5020088ED00E02CB50300084B0020E6
:107270001C4B002039493A480A1A02D00722914390
:107280008D46384938480A1A06D00722914381F3BF
:107290000988022282F3148834483549354A00F0BF
:1072A0003EF835483549364A00F039F83548364910
:1072B000364A00F034F836483649374A00F02FF89D
:1072C00036483749374A00F02AF837483749384AAC
:1072D00000F025F837483849384A00F020F8384897
:1072E0003849002200F033F837483849002200F0CE
:1072F0002EF837483749091A13F007FF364A9047E6
:1073000024482549884205D00268043003B49047D8
:1073100003BCF7E700200021304A9047FEE788428F
:1073200014D0521A12D003460B43134303242342B2
:1073300006D1036804300B600431043AF9D1704778
:10734000037801300B700131013AF9D1704788425E
:1073500002D002700130FAE77047000000000420FC
:1073600000E003200000042000000420D0E303001C
:107370001C4B0020E8540020E0730200E073020080
:1073800090B30300D0E303001C4B00201C4B0020F3
:1073900040B5030040B5030040B5030040B503000D
:1073A00040B5030040B5030040B5030040B50300FD
:1073B000CDE303009CED0300E8540020E8540020D6
:1073C000E8540020206B0020206B0020206B002060
:1073D000206B0020208B0020417202001DC902009A
:1073E00082B003468DF80730114B1B789DF80720BB
:1073F0009A420BD99DF807300D4A12789B1A012B3F
:1074000010DD0B4A9DF8073013700BE0084B1B781A
:107410001A469DF80730D31A012B03DD044A9DF864
:1074200007301370024B1B78184602B0704700BF3C
:10743000F454002084B00346ADF80630BDF80630A1
:1074400041F26702934201D9642319E0BDF8063086
:1074500040F64852934201D8002311E0BDF80630AF
:10746000A3F64853642202FB03F303F5C873064AEC
:1074700082FB03121212DB17D31A0393039BDBB2B6
:10748000184604B0704700BF1F85EB51014B1B68C5
:1074900018467047F0540020014B1B68184670478F
:1074A000EC54002010B586B00190012001F0BCFE24
:1074B0000DF10E03194600200CF0EEFD0590BDF90C
:1074C0000E20314B1A80059B002B45D12E4B1B887B
:1074D0001BB21A464FF4166302FB03F39B0A049394
:1074E000049B5B00294A1360284B1B689BB218461B
:1074F000FFF7A0FF03461846FFF772FF03461A4640
:10750000234B1A60234A244BD31ADB081B0443F095
:1075100003041E4B1B689BB21846FFF78BFF034604
:107520001846FFF75DFF03461A46174B1B881BB230
:107530001A49204611F079FF164A174BD31ADB0877
:107540001B0443F00300114B1A680F4B1B881BB23E
:10755000134911F06AFF0BE00E4A0F4BD31ADB08F8
:107560001B0443F00103059A0E49184611F04DFF24
:10757000002001F059FE00F031F8034B1B881BB2CC
:107580009BB2184606B010BDE8540020F05400200D
:10759000EC540020A4B403007CB4030040B5030005
:1075A00060B5030070B5030000B585B00190019B84
:1075B0001B78002B0CD1019B5B68B3F90020064BB4
:1075C0001A80019B5B68012118460CF00FFE0390A6
:1075D00000BF05B000BD00BFE854002000BF7047E9
:1075E00000B589B01C4B1B68049300238DF8133041
:1075F00004AB1A4918460CF063FC0790079B0693EE
:10760000069B002B04D0164A8F2106980DF062FECF
:10761000144A01AB07CA03C31A7000238DF8073060
:1076200002238DF8063005238DF8083001AB19468A
:1076300000200CF0B5FC0790079B0593059B002BE1
:1076400004D0074A982105980DF044FE0020FFF76A
:1076500029FF00BF09B000BDD4B50300A975020021
:1076600084B50300D8B5030000B585B001900B4682
:10767000ADF8023013468DF80130019B0393BDF83D
:107680000230132B2CD9039B1B78F02B25D0F02B29
:1076900028DC302B1DD0302B24DC212B13D0212BC8
:1076A00020DC122B08D0202B1CD19DF9013019466B
:1076B000039800F0DBF816E09DF9013019460398B5
:1076C00000F020F80FE0039800F01EF901F02EFA08
:1076D00009E0039800F046F905E000F0B9FF02E088
:1076E00000BF00E000BF05B000BD000082B0019007
:1076F000034B1B680133024A136000BF02B070479E
:10770000FC54002000B58BB001900B468DF803307F
:1077100004AB14220021184613F096FD13238DF8B4
:107720001030FFF7B9FE03468DF82730234B1B6856
:10773000CDF811309DF827308DF81530FFF7A6FEF3
:1077400003461F4AA2FB03235B098DF826309DF8F0
:1077500026308DF8163001238DF8173001238DF86F
:10776000183001238DF819309DF803308DF81A3048
:107770009DF82630222B07D89DF81B30022262F399
:1077800001038DF81B3011E09DF82730272B07D817
:107790009DF81B30012262F301038DF81B3005E0D8
:1077A0009DF81B3023F003038DF81B3004AB14212C
:1077B000184604F027FE00BF0BB000BDFC540020AB
:1077C0001F85EB5100B58BB0019003AB1422002153
:1077D000184613F039FD11238DF80C301D4B1B8812
:1077E000DBB28DF80D3003AB184603F0DDFF034626
:1077F0008DF8273003AB1421184604F003FE0890DF
:10780000089B002B03D0144B00221A701FE09DF838
:107810002730012B0DD10F4B1B8801339AB20D4B32
:107820001A800E4B00224FF4005118460EF06CF9EE
:107830000DE0094B00221A70094A0A4BD31ADB08E3
:107840001B0443F003030849184611F0D1FD0BB0A7
:1078500000BD00BFF6540020F8540020204B00204B
:10786000A4B403007CB40300F0B5030000B58BB0F2
:1078700001900B468DF8033003F03EFE099000F0B6
:10788000DBFD089002AB14220021184613F0DCFC4B
:1078900004F01AF810238DF80830089BB3F8C030B4
:1078A000DBB28DF8093003F061FE03469BB2ADF800
:1078B0000A30124B1B7883F00103DBB2002B19D086
:1078C00002AB1421184604F09DFD0790079B002B86
:1078D00010D1BDF80A30002B0CD0094B00221A80C1
:1078E000064B01221A70074B00224FF40051184634
:1078F0000EF00AF900BF0BB000BD00BFF854002025
:10790000F6540020204B002000B585B0019003F014
:10791000F3FD0390019B5B781A460B4B1B889A4240
:107920000ED103F0C7FF094A094BD31ADB081B0429
:1079300043F00300019B5B781A46064911F065FD90
:1079400000BF05B000BD00BFF6540020A4B4030082
:107950007CB4030018B6030082B0019000BF02B0EF
:107960007047000000B58BB0019003AB14220021DA
:10797000184613F069FC31238DF80C3001238DF883
:107980000D30FFF789FD099001238DF80E3003AB10
:107990001421184604F036FD0890089B002B0AD1EC
:1079A0009DF80E30002B06D1044B002240F6CD414D
:1079B00018460EF0A9F800BF0BB000BD404B0020E8
:1079C00000B583B0124A002112480EF063F801900E
:1079D000114A002111480EF05DF80190104A012172
:1079E00010480EF057F801900F4B00224FF48041E1
:1079F00018460EF089F8019B0093009B002B04D0E1
:107A00000A4AB82100980DF065FC00BF03B000BD24
:107A1000C5770200E4B5030059790200E8B5030018
:107A2000ED760200ECB50300604B00202CB603009D
:107A300076DF704700BF18468BDF704700BF1846DF
:107A40008CDF704700BF184600B583B001900199E4
:107A500002480AF039FB00BF03B000BD005500200A
:107A600000B585B06B4608220021184613F0ECFBE8
:107A70000A4B00930A4B01936B46184608F098FB9B
:107A80000390039B0293029B002B04D0054A4521DF
:107A900002980DF01FFC00BF05B000BD497A02003E
:107AA0005451002094B6030000B583B00190044AFD
:107AB0004B2101980DF00EFC00BF03B000BD00BFCC
:107AC00094B6030000B589B00190009100238DF8B1
:107AD0001F30524A524BD31ADB081B0443F00300F9
:107AE000009B1B781A464F4911F08FFC009B1B78B6
:107AF000022B00F08380022B00F38C80002B02D03D
:107B0000012B38D086E0454A454BD31ADB081B04CD
:107B100043F003034449184611F06AFC009B59885E
:107B2000009B0E331A4601980AF0B8FC0590059B9D
:107B30000493049B002B04D03C4A692104980DF067
:107B4000C9FB01980AF028FC0590059B0393039B51
:107B5000002B04D0354A6B2103980DF0BBFB2F4A54
:107B60002F4BD31ADB081B0443F00303304918469C
:107B700011F03EFC4EE004F05DFE03468DF81F3030
:107B8000264A274BD31ADB081B0443F00300009B53
:107B90009B891A46274911F038FC0023069312E00E
:107BA0001E4A1F4BD31ADB081B0443F00300009B43
:107BB0009A68069B13441B781A461F4911F025FC4E
:107BC000069B01330693009B9B891A46069B9342B2
:107BD000E6D3124A124BD31ADB081B0443F003030B
:107BE0001649184611F004FC009B9868009B9B897D
:107BF0009DF91F201946FFF737FD0BE0074A084B98
:107C0000D31ADB081B0443F003030D49184611F097
:107C1000EFFB00BF00BF09B000BD00BFA4B403006C
:107C20007CB4030000B703001CB7030094B6030044
:107C300030B7030060B703006CB7030074B70300EC
:107C400078B7030000B587B00C4B01930C4B02933F
:107C50000C4B039301AB19460B480AF0C7FA059089
:107C6000059B0493049B002B04D0084A932104989D
:107C70000DF030FB00BF07B000BD00BFC57A0200A9
:107C8000A97A0200545100200055002094B6030048
:107C900070B5A2B00590059B5B681C9300F0CCFB0F
:107CA0001B90059B1B78062B1CD0062B00F36281D2
:107CB000052B08D0052B00F35D81032B42D0042B4C
:107CC00000F04C8156E1059B5B681993199B189352
:107CD000189B002B00F05081AB4AA52118980DF09D
:107CE000F9FA49E1A94AAA4BD31ADB081B0443F06D
:107CF0000303A849184611F07BFB059B5B681A93A8
:107D0000A24AA34BD31ADB081B0443F003001A9BBF
:107D10005B781D461A9B9B781E461A9BDB781A4699
:107D20001A9B1B7919461A9B5B791C461A9B9B79F7
:107D3000039302940191009233462A46964911F02A
:107D4000B5FB1EE1059B5B681793179B002B00F0AA
:107D500015810023ADF84A30179B9869179B998BC2
:107D60000DF14A02092306F0A4FA0346ADF8863065
:107D7000BDF88630002B0ED10023ADF84A30179B9A
:107D80009869179B998B0DF14A02082306F091FA26
:107D90000346ADF88630BDF88630002B00F0DC805D
:107DA000179B9B69BDF84A20134416931B9B2033F5
:107DB0000E931B9B40330F931B9B603310931B9BB5
:107DC000803311930423159300238DF8853000230D
:107DD000209331E0209B9B0088336B4453F8503C48
:107DE000002B23D0209B9B0088336B4453F8503CDE
:107DF000184613F0BAF91490149B002B18D0BDF854
:107E00008630149A9A4214D8209B9B0088336B4486
:107E100053F8503C149A1946169813F081F903460A
:107E2000002B06D101238DF8853009E000BF00E06A
:107E300000BF209B01332093209A159B9A42C9D3FF
:107E40009DF88530002B00F09B80179B0233139325
:107E500000238DF87F3000231E932BE04F491E9A9C
:107E60001346DB0013440B441B78002B1FD01E9AD3
:107E70001346DB001344494A1344D81C139B0133B7
:107E80000622194613F04CF90346002B0FD1179B1D
:107E900093F9130041491E9A1346DB0013440B4427
:107EA000013302461A7001238DF87F3005E01E9BD6
:107EB00001331E931E9B032BD0DD9DF87F3083F092
:107EC0000103DBB2002B5BD000231D9340E033495C
:107ED0001D9A1346DB0013440B441B78002B34D14E
:107EE0002E491D9A1346DB0013440B4401221A70DD
:107EF0001D9A1346DB001344284A13440233072219
:107F00001399184613F06EF9BDF8862006AB169942
:107F1000184613F067F91D4A1D4BD31ADB081B04E2
:107F200043F0030306AA1E49184611F06EFA179B88
:107F300093F9130019491D9A1346DB0013440B44AF
:107F4000013302461A7000BF1AE01D9B01331D93D6
:107F50001D9B032BBBDD13E000BF12E00B4A0C4B53
:107F6000D31ADB081B0443F003030E49184611F033
:107F70003FFA06E000BF04E000BF02E000BF00E0FF
:107F800000BF00BF22B070BD94B60300A4B40300CC
:107F90007CB4030088B70300A4B70300EC560020AC
:107FA000D4B70300E0B7030000B587B001900B46DB
:107FB000ADF80230019B0593154ABDF802301380DD
:107FC000BDF802300022194612480AF067FA049000
:107FD000049B0393039B002B05D00F4A40F2211111
:107FE00003980DF077F9059B9B8819460B4808F01C
:107FF000A3F90490049B0293029B002B05D0064A30
:108000004FF4927102980DF065F900BF07B000BD02
:10801000685100200055002094B60300804B0020DA
:1080200000B585B001900B46ADF802301346ADF8AF
:108030000030BDF802301A46019904480AF0C8F928
:108040000390039B184605B000BD00BF00550020FB
:1080500000B583B0144B1B884FF6FF7293420BD1CF
:10806000124A134BD31ADB081B0443F003031149D4
:10807000184611F0BDF915E00B4B1B88132118466B
:10808000FFF7D6FC0190019B002B0BD0074A084B51
:10809000D31ADB081B0443F00103019A0649184672
:1080A00011F0B3F903B000BD68510020A4B403007F
:1080B0007CB40300F4B7030004B8030000B587B034
:1080C0004FF0FF33059381238DF813300023039382
:1080D00024E03449039A1346DB0013440B441B7815
:1080E000002B18D02F49039A1346DB0013440B448E
:1080F000013393F900309DF913209A420BDA294994
:10810000039A1346DB0013440B4401331B788DF8AC
:108110001330039B0593039B01330393039B032BB2
:10812000D7DD059B002B01DA052337E01E4A1F4BE4
:10813000D31ADB081B0443F00300059A9DF91330A2
:108140001B4911F072F96B4607220021184613F003
:108150007BF8059A1346DB001344124A13449A1C19
:108160006B46106818609188927999809A71684678
:108170000123104A1049FFF763FC0290029B002B79
:108180000BD0094A094BD31ADB081B0443F0030345
:10819000029A0A49184611F038F9029B184607B0AE
:1081A00000BD00BFEC560020A4B403007CB4030063
:1081B0001CB80300A6560020B05600203CB80300AF
:1081C00000B583B0114A124BD31ADB081B0443F0ED
:1081D00003031049184611F00BF9FFF72DFC01902D
:1081E000019B002B0ED0019B082B0BD0074A084B9C
:1081F000D31ADB081B0443F00103019A0649184611
:1082000011F003F900BF03B000BD00BFA4B4030028
:108210007CB4030050B8030060B8030000B583B01D
:10822000104A114BD31ADB081B0443F003030F4918
:10823000184611F0DDF8242200210D4813F004F84F
:108240000C4809F071FC0190019B0093009B002BEE
:1082500005D0094A40F2AB1100980DF03BF800BF81
:1082600003B000BDA4B403007CB403007CB80300D9
:10827000EC560020A456002094B6030000B587B049
:108280006B4600221A605A609A60DA6000238DF80B
:108290000C306B46094A1946094809F0EDFB059078
:1082A000059B0493049B002B05D0064A40F2B911AC
:1082B00004980DF00FF800BF07B000BD917C0200DC
:1082C000A456002094B6030000B585B00190019B30
:1082D000084A9A60019B084ADA60FFF7C1FBFFF782
:1082E000B1FCFFF7CBFF00F0A7F8039000BF05B08B
:1082F00000BD00BFA97F020021800200BFF34F8FA5
:1083000000BF064BDB6803F4E0620449044B1343EF
:10831000CB60BFF34F8F00BF00BFFDE700ED00E073
:108320000400FA0541DF704700BF184600B583B06E
:108330000190019B5B68002B11D0194A194BD31A8D
:10834000DB081B0443F00100019B1B781A46019BCC
:108350005B68154911F069F801F0FEFF1EE0019B12
:108360001B78012B02D0022B0CD017E00C4A0D4BCE
:10837000D31ADB081B0443F003030C49184611F021
:1083800037F80BE0064A074BD31ADB081B0443F00F
:1083900003030749184611F02BF800BF03B000BDD6
:1083A000A4B403007CB403008CB80300BCB8030081
:1083B000D4B8030086B0019000914FF6FF73ADF87A
:1083C0001630002304932DE0019A049B13441B787C
:1083D0001BB21B021AB2BDF9163053401BB2ADF8E6
:1083E00016300023039317E0BDF91630002B0BDA8B
:1083F000BDF916305B001BB283F4815383F0010397
:108400001BB2ADF8163004E0BDF816305B00ADF8D5
:108410001630039B01330393039B072BE4D9049B82
:1084200001330493049A009B9A42CDD3BDF81630D1
:10843000184606B070470000014B1846704700BF51
:108440006C51002008B501E0FFF76CFF04480FF005
:10845000E1F90346002BF7D100BF00BF08BD00BF04
:10846000084B002000B585B0019000230393019BC9
:1084700023F47F6323F00F03029300230122029968
:108480000C480FF02FF90390039B002B0BD00A4AE6
:108490000A4BD31ADB081B0443F00103039A084973
:1084A000184610F0B2FFFFF7CDFF039B184605B04A
:1084B00000BD00BF084B0020A4B403007CB403003F
:1084C000ECB8030000B589B0059004911346ADF8EF
:1084D0000E3000230793059BC3F30B03002B25D11C
:1084E0002A4A2B4BD31ADB081B0443F00303059ADB
:1084F0002849184610F089FF0023012205992648D3
:108500000FF0F0F80790079B002B0FD001F024FF2D
:108510001E4A1F4BD31ADB081B0443F00103079AC2
:108520001E49184610F071FF079B2CE0FFF78AFFE9
:10853000BDF80E3000220092049A059916480EF0FC
:10854000EFFF0790079B002B0CD1104A104BD31A5A
:10855000DB081B0443F00303059A1149184610F089
:1085600054FF0DE001F0F8FE084A094BD31ADB086E
:108570001B0443F00103079A0A49184610F045FF0F
:10858000FFF760FF079B184609B000BDA4B40300C5
:108590007CB4030004B90300084B0020ECB80300CE
:1085A00034B9030048B9030000B587B003900291C5
:1085B0001346ADF80630039BB3F5802F06D3BDF804
:1085C0000620039B1344B3F5772F0ED91A4A1B4B91
:1085D000D31ADB081B0443F00100BDF80630039AF0
:1085E000174910F022FF102323E0BDF80630029A4D
:1085F000039914480EF0ECFE0590059B002B0BD060
:108600000D4A0E4BD31ADB081B0443F00103059AF5
:108610000D49184610F0F9FE074A084BD31ADB083B
:108620001B0443F00303039A0849184610F0EDFEBB
:10863000059B184607B000BDA4B403007CB403003A
:1086400060B90300084B002090B90300ACB90300E7
:10865000024B01221A7000BF704700BF1057002064
:1086600008B5064B1B78002B05D04FF47620FFF79A
:10867000F9FEFFF743FE00BF08BD00BF1057002002
:1086800000B583B001904F4A4F4BD31ADB081B044F
:1086900043F003034D49184610F0AAFE494A4A4BDD
:1086A000D31ADB081B0443F00303019A4849184618
:1086B00010F0ABFE434A444BD31ADB081B0443F0D3
:1086C0000300019B20331A46424910F09EFE3D4AAA
:1086D0003D4BD31ADB081B0443F00300019B4033DE
:1086E0001A463D4910F091FE364A374BD31ADB0843
:1086F0001B0443F00300019B60331A46374910F016
:1087000084FE304A304BD31ADB081B0443F00300CD
:10871000019B80331A46324910F077FE294A2A4BD2
:10872000D31ADB081B0443F00300019BA0331A4655
:108730002C4910F06AFE234A234BD31ADB081B0492
:1087400043F00300019BB3F8C0301A46264910F0ED
:108750005CFE1C4A1C4BD31ADB081B0443F00300CD
:10876000019BB3F9C2301A46204910F04EFE154A5B
:10877000154BD31ADB081B0443F00300019BB3F82D
:10878000C4301A461A4910F040FE0E4A0E4BD31A56
:10879000DB081B0443F00300019BB3F8EE301A46DC
:1087A000144910F032FE074A074BD31ADB081B04AA
:1087B00043F003031049184610F01AFE00BF03B03F
:1087C00000BD00BFA4B403007CB40300BCB9030027
:1087D000E4B9030004BA030024BA030044BA030056
:1087E00064BA030084BA0300A4BA0300C4BA030045
:1087F000E4BA030004BB030028BB030000B5BDB00E
:108800006B46F02219464FF47620FFF7CDFE6B46FB
:10881000EE211846FFF7CEFD03461A46BDF8EE30AE
:108820009A420FD0EE210E48FFF7C4FD03461A46C8
:108830000B4BA3F8EE20F02209494FF47620FFF706
:1088400041FE06E0064B18466B46F022194612F030
:10885000C9FC0348FFF714FF00BF3DB000BD00BFD7
:108860006C51002000B583B000220A490A480EF07E
:1088700069FD0190019B0093009B002B04D0074AE7
:10888000EF2100980CF026FDFFF7B8FF00BF03B002
:1088900000BD00BF88D30300084B002050BB03007D
:1088A000BFF34F8F00BF064BDB6803F4E06204495F
:1088B000044B1343CB60BFF34F8F00BF00BFFDE7F6
:1088C00000ED00E00400FA0500B583B00190019BC3
:1088D0001B68184600F005F90346002B04D10B492C
:1088E0004FF4F67003F00EFA019B1B681F2B02D8A1
:1088F0004FF0A04306E0019B1B6803F01F02019BA1
:108900001A60034B184603B000BD00BFA0BB0300B4
:108910000003005000B585B00190084611461A4684
:1089200003468DF803300B468DF8023013468DF860
:10893000013001AB1846FFF7C7FF03909DF80320F5
:108940009DF802305B001A439DF801309B001A43EA
:108950009DF818301B0242EA03019DF81C301B04ED
:10896000019A1943039B02F5E07243F8221000BFFD
:1089700005B000BD00B585B003900023019300232E
:1089800000930023012201210398FFF7C3FF00BFDA
:1089900005B000BD00B585B003900B468DF80B30D7
:1089A0009DF80B300022019200220092002200214B
:1089B0000398FFF7AFFF00BF05B000BD00B585B05D
:1089C000019001AB1846FFF77FFF0390019B012246
:1089D00002FA03F31946039800F06FF800BF05B0E0
:1089E00000BD00B585B0019001AB1846FFF76CFFE4
:1089F0000390019B012202FA03F31946039800F049
:108A000066F800BF05B000BD00B585B0019001ABB0
:108A10001846FFF759FF0390039BD3F804350293E0
:108A2000029BDA43019B012101FA03F31A40039BE5
:108A3000C3F80825019B01229A40029B1A40039B20
:108A4000C3F80C2500BF05B000BD00B585B001908E
:108A500001AB1846FFF738FF0390039800F01DF8AC
:108A60000246019B22FA03F303F00103184605B006
:108A700000BD00B585B0019001AB1846FFF724FF9B
:108A80000390039800F011F80246019B22FA03F3C9
:108A900003F00103184605B000BD82B00190019BB0
:108AA000D3F81035184602B0704782B00190019B90
:108AB000D3F80435184602B0704782B00190009197
:108AC000019B009AC3F8082500BF02B0704782B02E
:108AD00001900091019B009AC3F80C2500BF02B0E1
:108AE000704784B00190019B5B09029300230393BC
:108AF000029B002B03D0029B012B04D007E04FF018
:108B0000FF33039303E04FF6FF73039300BF019B12
:108B100003F01F030193039A019B22FA03F303F06E
:108B20000103DBB2184604B070470000024B052277
:108B30009A7100BF704700BF18570020024B0A22ED
:108B4000DA7200BF704700BF18570020024B0122A5
:108B5000DA7000BF704700BF18570020034B012296
:108B60009A70024B0022DA7000BF7047185700203D
:108B700008B5094B01225A711420FFF77AFF03460A
:108B8000002B03D0044B14225A7402E0024B0A2239
:108B90001A7400BF08BD00BF18570020024B2822DE
:108BA0009A7200BF704700BF1857002082B0019032
:108BB000019B452B03D9054B0A221A7302E0034B94
:108BC0000A225A7300BF02B0704700BF1857002036
:108BD00008B500220021012000F0B6FA054B012261
:108BE0001A71044B03229A73024B0A22DA7300BFF4
:108BF00008BD00BF1857002008B500220021002042
:108C000000F0A2FA024B00221A7100BF08BD00BF9B
:108C10001857002008B501220021002000F094FA26
:108C2000064B01225A70054B0F22DA71034B0F22BB
:108C30001A72024B0F225A7200BF08BD185700204B
:108C4000024B00225A7000BF704700BF1857002027
:108C500000B583B003468DF80730094A9DF8073008
:108C6000137000220021012000F06EFA054B012252
:108C70001A70044B05229A7400BF03B000BD00BFF8
:108C80001157002018570020024B00221A7000BF15
:108C9000704700BF1857002000B583B001909A4B71
:108CA0005B79DBB2002B30D0974B1B7CDBB2002B07
:108CB00015D0954B1B7CDBB2013BDAB2924B1A7498
:108CC00000220121002000F03FFA8F4B1B7CDBB219
:108CD000002B40F01181012003F0D6FC0CE18A4BFF
:108CE0005B7CDBB2002B0CD0874B5B7CDBB2013BA7
:108CF000DAB2854B5A7400220021012000F024FAD8
:108D0000FAE0814B00225A71F6E07F4B5B78DBB2D0
:108D1000002B38D07C4BDB79DBB2002B0CD07A4BAC
:108D2000DB79DBB2013BDAB2774BDA710122002149
:108D3000002000F009FAE4E0734B1B7ADBB2002B51
:108D40000CD0714B1B7ADBB2013BDAB26E4B1A725C
:108D500000220021012000F0F7F9D2E06A4B5B7A93
:108D6000DBB2002B0CD0684B5B7ADBB2013BDAB292
:108D7000654B5A7200220121002000F0E5F9C0E0A5
:108D8000FFF75EFFBDE0604B9B78DBB2002B18D095
:108D90001120FFF75AFE0346002B01D0FFF7D6FE45
:108DA000594BDB78DBB2002B05D0002201210020DB
:108DB00000F0CAF9A5E000220021012000F0C4F96A
:108DC0009FE0514B1B79DBB2002B21D04E4BDB7B5C
:108DD000DBB2013BDAB24C4BDA734B4BDB7BDBB2E1
:108DE000002B40F08B80484B0A22DA730C20FFF7EF
:108DF0000BFE454B9B7BDBB2013BDAB2424B9A73D5
:108E0000414B9B7BDBB2002B78D1FFF7F5FE75E081
:108E10003D4B1B78DBB2002B11D03B4B9B7CDBB274
:108E2000013BDAB2384B9A74374B9B7CDBB2002B98
:108E300066D1354B05229A7400F0B6F960E0324BEA
:108E4000DB7ADBB2002B0CD02F4BDB7ADBB2013BA1
:108E5000DAB22D4BDA7200220021012000F074F901
:108E60004FE0294B9B7ADBB2002B0CD0264B9B7A30
:108E7000DBB2013BDAB2244B9A72002201210020BE
:108E800000F062F93DE0204B1B7BDBB2002B0CD0E5
:108E90001D4B1B7BDBB2013BDAB21B4B1A7300226A
:108EA0000121002000F050F92BE0174B5B7BDBB277
:108EB000002B0CD0144B5B7BDBB2013BDAB2124BC4
:108EC0005A7300220121012000F03EF919E00E4BF7
:108ED0009B79DBB2002B0CD00B4B9B79DBB2013BB7
:108EE000DAB2094B9A7101220121012000F02CF91C
:108EF00007E000F01DF904E000BF02E000BF00E061
:108F000000BF03B000BD00BF1857002000B585B0FA
:108F100001900E20FFF799FD0346DAB22C4B1A7030
:108F20002C4A2D4BD31ADB081B0443F00303284AB9
:108F300012782A49184610F068FA254B1B78002B46
:108F400043D1274B1B680133254A1360244B1B6810
:108F50000A2B08D11420FFF78CFD0346002B23D0E9
:108F6000FFF758FE20E01E4B1B68032B0FD1142087
:108F7000FFF77FFD0346002B04D1FFF7F9FD00F05A
:108F8000D1F811E0FFF7F4FD00F0C6F80CE0144B47
:108F90001B68062B08D11420FFF76BFD0346002B3E
:108FA00002D0022003F070FB0E4B00224FF48041F0
:108FB00018460CF0A9FD0390039B002B05D00A4A2C
:108FC0004FF49C7103980CF085F900BF05B000BD0B
:108FD0002B570020A4B403007CB40300D0BB0300D3
:108FE0001457002060520020E8BB030000B587B092
:108FF00001900B468DF80330019B0E2B09D0019B8D
:109000000E2B76D8019B072B65D0019B0D2B5AD0D8
:109010006FE00E20FFF719FD0346DAB2364B1A70E7
:10902000354B1B78002B39D0344B18460CF0C4FD5F
:109030000490334A334BD31ADB081B0443F0030379
:10904000049A3149184610F0E0F9304B1B68002BA8
:1090500018D11420FFF70DFD0346002B12D0FEF7A8
:109060001BFA0390039B452B03D90398FFF79EFD42
:1090700008E0039B1D2B03D90398FFF797FD01E040
:10908000FFF7A6FD1E4A1F4BD31ADB081B0443F053
:1090900003031F49184610F0ABF925E01B4B0022D3
:1090A0001A60164B00224FF4804118460CF02CFD3C
:1090B0000590059B002B17D0164A4FF4B771059801
:1090C0000CF008F910E00D20FFF7BFFC0346002B61
:1090D0000CD0FFF7E5FB0720FFF7B7FC0346002B9A
:1090E00006D001F0D9FA03E000BF02E000BF00E0C3
:1090F00000BF00BF07B000BD2B570020605200200A
:10910000A4B403007CB4030038BC0300145700204F
:109110004CBC0300E8BB030008B51420FFF761FC5A
:1091200000BF08BD08B51420FFF748FC00BF08BD0C
:1091300008B50820FFF755FC0B20FFF752FC0C2068
:10914000FFF74FFC00BF08BD00B583B003468DF8A4
:1091500007300B468DF8063013468DF805309DF824
:109160000730002B03D00C20FFF728FC02E00C2076
:10917000FFF737FC9DF80630002B03D00820FFF7DF
:109180001DFC02E00820FFF72CFC9DF80530002BA9
:1091900003D00B20FFF712FC02E00B20FFF721FCAD
:1091A00000BF03B000BD000008B51D4B1B78002BAD
:1091B0001AD11C4B1B78002B09D01A4B00221A70B5
:1091C0000C20FFF70EFC0B20FFF7F8FB08E0154B17
:1091D00001221A700C20FFF7F1FB0B20FFF701FCB6
:1091E0000820FFF7FEFB19E00E4B1B78002B09D07F
:1091F0000C4B00221A700C20FFF7F3FB0820FFF73E
:10920000DDFB08E0074B01221A700C20FFF7D6FBAC
:109210000820FFF7E6FB0B20FFF7E3FB00BF08BDCC
:10922000115700202C57002000B583B003468DF85D
:1092300007309DF80730002B03D01320FFF7BEFB4B
:1092400002E01320FFF7CDFB00BF03B000BD00001C
:1092500000B595B00AF0DEF8034683F00103DBB2F7
:10926000002B0BD00AF072F81390139B002B05D043
:109270007B4A40F2022113980CF02CF8794A002125
:1092800079480CF007FC1290129B002B05D0744A11
:109290004FF4017112980CF01DF8744A01217448C2
:1092A0000CF0F8FB1190119B002B05D06C4A40F29A
:1092B000072111980CF00EF80820FFF75BFB0B203C
:1092C000FFF758FB0C20FFF755FB1420FFF752FB6C
:1092D0001320FFF74FFBFFF72BFFFFF71DFF1320B6
:1092E000FFF77FFB634B002240F2666118460CF0EB
:1092F0000BFC1090109B002B05D0594A40F2162110
:1093000010980BF0E7FF4FF420330F934FF4804396
:109310000E9300238DF8173000230493002303934A
:1093200000230D9300238DF83330534A534BD31A47
:10933000DB081B0443F003035149184610F058F8AA
:1093400001211120FFF726FB00210E20FFF722FB51
:1093500000210D20FFF71EFB0D20FFF776FB0346D3
:10936000002B00F0978003F0D7F9FFF7F7FB0CF024
:1093700073FC0D900E20FFF768FB0346002B0CBF1B
:10938000012300238DF833300E20FFF75EFB0346E8
:10939000002B50D19DF81730DBB283F00103DBB214
:1093A000002B12D001238DF817300D9B04930D9BD9
:1093B0000393314A314BD31ADB081B0443F00303F8
:1093C0003049184610F014F8D1E7049B19460D985F
:1093D0000CF036FC0790039B19460D980CF030FCFE
:1093E00002460E9B934210D80D9B0393079B9B0B49
:1093F0000693214A214BD31ADB081B0443F00303D5
:10940000069A2149184610F000F8079A0F9B9A42D5
:10941000ADD3184B18460CF0CFFB174A174BD31A95
:10942000DB081B0443F00303184918460FF0E0FF64
:1094300000F0DCFF9BE79DF81730DBB2002B96D0E5
:109440000D4A0E4BD31ADB081B0443F003031049EB
:1094500018460FF0CDFF00238DF8173087E700BFC7
:10946000E8BB03000D8F02000CBD0300998C0200C5
:1094700010BD030080520020A4B403007CB403009C
:1094800064BC030084BC0300A0BC0300B8BC0300A0
:10949000E0BC03004B4A02AB12681146198002334C
:1094A000120C1A7000238DF8093002AB464A194697
:1094B0000E2009F0BBFF0B900B9B002B05D0434AFD
:1094C0004FF418710B980BF005FF01210E200AF0E4
:1094D00029F803238DF8043000238DF805309DF81A
:1094E000063023F001038DF806309DF8063023F096
:1094F00002038DF806309DF8063023F004038DF842
:10950000063000238DF8053001AB2F4A194607209D
:1095100009F08CFF0A900A9B002B05D02B4A40F2E1
:1095200065210A980BF0D6FE0121072009F0FAFF09
:1095300003238DF8003000238DF801309DF80230B0
:1095400023F001038DF802309DF8023023F002036E
:109550008DF802309DF8023023F004038DF80230BC
:1095600000238DF801306B46174A19460D2009F08B
:109570005DFF0990099B002B05D0144A40F26A2137
:1095800009980BF0A7FE01210D2009F0CBFF0E205A
:10959000FFF75BFA0346002B10D10D4B00224FF46E
:1095A000804118460CF0B0FA0890089B002B05D0BB
:1095B000064A40F26F2108980BF08CFE00BF15B0F0
:1095C00000BD00BF08BD0300ED8F0200E8BB030033
:1095D0006052002072DF704700BF184673DF70478B
:1095E00000BF184674DF704700BF184676DF70472B
:1095F00000BF184677DF704700BF18467CDF704712
:1096000000BF184633DF704700BF184600B587B06B
:10961000019000238DF8173000238DF80F30019B47
:109620001B78002B02D0032B43D04EE003F002F94D
:1096300003468DF81730264A264BD31ADB081B0445
:1096400043F00300019B9B8A1A4623490FF0DDFE7D
:109650000023049312E01E4A1E4BD31ADB081B049E
:1096600043F00300019B1A69049B13441B781A46BC
:109670001A490FF0CAFE049B01330493019B9B8A95
:109680001A46049B9342E6D3114A124BD31ADB08C5
:109690001B0443F00303124918460FF0A9FE019B77
:1096A0001869019B9B8A9DF917201946FDF7DCFF7D
:1096B0000BE0074A074BD31ADB081B0443F00303F4
:1096C000084918460FF094FE00BF00BF07B000BD68
:1096D000A4B403007CB4030014BD030020BD030048
:1096E00028BD03002CBD030000B583B0FFF78AFF3F
:1096F0000190019B0093009B002B04D0034A56214C
:1097000000980BF0E7FD00BF03B000BD48BD0300AB
:1097100000B583B003468DF807309DF80730002B65
:1097200001D0032B02E0FFF7DFFF00BF00BF03B053
:1097300000BD000000B583B00190044A712101987A
:109740000BF0C8FD00BF03B000BD00BF48BD030063
:1097500000B587B000230193164B019301AB194666
:10976000154807F050FF0590059B0493049B002BC0
:1097700004D0124A802104980BF0ACFD02AB042205
:109780000021184611F060FD0D4B029302AB194603
:109790000C4808F089FB0590059B0393039B002B65
:1097A00004D0064A882103980BF094FD00BF07B04F
:1097B00000BD00BF359702003857002048BD0300A8
:1097C0000D960200AC52002000B5AFB001ABAC2248
:1097D0000021184611F038FD02238DF804300023D3
:1097E0008DF8063005238DF807300123ADF8503091
:1097F000124B159301238DF87C3001238DF88030B6
:10980000A0232393002324930D4B2A9301AB1946E5
:109810000C4805F013F82D902D9B2C932C9B002BBE
:1098200004D0094AA1212C980BF054FD01210548D0
:1098300004F0F7FF00BF2FB000BD00BFC8520020EA
:10984000119702004457002048BD030000B585B0C1
:1098500001900B46ADF802300B4ABDF80230138080
:10986000BDF802301946094807F0EFFE0390039B4C
:109870000293029B002B04D0054AAB2102980BF007
:1098800029FD00BF05B000BDA052002038570020C0
:1098900048BD030000B585B001900B46ADF802301D
:1098A0001346ADF80030BDF800300DF10202019909
:1098B000034808F09FFB0390039B184605B000BDCA
:1098C000AC52002000B583B0144B1B884FF6FF72DA
:1098D00093420BD1124A134BD31ADB081B0443F0FB
:1098E0000303114918460FF083FD15E00B4B1B884D
:1098F00013211846FFF77AFE0190019B002B0BD035
:10990000074A084BD31ADB081B0443F00103019AF2
:10991000064918460FF079FD03B000BDA0520020A3
:10992000A4B403007CB40300A4BD0300B4BD0300D1
:1099300000B583B0194A1A4BD31ADB081B0443F055
:109940000303184918460FF053FD174B93F8543092
:109950001846FFF747FE0190104A114BD31ADB0857
:109960001B0443F00300104B93F854301A46019B3C
:109970000E490FF05AFD019B002B0CD0019B082BC8
:1099800009D0019B0093009B002B04D0084AD221F0
:1099900000980BF09FFC00BF03B000BDA4B403000F
:1099A0007CB40300CCBD030044570020DCBD0300A1
:1099B00048BD030000B585B001909DF80830012234
:1099C00062F303038DF808309DF80830012262F33A
:1099D00007138DF80830019811F0C7FB03469AB2BF
:1099E00002AB01991846FFF709FE039000BF05B0CE
:1099F00000BD000000B59BB0FEF71EFD18900023CF
:109A00008DF8673008AB3C220021184611F01CFC91
:109A100002238DF8203004238DF8233000238DF8A5
:109A2000223002F0F5FB0346002B07D0334B44F203
:109A300021321A8004238DF8673008E02F4B41F261
:109A400034221A80189BB3F9C2308DF86730189B06
:109A500003F1A0026B462A49184611F0C1F8274AC3
:109A60006B4693606B46184611F07FFB03469AB233
:109A7000224B9A80214B129301238DF84C30214BBD
:109A800093F8543019469DF967301A460120FFF7C4
:109A9000B1FD1790179B002B0CD11B4A1B4BD31AFF
:109AA000DB081B0443F00303179A194918460FF00B
:109AB000ACFC0AE0144A154BD31ADB081B0443F034
:109AC0000303144918460FF093FC08AB0022194613
:109AD0000C4805F0D0F81790179B002B0BD00A4AC2
:109AE0000A4BD31ADB081B0443F00303179A0A49F5
:109AF00018460FF08AFC00BF1BB000BD785B002049
:109B000000BE030044570020A4B403007CB403004B
:109B100004BE030020BE030034BE030000B595B0B0
:109B2000FEF78AFC1390404B1B788DF806303F4AB5
:109B30003F4BD31ADB081B0443F003033A4A127865
:109B40003C4918460FF061FC0123ADF8043002AB2C
:109B50003C220021184611F077FB06238DF80B30CC
:109B600002238DF8083002F053FB0346002B04D08B
:109B7000314B44F221321A8003E02F4B41F2342260
:109B80001A80139BA0332C4A9360139BA033184672
:109B900011F0EBFA03469AB2274B9A80264B0C93AE
:109BA00001238DF8343002AB00221946234805F01A
:109BB00062F81290129B002B0CD01C4A1C4BD31A3B
:109BC000DB081B0443F00303129A1D4918460FF0EB
:109BD0001CFC0AE0154A164BD31ADB081B0443F0A1
:109BE0000303184918460FF003FC04238DF847308F
:109BF000124B93F8543019469DF947301A4601200C
:109C0000FFF7F8FC1290129B002B0AD0074A084B72
:109C1000D31ADB081B0443F003030B4918460FF06B
:109C2000E7FB00BF15B000BDAC520020A4B4030098
:109C30007CB4030050BE0300845B00204457002026
:109C400060BE030080BE030020BE030000B589B0E3
:109C5000034600918DF80730374A384BD31ADB089A
:109C60001B0443F003039DF80720354918460FF005
:109C7000CCFBFEF7E1FB07909DF80730002B3BD0B3
:109C8000079B1846FFF796FEFFF7B4FE2D4B052203
:109C900083F83C20079BB3F8C430DB002A4A82FBE0
:109CA00003125210DB17D31A1A46264B5A64274A5E
:109CB00027492848FFF78EFC0690069B0493049BD7
:109CC000002B05D0244A4FF4B17104980BF002FB2D
:109CD0001C4B93F8543001211846FFF77FFC069087
:109CE000069B0393039B002B23D01B4A40F2651174
:109CF00003980BF0EFFA1CE0079B1846FFF75AFE9B
:109D0000FFF70CFF0F4BA0225A610E4B012283F884
:109D10003C2003210B4804F06DFE0690069B059342
:109D2000059B002B05D00C4A40F2871105980BF0DB
:109D3000D1FA00BF09B000BDA4B403007CB4030095
:109D400098BE03004457002067666666805700206F
:109D5000545B00209857002048BD030000B583B035
:109D60000190019B054A1A60019B054A5A60FFF762
:109D7000EFFCFFF729FD00BF03B000BD4D980200C6
:109D80009598020076DF704700BF18467FDF704766
:109D900000BF18468FDF704700BF1846B1DF70471D
:109DA00000BF184600B583B00190019B1B681846A0
:109DB00000F0E9F80346002B04D10B494FF4F6708C
:109DC00001F0A0FF019B1B681F2B02D84FF0A0439E
:109DD00006E0019B1B6803F01F02019B1A60034B06
:109DE000184603B000BD00BFACBE03000003005026
:109DF00000B585B00190084611461A4603468DF815
:109E000003300B468DF8023013468DF8013001AB5C
:109E10001846FFF7C7FF03909DF803209DF8023016
:109E20005B001A439DF801309B001A439DF81830DF
:109E30001B0242EA03019DF81C301B04019A1943DE
:109E4000039B02F5E07243F8221000BF05B000BD8D
:109E500000B585B0039000230193002300930023F5
:109E6000012201210398FFF7C3FF00BF05B000BD29
:109E700000B585B003900B468DF80B309DF80B3084
:109E80000022019200220092002200210398FFF795
:109E9000AFFF00BF05B000BD00B585B0019001ABBC
:109EA0001846FFF77FFF0390019B012202FA03F39C
:109EB0001946039800F053F800BF05B000BD00B587
:109EC00085B0019001AB1846FFF76CFF0390019B32
:109ED000012202FA03F31946039800F04AF800BF82
:109EE00005B000BD00B585B0019001AB1846FFF785
:109EF00059FF0390039BD3F804350293029BDA4386
:109F0000019B012101FA03F31A40039BC3F80825C2
:109F1000019B01229A40029B1A40039BC3F80C2527
:109F200000BF05B000BD00B585B0019001AB18467B
:109F3000FFF738FF0390039800F009F80246019BF1
:109F400022FA03F303F00103184605B000BD82B006
:109F50000190019BD3F81035184602B0704782B0CB
:109F600001900091019B009AC3F8082500BF02B040
:109F7000704782B001900091019B009AC3F80C25B4
:109F800000BF02B0704784B00190019B5B0902934F
:109F900000230393029B002B03D0029B012B04D0D0
:109FA00007E04FF0FF33039303E04FF6FF73039393
:109FB00000BF019B03F01F030193039A019B22FA48
:109FC00003F303F00103DBB2184604B0704700004E
:109FD00000B58BB00190009100238DF82730019BD4
:109FE0001B88562B00F08D80562B00F39C80522B43
:109FF00062D0522B00F397803B2B70D03B2B00F3A9
:10A000009280212B2CD0212B00F38D80132B40D05C
:10A01000132B00F38880102B02D0112B0CD082E080
:10A02000484A494BD31ADB081B0443F00303474952
:10A0300018460FF0DDF981E0424A434BD31ADB08A2
:10A040001B0443F00303424918460FF0D1F9019B6A
:10A050001B7A8DF80B303F4B4FF6FF721A806DE084
:10A0600000238DF8083000238DF80930019B9B8870
:10A0700002AA11461846FFF78DFE0890089B04932C
:10A08000049B002B51D0344AC32104980BF022F9D1
:10A090004BE0304B1888002300228521FFF776FE25
:10A0A0000890089B0393039B002B40D02A4AC921A8
:10A0B00003980BF00FF93AE0264B18880023002292
:10A0C0000021FFF76BFE0890089B0693069B002B70
:10A0D0002FD0214ACF2106980BF0FCF829E0019BF4
:10A0E0009B8813211846FFF74DFE0890089B0593A7
:10A0F000059B002B1FD0184AD62105980BF0EAF8D3
:10A1000019E0019B9B8813211846FFF73BFE08903E
:10A11000089B0793079B002B0FD00F4ADD21079860
:10A120000BF0D8F809E000BF08E000BF06E000BF70
:10A1300004E000BF02E000BF00E000BF00BF0BB0C2
:10A1400000BD00BFA4B403007CB403002CBF030017
:10A1500034BF030010530020DCBE030008B50FF02D
:10A16000CFF9034683F00103DBB2002B01D00EF0E0
:10A170001BF900BF08BD00B583B001900B468DF8F8
:10A180000330019B0E2B08D0019B0E2B1CD8019B8A
:10A19000072B10D0019B0D2B16E00E20FFF7C3FEFE
:10A1A0000346002B03D00B20FFF789FE0CE00B20A9
:10A1B000FFF772FE08E00720FFF7B5FE0346002B0D
:10A1C00001D000F069FA00BF00BF03B000BD00007D
:10A1D00000B589B0594A02AB1268114619800233A2
:10A1E000120C1A7002AB564A19460E2009F01EF9DD
:10A1F0000790079B002B05D0524A4FF4B371079884
:10A200000BF068F801210E2009F08CF903238DF87A
:10A21000043000238DF805309DF8063023F001034B
:10A220008DF806309DF8063023F002038DF80630D5
:10A230009DF8063023F004038DF8063000238DF8D6
:10A24000053001AB3E4A19460D2009F0EFF80690A3
:10A25000069B002B05D03B4A4FF4B67106980BF0D5
:10A2600039F801210D2009F05DF903238DF8003044
:10A2700000238DF801309DF8023023F001038DF8A2
:10A2800002309DF8023023F002038DF802309DF871
:10A29000023023F004038DF8023000238DF80130E2
:10A2A0006B46274A1946072009F0C0F80590059B20
:10A2B000002B05D0234A40F2711105980BF00AF8E3
:10A2C0000121072009F02EF901211120FFF7D0FD0F
:10A2D0000820FFF7BDFD0B20FFF7BAFD0C20FFF7AC
:10A2E000B7FD1420FFF7B4FD1420FFF7E8FD0BF0D5
:10A2F000B3FC04904FF4004303930820FFF7CCFD18
:10A300000B20FFF7C9FD0C20FFF7C6FD00BF0BF0C7
:10A31000A3FC0346049918460BF092FC0246039BEB
:10A320009342F4D80820FFF7CAFD0B20FFF7C7FDC2
:10A330000C20FFF7C4FD00BF09B000BD60BF0300E3
:10A3400077A10200DCBE0300024B00221A6000BFAE
:10A35000704700BFAC5B0020024B01221A7000BFA7
:10A36000704700BFB15B002000B585B00190104B75
:10A370001B6801330E4A13600D4B1B68092B02D971
:10A380000C4B01221A70FDF781F80390039B41F2F8
:10A39000CB02934204D8039B40F64852934203D821
:10A3A000054B01221A7000BF00BF05B000BD00BF01
:10A3B000AC5B0020B15B0020B05B002000B583B037
:10A3C0000190084B1B78002B02D00820FFF78AFD74
:10A3D000054B1B78002B02D00C20FFF783FD00BF3C
:10A3E00003B000BDB05B0020B15B002000B585B0BC
:10A3F000FFF7EEFEFDF7F4F8FEF734FA00F086F80A
:10A4000000F0FCFF02F056FA00210020FFF71EFCCE
:10A410001A4A01211A480BF03DFB0390039B02935B
:10A42000029B002B05D0174A4FF4E47102980AF002
:10A4300051FF154B00224FF4804118460BF064FB8E
:10A44000124A012112480BF025FB0390039B019354
:10A45000019B002B05D00B4A40F2CD1101980AF068
:10A4600039FF0C4B00224FF4804118460BF04CFB97
:10A4700000F0C4FFFFF772FEFAE700BF69A3020015
:10A4800064BF0300DCBE0300D0520020BDA3020065
:10A4900068BF0300F052002000B585B00023ADF87E
:10A4A00004301B238DF80C3001AB1946002001F05D
:10A4B000A8FBBDF80430C3F308039BB2ADF80E301F
:10A4C000BDF80E30184605B000BD000000B583B0E1
:10A4D0000023019310E00C4A019B12F813308DF811
:10A4E000003000238DF801306B460221184601F040
:10A4F000C1FA019B01330193019B7B2BEBD900BF78
:10A5000000BF03B000BD00BF1453002000B585B0EC
:10A5100000238DF80B3001F01FFBFFF7D7FF00235E
:10A52000039333E0544A039B12F813308DF808303C
:10A53000514A039B5B0013445B788DF8093002ABF2
:10A540000221184601F096FA9DF80830012B0BD035
:10A550009DF80830022B07D09DF80830082B03D057
:10A560009DF80830092B0ED1444A454BD31ADB081D
:10A570001B0443F003009DF808301A469DF809308B
:10A5800040490EF052FF039B01330393039B7B2B47
:10A59000C8D901238DF8073000238DF806300DF15E
:10A5A00006020DF107000123012101F09BFA334A55
:10A5B000334BD31ADB081B0443F003039DF806203A
:10A5C000314918460EF021FF02238DF80730002391
:10A5D0008DF806300DF106020DF10700012301216F
:10A5E00001F080FA254A264BD31ADB081B0443F0FE
:10A5F00003039DF80620254918460EF006FF102398
:10A600008DF8073000238DF806300DF106020DF1AC
:10A6100007000123012101F065FA184A184BD31AEB
:10A62000DB081B0443F003039DF806201849184675
:10A630000EF0EBFE11238DF8073000238DF8063065
:10A640000DF106020DF107000123012101F04AFA84
:10A650000A4A0B4BD31ADB081B0443F003039DF893
:10A6600006200C4918460EF0D0FEFFF715FF01F04A
:10A6700061FA00BF05B000BD14530020A4B403006C
:10A680007CB403006CBF03007CBF03008CBF0300DD
:10A690009CBF0300ACBF0300024B01221A7000BF35
:10A6A000704700BFB25B002000B589B00346ADF82B
:10A6B00006300B46ADF804301346ADF80230BDF954
:10A6C000063007EE903AF8EEE77A9FED267A67EECD
:10A6D000877ACDED067ABDF9043007EE903AF8EEB0
:10A6E000E77A9FED207A67EE877ACDED057ABDF99E
:10A6F000023007EE903AF8EEE77A9FED1A7A67EEAD
:10A70000877ACDED047ADDED067A27EEA77ADDEDC6
:10A71000057A67EEA77A37EE277ADDED047A67EEE1
:10A72000A77A77EE277AB0EE670A10F049F98DED37
:10A73000030ADDED037AB7EE007A77EEC77ACDED46
:10A74000077ADDED077AF5EEC07AF1EE10FA02D560
:10A750004FF000030793079B07EE903AB0EE670AAD
:10A7600009B000BD40DA7F3800B587B00346ADF8C8
:10A7700006300B46ADF804301346ADF80230BDF993
:10A78000063007EE903AF8EEE77A9FED237A67EE0F
:10A79000877ACDED047ABDF9043007EE903AF8EEF1
:10A7A000E77A9FED1D7A67EE877ACDED037ABDF9E2
:10A7B000023007EE903AF8EEE77A9FED177A67EEEF
:10A7C000877ACDED027ADDED047A27EEA77ADDED0A
:10A7D000037A67EEA77A37EE277ADDED027A67EE25
:10A7E000A77A77EE277AB0EE670A10F0E9F88DEDD8
:10A7F000050ADDED057AB0EE007AF4EEC77AF1EEE7
:10A8000010FA02D54FF000030593059B07EE903A2E
:10A81000B0EE670A07B000BD295C8F3D00B585B07A
:10A82000BA4ABB4BD31ADB081B0443F00300B94BF5
:10A830009B8F1A46B74BDB8FB7490EF0F6FDB54B31
:10A840009B8F002B03D0B34BDB8F002B0ED1AF4A75
:10A85000AF4BD31ADB081B0443F00303AF49184680
:10A860000EF0C6FDAE4B00221A70C4E2A94B9B8FBE
:10A8700007EE903AF8EE677ACDED037AA54BDB8FC1
:10A8800007EE903AF8EE677ACDED027AA14BD3ED60
:10A89000006A9DED037AC6EE877AA24BC3ED007A7B
:10A8A0009C4BD3ED016A9DED037AC6EE877A9D4BF2
:10A8B000C3ED017A974BD3ED026A9DED037AC6EEA4
:10A8C000877A984BC3ED027A924B93ED037ADDEDD4
:10A8D000037AC7EE276AB0EE660A10F071F8F0EE60
:10A8E000407A904BC3ED037A8A4B93ED047ADDED09
:10A8F000037AC7EE276AB0EE660A10F061F8F0EE50
:10A90000407A884BC3ED047A824B93ED057ADDEDF6
:10A91000037AC7EE276AB0EE660A10F051F8F0EE3F
:10A92000407A804BC3ED057A7A4BD3ED066A9DEDF4
:10A93000027AC6EE877A7B4BC3ED067A754BD3ED70
:10A94000076A9DED027AC6EE877A764BC3ED077AE9
:10A95000704BD3ED086A9DED027AC6EE877A714B93
:10A96000C3ED087A6B4B93ED097ADDED027AC7EE01
:10A97000276AB0EE660A10F023F8F0EE407A694BD1
:10A98000C3ED097A634B93ED0A7ADDED027AC7EEE7
:10A99000276AB0EE660A10F013F8F0EE407A614BC9
:10A9A000C3ED0A7A5B4B93ED0B7ADDED027AC7EECD
:10A9B000276AB0EE660A10F003F8F0EE407A594BC1
:10A9C000C3ED0B7A534B1B6B564A1363514B5B6BB6
:10A9D000544A53634F4B9B6B524A9363504B002234
:10A9E0001A704A4A4A4BD31ADB081B0443F003038C
:10A9F0004D4918460EF0FCFC444A454BD31ADB087F
:10AA00001B0443F00300474BD3ED007AF5EEC07A08
:10AA1000F1EE10FA0BD5434BD3ED007ABFEE007A7E
:10AA2000F4EEC77AF1EE10FA01DD404A00E0404A48
:10AA30003C4BD3ED007AFDEEE77A17EE901A394BD6
:10AA4000D3ED007AF5EEC07AF1EE10FA0CDD354B5D
:10AA500093ED007A334BD3ED007AFDEEE77AF8EE12
:10AA6000E77A77EE677A0BE02E4BD3ED007AFDEEB6
:10AA7000E77AB8EEE77A2B4BD3ED007A77EE677A78
:10AA80009FED2C7A67EE877AFDEEE77A17EE903A23
:10AA900000930B4628490EF0DBFC1C4A1C4BD31AD2
:10AAA000DB081B0443F003001E4BD3ED017AF5EEE7
:10AAB000C07AF1EE10FA0BD51A4BD3ED017ABFEE46
:10AAC000007AF4EEC77AF1EE10FA01DD174A00E0E1
:10AAD000174A144BD3ED017AFDEEE77A17EE901A80
:10AAE000104BD3ED017AF5EEC07AF1EE10FA25DDC8
:10AAF0000C4B93ED017A0B4BD3ED017AFDEEE77A27
:10AB0000F8EEE77A77EE677A24E000BFA4B403009A
:10AB10007CB40300F05B0020BCBF0300DCBF03007B
:10AB2000305C0020B45B0020F4BF03000CC00300C5
:10AB300010C003000000C84214C00300AF4BD3EDA7
:10AB4000017AFDEEE77AB8EEE77AAC4BD3ED017A05
:10AB500077EE677A9FEDAA7A67EE877AFDEEE77A5D
:10AB600017EE903A00930B46A6490EF071FCA64AE8
:10AB7000A64BD31ADB081B0443F003009F4BD3ED15
:10AB8000027AF5EEC07AF1EE10FA0BD59B4BD3EDBD
:10AB9000027ABFEE007AF4EEC77AF1EE10FA01DD28
:10ABA0009B4A00E09B4A954BD3ED027AFDEEE77A93
:10ABB00017EE901A914BD3ED027AF5EEC07AF1EED2
:10ABC00010FA0CDD8D4B93ED027A8C4BD3ED027AAB
:10ABD000FDEEE77AF8EEE77A77EE677A0BE0874BDF
:10ABE000D3ED027AFDEEE77AB8EEE77A834BD3ED48
:10ABF000027A77EE677A9FED827A67EE877AFDEECA
:10AC0000E77A17EE903A00930B4683490EF020FC4A
:10AC10007D4A7E4BD31ADB081B0443F00300774BBD
:10AC2000D3ED067AF5EEC07AF1EE10FA0BD5734B40
:10AC3000D3ED067ABFEE007AF4EEC77AF1EE10FAA1
:10AC400001DD734A00E0734A6C4BD3ED067AFDEEEA
:10AC5000E77A17EE901A694BD3ED067AF5EEC07AD3
:10AC6000F1EE10FA0CDD654B93ED067A634BD3EDF4
:10AC7000067AFDEEE77AF8EEE77A77EE677A0BE090
:10AC80005E4BD3ED067AFDEEE77AB8EEE77A5B4BE2
:10AC9000D3ED067A77EE677A9FED597A67EE877A79
:10ACA000FDEEE77A17EE903A00930B465B490EF003
:10ACB000CFFB554A554BD31ADB081B0443F0030066
:10ACC0004E4BD3ED077AF5EEC07AF1EE10FA0BD5C4
:10ACD0004A4BD3ED077ABFEE007AF4EEC77AF1EE75
:10ACE00010FA01DD4A4A00E04A4A444BD3ED077AA4
:10ACF000FDEEE77A17EE901A404BD3ED077AF5EEAA
:10AD0000C07AF1EE10FA0CDD3C4B93ED077A3B4B29
:10AD1000D3ED077AFDEEE77AF8EEE77A77EE677A19
:10AD20000BE0364BD3ED077AFDEEE77AB8EEE77A23
:10AD3000324BD3ED077A77EE677A9FED317A67EE83
:10AD4000877AFDEEE77A17EE903A00930B46344986
:10AD50000EF07EFB2C4A2D4BD31ADB081B0443F06C
:10AD60000300264BD3ED087AF5EEC07AF1EE10FA27
:10AD70000BD5224BD3ED087ABFEE007AF4EEC77AFA
:10AD8000F1EE10FA01DD224A00E0224A1B4BD3ED1E
:10AD9000087AFDEEE77A17EE901A184BD3ED087A91
:10ADA000F5EEC07AF1EE10FA0CDD144B93ED087A53
:10ADB000124BD3ED087AFDEEE77AF8EEE77A77EEFC
:10ADC000677A0BE00D4BD3ED087AFDEEE77AB8EE2B
:10ADD000E77A0A4BD3ED087A77EE677A9FED087A27
:10ADE00067EE877AFDEEE77A17EE903A00930B460E
:10ADF0000C490EF02DFB05B000BD00BFB45B002078
:10AE00000000C84228C00300A4B403007CB40300BF
:10AE10000CC0030010C003003CC0030050C003007E
:10AE200064C0030078C0030092B001900023119326
:10AE300090E1119A1346DB009B1A1093109B019A24
:10AE400013441B78DB088DF83F309DF83F30022B10
:10AE500040F0A080109B0233019A13441B781BB270
:10AE60001B021AB2109B013301990B441B781BB2D1
:10AE70001343ADF81E30109B0433019A13441B7822
:10AE80001BB21B021AB2109B033301990B441B78AF
:10AE90001BB21343ADF81C30109B0633019A1344C8
:10AEA0001B781BB21B021AB2109B053301990B448D
:10AEB0001B781BB21343ADF81A30BDF91A3007EEF8
:10AEC000903AF8EEE77A9FEDA77A67EE877ACDEDB4
:10AED000057ABDF91C3007EE903AF8EEE77A9FED5F
:10AEE000A17A67EE877ACDED047ABDF91E3007EEC0
:10AEF000903AF8EEE77A9FED9B7A67EE877ACDED90
:10AF0000037A994B93ED007ADDED057A77EE277A97
:10AF1000954BC3ED007A944B93ED017ADDED047A05
:10AF200077EE277A904BC3ED017A8F4B93ED027A3F
:10AF3000DDED037A77EE277A8B4BC3ED027A8A4BED
:10AF400093ED037ADDED057A67EEA77A77EE277A3F
:10AF5000854BC3ED037A844B93ED047ADDED047ADF
:10AF600067EEA77A77EE277A7F4BC3ED047A7E4BA4
:10AF700093ED057ADDED037A67EEA77A77EE277A0F
:10AF8000794BC3ED057A784B9B8F01339AB2764BA0
:10AF90009A87DCE09DF83F30012B40F0D880109B71
:10AFA0000233019A13441B781BB21B021AB2109B86
:10AFB000013301990B441B781BB21343ADF83C30AD
:10AFC000109B0433019A13441B781BB21B021AB264
:10AFD000109B033301990B441B781BB21343ADF84C
:10AFE0003A30109B0633019A13441B781BB21B02A4
:10AFF0001AB2109B053301990B441B781BB2134303
:10B00000ADF83830BDF93C3007EE903AF8EEE77A0B
:10B010009FED567A67EE877ACDED0D7ABDF93A301D
:10B0200007EE903AF8EEE77A9FED507A67EE877A6E
:10B03000CDED0C7ABDF9383007EE903AF8EEE77AAC
:10B040009FED4A7A67EE877ACDED0B7ADDED0D7ACA
:10B05000F0EEE77ACDED0A7ADDED0C7AF0EEE77AE4
:10B06000CDED097ADDED0B7AF0EEE77ACDED087AD9
:10B070003D4B93ED067ADDED0A7A77EE277A3A4B6F
:10B08000C3ED067A384B93ED077ADDED097A77EE5A
:10B09000277A354BC3ED077A334B93ED087ADDED14
:10B0A000087A77EE277A304BC3ED087A2E4B93ED72
:10B0B000097ADDED0D7A67EEA77A77EE277A2A4BCB
:10B0C000C3ED097A284B93ED0A7ADDED0C7A67EE31
:10B0D000A77A77EE277A244BC3ED0A7A224B93EDB9
:10B0E0000B7ADDED0B7A67EEA77A77EE277A1E4BA7
:10B0F000C3ED0B7A1C4BD3ED0C7A9DED0A7AB4EEBE
:10B10000E77AF1EE10FA02DD174A0A9B1363164B39
:10B11000D3ED0D7A9DED097AB4EEE77AF1EE10FAEF
:10B1200002DD114A099B53630F4BD3ED0E7A9DED5F
:10B13000087AB4EEE77AF1EE10FA02DD0A4A089BCB
:10B140009363094BDB8F01339AB2074BDA87119B6C
:10B1500001331193119B4A2B7FF76BAE00BF00BFE9
:10B1600012B0704740DA7F38F05B0020295C8F3DD9
:10B1700000B58FB001904FF000030D934FF0000326
:10B180000C930023ADF82E300023ADF82C300023B3
:10B190000A93A9E00A9A1346DB009B1A0693069BC2
:10B1A000019A13441B78DB088DF817309DF817308F
:10B1B000022B49D1069B0233019A13441B781BB220
:10B1C0001B021AB2069B013301990B441B781BB278
:10B1D0001343ADF80E30069B0433019A13441B78D9
:10B1E0001BB21B021AB2069B033301990B441B7856
:10B1F0001BB21343ADF80C30069B0633019A13447F
:10B200001B781BB21B021AB2069B053301990B4433
:10B210001B781BB21343ADF80A30BDF90E20BDF9FF
:10B220000C10BDF90A301846FFF73EFAB0EE407A2E
:10B23000DDED0D7A77EE877ACDED0D7ABDF82E3003
:10B240000133ADF82E304CE09DF81730012B48D17A
:10B25000069B0233019A13441B781BB21B021AB2DD
:10B26000069B013301990B441B781BB21343ADF8C5
:10B270001430069B0433019A13441B781BB21B0243
:10B280001AB2069B033301990B441B781BB213437C
:10B29000ADF81230069B0633019A13441B781BB29B
:10B2A0001B021AB2069B053301990B441B781BB293
:10B2B0001343ADF81030BDF91020BDF91210BDF9DF
:10B2C00014301846FFF750FAB0EE407ADDED0C7AF4
:10B2D00077EE877ACDED0C7ABDF82C300133ADF8DE
:10B2E0002C300A9B01330A930A9B4A2B7FF752AFFB
:10B2F0004FF000030993BDF82E30002B0CD0BDF8A1
:10B300002E3007EE903AB8EE677ADDED0D6AC6EEA4
:10B31000877ACDED087A02E04FF000030893BDF87C
:10B320002C30002B0CD0BDF82C3007EE903AB8EE44
:10B33000677ADDED0C6AC6EE877ACDED077A02E01A
:10B340004FF000030793BDF82E30002B0FD0BDF84F
:10B350002E3007EE903AB8EE677ADDED0D6AC6EE54
:10B36000877A9DED097A77EE277ACDED097ABDF8D7
:10B370002C30002B13D0BDF82C3007EE903AB8EEED
:10B38000677ADDED0C6AC6EE877A9FED0B7A67EE81
:10B39000877A9DED097A77EE277ACDED097ADDED92
:10B3A000097A9FED067A67EE877AFCEEE77A17EE68
:10B3B000903A18460FB000BD6F12033B00007A446C
:10B3C00000B585B001900B46ADF8023078238DF8BA
:10B3D0000D3000238DF80F3000238DF80E30BDF8AE
:10B3E00002300DF10D00019A012100F07BFB019864
:10B3F000FFF7BEFE0346184605B000BD00B587B096
:10B4000000230493344B1B78002B62D0FEF79CFF83
:10B4100000F0A2FBFFF740F80346ADF80E302F4ACC
:10B4200002AB92E8030018600433198000230593EF
:10B4300022E002AA059B13441B788DF807300023F5
:10B440008DF806300DF106020DF1070001230121F0
:10B4500000F048FB224A234BD31ADB081B0443F0BD
:10B4600003009DF807301A469DF806301E490DF07E
:10B47000DCFF059B01330593059B052BD9DD164B9E
:10B4800000221A70BDF80E304A2B1DD940F20D2152
:10B490001648FFF795FF0490049800F0D1F8104A81
:10B4A000104BD31ADB081B0443F00303049A104922
:10B4B00018460DF0AAFF0F4B1B78002B04D00B4849
:10B4C000FFF7B2FCFFF7AAF900F034FB0020FBF70E
:10B4D000E9FF00BF07B000BDB25B0020D8C0030089
:10B4E000A4B403007CB40300B4C00300345C0020A7
:10B4F000C8C00300305C0020014B1846704700BFF5
:10B50000445E002086B00190019B08330593059BA3
:10B51000A3F58022144BA3FB0213590B0B465B00CF
:10B520000B441B03D31A0493049BB3F5345F0FD36E
:10B53000059BA3F580230C4AA2FB03235B0B03931B
:10B54000039A13465B0013441B0303F586230593FC
:10B55000059BB3F5982F02D34FF480230593059BE9
:10B56000184606B0704700BFABAAAAAA8EB0002347
:10B570000D9300230C932F4B1B680B932E4B1B68D2
:10B580000A930B9A0A9B9A421CD80A9A0B9BD31ACD
:10B590000D930B9BA3F58023284AA2FB03235B0B8F
:10B5A00003930A9BA3F58023244AA2FB03235B0B8E
:10B5B0000293029A039BD21A13465B0013441B02A8
:10B5C0000C9327E00A9A0B9BD31A03F540430D9383
:10B5D0000B9BA3F58023194AA2FB03235B0B099362
:10B5E000042308930A9BA3F58023144AA2FB032398
:10B5F0005B0B0793089A099BD31A0693079B059345
:10B60000069A059B13440493049A13465B00134463
:10B610001B020C930D9A0C9B9A4201D2002305E069
:10B620000D9A0C9BD31A0193019BDB0818460EB0B0
:10B63000704700BF1854002014540020ABAAAAAAD7
:10B6400000B58BB0039004AB0822002118460FF020
:10B65000FBFD4A4B1B690133484A1361474B5A694A
:10B66000039B1344454A5361454A464BD31ADB08B2
:10B670001B0443F00300414B1A69404B5B69009384
:10B68000039B41490DF0E4FEFCF7D6FE09903B4BCD
:10B690001B69099AB2F8C0203C49A1FB021292082A
:10B6A00092B2934267D33A4B1B681846FFF72AFFC2
:10B6B0000890384B1B68089A9A422DD1344B1A686F
:10B6C000344B1B689A4227D0324B1B68A3F580236A
:10B6D000314AA2FB03235B0B0793079A13465B00D7
:10B6E00013441B0303F586232A4A1360294B1B6866
:10B6F000B3F5982F03D3274B4FF480221A60204ACA
:10B70000204BD31ADB081B0443F00203214A1268C2
:10B71000224918460DF079FE184B5A69174B1B69E0
:10B72000B2FBF3F39BB2ADF81030154A154BD31AA8
:10B73000DB081B0443F00303BDF81020184918462A
:10B740000DF063FE124B1B6804A908221846FCF793
:10B75000B9FE0690069B002B02D10D4A089B136090
:10B76000104B1B6801330F4A1360044B00225A61CF
:10B77000024B00221A6100BF0BB000BD445E0020E6
:10B78000A4B403007CB40300E0C00300CDCCCCCC57
:10B790000C54002010540020ABAAAAAA00C1030038
:10B7A00044C10300C05E002000B587B001900023B3
:10B7B0008DF81730019B0233049357E03B4B1B6815
:10B7C00002A908221846FCF7EFFEBDF808109DF804
:10B7D00017305B00049A1A440B46C3F30D0399B269
:10B7E000138861F30D0313809DF817305B00049AF2
:10B7F00013441B88C3F30D039BB2C82B0AD99DF8D1
:10B8000017305B00049A1A445378022161F38713BE
:10B8100053701EE09DF817305B00049A13441B8898
:10B82000C3F30D039BB2502B0AD99DF817305B0070
:10B83000049A1A445378012161F38713537008E086
:10B840009DF817305B00049A1A44537823F0C00324
:10B8500053709DF8173001338DF81730134B1B6868
:10B860001846FFF74FFE0346104A13609DF8173045
:10B87000082B05D80D4B1A680D4B1B689A429DD1B9
:10B880009DF81730002B07D0084B1A68084B1B682F
:10B890009A4201D0012306E09DF81730002B01D019
:10B8A000002300E00023184607B000BD1854002014
:10B8B00014540020024B1B68024A136000BF7047FB
:10B8C000185400201054002008B5134B1B68134A6D
:10B8D0001360134B1B68134A1360134A134BD31A9C
:10B8E000DB081B0443F003000C4B1A680A4B1B686F
:10B8F0000F490DF09AFD0C4A0C4BD31ADB081B04C0
:10B9000043F00300074B1A68054B1B6809490DF00B
:10B910008CFD00BF08BD00BF0C5400201454002053
:10B920001054002018540020A4B403007CB4030079
:10B9300064C1030098C1030000B583B00190019B6E
:10B940001B68184600F072F80346002B04D10B491F
:10B950004FF4F67000F0D6F9019B1B681F2B02D83C
:10B960004FF0A04306E0019B1B6803F01F02019B00
:10B970001A60034B184603B000BD00BFD4C10300DA
:10B980000003005000B585B00190084611461A46E4
:10B9900003468DF803300B468DF8023013468DF8C0
:10B9A000013001AB1846FFF7C7FF03909DF8032055
:10B9B0009DF802305B001A439DF801309B001A434A
:10B9C0009DF818301B0242EA03019DF81C301B044D
:10B9D000019A1943039B02F5E07243F8221000BF5D
:10B9E00005B000BD00B585B003900B468DF80B3057
:10B9F0009DF80B30002201920022009200220021CB
:10BA00000398FFF7BFFF00BF05B000BD00B585B0CC
:10BA100003900023019300230093002301220021BF
:10BA20000398FFF7AFFF00BF05B000BD84B00190E1
:10BA3000019B5B09029300230393029B002B03D01D
:10BA4000029B012B04D007E04FF0FF33039303E088
:10BA50004FF6FF73039300BF019B03F01F03019395
:10BA6000039A019B22FA03F303F00103DBB21846A9
:10BA700004B0704700B587B003900B46ADF80A30AC
:10BA8000BDF80A3000220092039A6A21114809F099
:10BA9000E3FA0590059B002B18D00F4A0F4BD31AE1
:10BAA000DB081B0443F00100039B1B781A46BDF81A
:10BAB0000A30012B03D9039B01331B7800E00023DC
:10BAC00000931346059A06490DF0C2FC00BF07B06B
:10BAD00000BD00BFCCC10300A4B403007CB40300CC
:10BAE00004C2030000B587B0059003921A460B46C6
:10BAF000ADF812301346ADF81030BDF81230012207
:10BB00000092059A6A210A4809F0A6FABDF8103099
:10BB1000002B09D0039B002B06D0BDF81030039AF0
:10BB20006A21034809F0BFFA00BF07B000BD00BF9B
:10BB3000CCC1030008B5074808F050FF054808F0DD
:10BB4000DFFE0520FFF762FF0420FFF75FFF00BF65
:10BB500008BD00BFCCC1030010B586B0032105208D
:10BB6000FFF740FF03210420FFF73CFF0D4B6C461D
:10BB70000FCB84E80F006946002300220A4808F032
:10BB800017FE0590059B0493049B002B04D0074AE5
:10BB90004F21049809F09EFB034808F0F7FE00BF10
:10BBA00006B010BD7CC20300CCC103002CC2030050
:10BBB00000B587B0039001921A460B468DF80B3002
:10BBC0001346ADF8083000230593BDF808300DF199
:10BBD0000B00019A0121FFF785FF059B184607B06E
:10BBE00000BD82B001900091019B002B06D0009B0C
:10BBF000002B03D0009B1A78019B1A7000BF02B083
:10BC0000704700B587B0019000910023ADF8103067
:10BC100000238DF80C300023059304AA02231B2176
:10BC20000198FFF7C5FF0590059B002B01D0059BF0
:10BC300041E004AB5A1C03AB11461846FFF7D1FF95
:10BC40009DF80C30C3F30013D9B2009A537861F316
:10BC5000410353709DF80C30C3F38013D9B2009A9E
:10BC6000537861F3C30353709DF80C30C3F3401352
:10BC7000D9B2009A537861F3820353709DF80C3067
:10BC8000C3F3C013D9B2009A537861F3041353700D
:10BC90009DF810301AB29DF811301BB21B021BB276
:10BCA00013431BB2C3F3080399B2009A138861F3DC
:10BCB00008031380059B184607B000BD76DF704768
:10BCC00000BF18467ADF704700BF18467FDF704715
:10BCD00000BF184688DF704700BF184689DF7047ED
:10BCE00000BF18468EDF704700BF18468FDF7047D1
:10BCF00000BF1846B1DF704700BF18463FDF7047EE
:10BD000000BF184600B583B003460091ADF8063079
:10BD1000BDF80630009A1946024809F0DBFA00BF68
:10BD200003B000BDEFBEADDE00B585B06B460822A6
:10BD3000002118460FF088FA5023ADF80030A023F8
:10BD4000ADF802300423ADF804304FF41673ADF8AB
:10BD500006306B461846FFF7B5FF0390039B02932E
:10BD6000029B002B04D0044AC621029809F0B2FAC3
:10BD700000BF05B000BD00BFBCC2030000B585B068
:10BD80000190019B1B78002B10D10A4B1B883B2193
:10BD90001846FFF793FF0390039B0293029B002B2F
:10BDA00004D0054AE921029809F094FA00BF05B0D1
:10BDB00000BD00BF1C540020BCC2030000B583B00E
:10BDC0000190044AF421019809F084FA00BF03B0FD
:10BDD00000BD00BFBCC2030000B58BB001AB1C228C
:10BDE000002118460FF030FA002301934FF4A033DE
:10BDF00002934FF4F023039303238DF810300023B4
:10BE0000ADF8123000238DF814300B4B06930B4B1A
:10BE1000079301AB184603F0FDF80990099B0893BE
:10BE2000089B002B05D0064A40F20B11089809F038
:10BE300051FA00BF0BB000BD7DBD0200BDBD0200C8
:10BE4000BCC2030000B58DB00190009100238DF8B5
:10BE50002F30019B1B88562B00F0D080562B00F30F
:10BE6000E080522B00F0A380522B00F3DA803B2BB2
:10BE700000F0B1803B2B00F3D480212B69D0212B23
:10BE800000F3CF80132B7ED0132B00F3CA80102B2E
:10BE900002D0112B33D0C4E0FCF780FE019B9A88BE
:10BEA000674B1A80674B1B78022B02D0032B0BD0F9
:10BEB00018E0654B9B68624A1288114601989847C2
:10BEC000624B00221A700DE05F4B1B685C4A1288BF
:10BED0001146019898475D4B01221A70019B083367
:10BEE000039300BF01215A4800F0CAFA0022002142
:10BEF000002000F06FFB574B04221A709CE0564A5A
:10BF0000564BD31ADB081B0443F00300019B1B7A3A
:10BF10001A4653490DF079FA019B9B88ADF812300F
:10BF2000474B1B884FF6FF72934204D0444B1B884B
:10BF30001846FFF7D3FE00F0C9FB012000F0A4FB78
:10BF40000021002000F09CFA3D4B4FF6FF721A8052
:10BF500072E000238DF8083000238DF80930019B32
:10BF60009B8802AA11461846FFF7C0FE0A900A9B5A
:10BF70000693069B002B56D03A4A4FF4A8710698B8
:10BF800009F0A8F94FE02E4B1888002300228521E4
:10BF9000FFF79CFE0A900A9B0593059B002B44D05B
:10BFA000304A4FF4AB71059809F094F93DE0244B09
:10BFB0001888002300220021FFF79CFE0A900A9BAC
:10BFC0000893089B002B32D0264A4FF4AE71089894
:10BFD00009F080F92BE0019B9B8813211846FFF79D
:10BFE0006DFE0A900A9B0793079B002B21D01D4AE8
:10BFF00040F26311079809F06DF91AE0019B9B88E4
:10C0000013211846FFF75AFE0A900A9B0993099BD1
:10C01000002B10D0134A4FF4B571099809F05AF962
:10C0200009E000BF08E000BF06E000BF04E000BF79
:10C0300002E000BF00E000BF00BF0DB000BD00BFC8
:10C040001C540020F35E0020E05E0020805400209D
:10C05000A0BB0D00F25E0020A4B403007CB403007A
:10C0600008C30300BCC2030000B587B00EF070F92E
:10C070000590059B0493049B002B05D0154A40F2C4
:10C080007D11049809F026F90023019301AB1946AC
:10C0900001200EF06FFA0590059B0393039B002B84
:10C0A00005D00C4A40F28311039809F013F901AB53
:10C0B00018460EF07DFB0590059B0293029B002B1A
:10C0C00005D0044A4FF4C371029809F003F900BF88
:10C0D00007B000BDBCC2030000B583B00190009161
:10C0E000009B5A88104B1B889A421AD1009B1B88D0
:10C0F00040F67722934214D1009B9B88033B9AB26F
:10C100000A4B1A800A4A0B4BD31ADB081B0443F074
:10C110000300064B1B881A46044B1B8806490DF08A
:10C1200084F900BF03B000BD1C5400201E54002041
:10C13000A4B403007CB4030018C3030000B585B0A9
:10C140001149124804F071FD0390039B0293029B76
:10C15000002B05D00E4A40F2A111029809F0BAF85E
:10C16000F7210A4804F08BFD0390039B0193019B88
:10C17000002B05D0064A4FF4D271019809F0AAF8B5
:10C1800000BF05B000BD00BFD9C00200C45E0020E2
:10C19000BCC2030000B583B04FF4804100200CF016
:10C1A0005DFE0190019B0093009B002B05D0054A8A
:10C1B00040F2AD11009809F08DF80CF0E7FD00BFDA
:10C1C00003B000BDBCC2030000B583B00CF0D6F8CC
:10C1D0000190019B0093009B002B05D0044A40F284
:10C1E000B911009809F076F800BF03B000BD00BF98
:10C1F000BCC2030008B50DF083F9034683F00103C8
:10C20000DBB2002B01D00CF0CFF800BF08BD00005E
:10C21000064B1B78032B03D0044B1B78042B01D156
:10C22000012300E00023DBB218467047F25E0020D5
:10C2300000B585B00190FCF7FFF80390304B1A78F9
:10C24000304B1A702F4B1B78042B48D0042B53DC37
:10C25000032B34D0032B4FDC022B1ED0022B4BDCE4
:10C26000002B02D0012B10D046E00020FCF7F0FCA0
:10C2700000210120FDF7EAFCFBF7D0FF42F210722B
:10C280000121012000F0A6F936E000F0F1F9642266
:10C290000121022000F09EF92EE0FBF70FFF03467C
:10C2A000002B05D064220121032000F093F923E044
:10C2B00040F6B8320121032000F08CF91CE000F0B8
:10C2C000D7F90120FCF7C4FC00210020FDF7BEFCDB
:10C2D00042F210720121042000F07CF90CE0FDF71D
:10C2E00027FBFCF7D1FCFCF729FC42F2107201217C
:10C2F000002000F06FF900BF00BF05B000BD00BF17
:10C30000F15E0020F35E002000B585B00190114A77
:10C31000114BD31ADB081B0443F003030F491846E3
:10C320000DF066F80E4B1B884FF6FF72934204D057
:10C3300000F080FA03468DF80F309DF90F30194652
:10C340000020FBF7DFF90121064800F099F800BF53
:10C3500005B000BDA4B403007CB4030060C30300B7
:10C360001C540020A0BB0D0000B583B00190234BEE
:10C370001B78062B3AD0062B3ADC052B2DD0052B4B
:10C3800036DC042B1CD0042B32DC022B0FD0022B0A
:10C390002EDC002B2ED0012B00D029E064220121BD
:10C3A000002000F017F9154B03221A7023E06422D5
:10C3B0000121032000F00EF9104B03221A701AE03D
:10C3C000FDF7B6FA0E4B1B88002200211846FFF736
:10C3D00081FC0A4B05221A700DE000210120FDF7B7
:10C3E00035FC00F08FF9054B06221A7000BF02E001
:10C3F00000BF00E000BF00BF03B000BDF25E002040
:10C400001C54002000B585B001900B46ADF80230F9
:10C4100006230393144B1B78002B0BD0012B13D155
:10C42000124B5B68124A1288BDF8021001989847B7
:10C43000039009E00D4BDB680D4A1288BDF802102D
:10C4400001989847039000BF0A4A0B4BD31ADB08A8
:10C450001B0443F00303039A084918460CF0D5FF68
:10C46000039B184605B000BD80540020E05E00200C
:10C470001C540020A4B403007CB4030088C3030050
:10C48000F0B587B001900B468DF80330019B002278
:10C490001C4615464FF000024FF00003EB0343EA41
:10C4A0005443E20312F57A7643F100074FF4FA623F
:10C4B0004FF00003304639460EF086FA02460B462E
:10C4C00013460593134B184609F076FB9DF803308D
:10C4D000002B1CD00F4B00220599184609F014FBC5
:10C4E0000490049B0393039B002B05D00A4A40F25F
:10C4F0009721039808F0EEFE084A094BD31ADB088F
:10C500001B0443F00303074918460CF071FF00BFFA
:10C5100007B0F0BD40540020BCC20300A4B4030027
:10C520007CB403009CC3030000B587B009F076FA21
:10C530000590059B0493049B002B05D01E4A40F2F6
:10C540009F21049808F0C6FE1C4A01211C4809F0EE
:10C55000A1FA0590059B0393039B002B05D0164A77
:10C5600040F2A521039808F0B5FE164A00211648AE
:10C5700009F090FA0590059B0293029B002B05D0D1
:10C580000D4A40F2A921029808F0A4FE0F4A0121A9
:10C590000F4809F07FFA0590059B0193019B002B42
:10C5A00005D0054A40F2AF21019808F093FEFBF751
:10C5B00007FA00BF07B000BDBCC2030069C3020098
:10C5C00040C5030031C2020048C5030009C3020090
:10C5D00044C50300F0B585B003468DF807300B461F
:10C5E0008DF806301346ADF80430BDF80430002253
:10C5F0001C4615464FF000024FF00003EB0343EAE0
:10C600005443E20312F57A7643F100074FF4FA62DD
:10C610004FF00003304639460EF0D6F902460B467D
:10C62000134603930F4A9DF8073013709DF80630A8
:10C63000002B0AD00C4B184609F0BEFA0A4B002218
:10C640000399184609F060FA08E0FCF71DFB074B58
:10C6500000221A70044B184609F0AEFA00BF05B06C
:10C66000F0BD00BFF15E002060540020F05E0020AD
:10C6700008B5FDF75DF9FBF7A3FDFDF723F9FBF71F
:10C68000E7FC00BF08BD000000B583B003468DF88D
:10C690000730FFF7EDFF9DF80730012B02D0022B8A
:10C6A00004D007E0084B01221A7009E0064B022271
:10C6B0001A7005E0002200210020FFF78BFF00BF69
:10C6C00000BF03B000BD00BFF25E002000B583B024
:10C6D0000A4B002240F26661184609F015FA0190F3
:10C6E000019B0093009B002B05D0054A4FF43B7142
:10C6F000009808F0EFFD00BF03B000BD20540020FB
:10C70000BCC2030008B5034B184609F055FA00BF38
:10C7100008BD00BF2054002008B5FFF7F3FFFCF769
:10C72000FBFC084A084BD31ADB081B0443F0030345
:10C73000064918460CF05CFE054B06221A7000BF35
:10C7400008BD00BFA4B403007CB40300B8C3030059
:10C75000F25E002000B585B003468DF807309DF8E5
:10C760000730032B2ED0032B43DC022B1ED0022BD1
:10C770003FDC002B02D0012B0CD03AE0254A264B9F
:10C78000D31ADB081B0443F00303244918460CF0BA
:10C790002FFE3BE01F4A204BD31ADB081B0443F05B
:10C7A00003031F4918460CF023FE2FE0194A1A4BC9
:10C7B000D31ADB081B0443F003031A4918460CF094
:10C7C00017FE23E0134A144BD31ADB081B0443F073
:10C7D0000303154918460CF00BFE00230393039B3B
:10C7E000002B12D0114A40F21B31039808F072FD61
:10C7F0000BE0084A084BD31ADB081B0443F0030381
:10C800000B4918460CF0F4FD00E000BF00BF05B076
:10C8100000BD00BFA4B403007CB40300C8C3030080
:10C82000F8C303001CC4030058C40300BCC20300C7
:10C8300088C4030000B583B000238DF803300023C3
:10C840008DF80230164B1B880DF102020DF1030129
:10C850001846FFF747FA0190019B002B1AD0019B65
:10C86000052B0BD10F4A104BD31ADB081B0443F0E6
:10C8700002030E4918460CF0BBFD0BE0094A0A4BB7
:10C88000D31ADB081B0443F00103019A0849184638
:10C890000CF0BBFD9DF90330184603B000BD00BF8E
:10C8A0001C540020A4B403007CB40300B0C40300F3
:10C8B000E0C4030008B5FFF787FCFFF735FAFFF780
:10C8C0003DFC1148FDF74AFAFFF786FA0F4A104B74
:10C8D000D31ADB081B0443F003030E4918460CF07F
:10C8E00087FD0A4A0A4BD31ADB081B0443F00303F3
:10C8F000094918460CF07CFD0348FBF7E5FC0120D4
:10C90000FFF7FCF900BF08BDE05E0020A4B40300FF
:10C910007CB4030004C5030014C5030000B585B052
:10C9200000F09AFA0390039B002B05D01B4A40F2BB
:10C930005E31039808F0CEFC00230093184B00935F
:10C940006B46184600F09EF90290029B0193019BF2
:10C95000002B05D0114A40F26631019808F0BAFC6C
:10C96000FFF718FCFFF7E0FDFFF77EFBFCF770FC1C
:10C97000FAF736FEFBF776FFFDF7C8FDFEF73EFD42
:10C98000FFF798FFFFF7A2FE0120FFF77DFEFBF700
:10C9900067FEFEF733FDFFF72DFCF8E7BCC203008E
:10C9A00055C70200ADDF704700BF1846AEDF7047C5
:10C9B00000BF1846B0DF704700BF18463CDF704725
:10C9C00000BF18463DDF704700BF184682B00346DF
:10C9D0008DF8073000BF02B07047000000B58BB083
:10C9E000019005AB1022002118460EF02DFC022309
:10C9F0008DF814300223ADF808300023ADF80A306A
:10CA000004AB03931B4B9B881A4A518902AA184610
:10CA1000FFF7C8FF0990099B002B10D104AB184603
:10CA200003F080FD0346002B09D09DF81A3043F037
:10CA300001038DF81A300023ADF8183003E040F2FE
:10CA4000FD13ADF818300B4B9B8805AA114618460C
:10CA5000FFF7B0FF0990099B112BF4D0BDF81830F7
:10CA6000002B03D1019800F057FA00E000BF0BB093
:10CA700000BD00BFF45E002000B585B00190019BB1
:10CA80009A88134B9B889A421ED1019B06330393CD
:10CA9000039B1B78022B18D1039B5A880C4BDB8815
:10CAA0009A4212D1039B1B7A042B0ED0039B1B7A54
:10CAB000062B0AD0039B1B7A052B06D0039B02335F
:10CAC0001846FFF78BFF00E000BF05B000BD00BFB8
:10CAD000F45E002082B00190019B9A88024B9A80FC
:10CAE00000BF02B0704700BFF45E002082B001902A
:10CAF000064B9A88019B9B889A4204D1034B4FF6C0
:10CB0000FF729A8000E000BF02B07047F45E002020
:10CB100000B585B00190019B06330393039B1A88EF
:10CB20000A4BDB889A420DD1084B1B7E002B09D0A3
:10CB300000F060FA0290029B002B03D0034B5B696C
:10CB40000220984700BF05B000BD00BFF45E002082
:10CB500000B583B001900091019B002B1FD0019B79
:10CB60001B88532B16D0532B18DC512B0ED0512B76
:10CB700014DC102B02D0112B04D00FE00198FFF72A
:10CB8000A9FF0CE00198FFF7B1FF08E00198FFF75B
:10CB900073FF04E00198FFF7BBFF00E000BF03B0A4
:10CBA00000BD000000B58BB003460A468DF8073083
:10CBB00013468DF806300323ADF8223003AB102264
:10CBC000002118460EF040FBBDF82230ADF82030B1
:10CBD00020238DF81C309DF807308DF81D309DF80E
:10CBE00006308DF81E30124BDB88ADF80C30022376
:10CBF0008DF80E300023ADF8103008AB059307AB6D
:10CC000006930B4B9B8803AA11461846FFF7CEFEEE
:10CC10000990099B002B07D1BDF82030BDF82220D8
:10CC20009A4201D00C230993099B18460BB000BD12
:10CC3000F45E002000B585B04FF0FF310020FFF713
:10CC4000C1FE0390039B0293029B002B01D0029B29
:10CC500013E0B1210020FFF7B1FE0390039B019385
:10CC6000019B002B01D0019B07E0054B5B69012074
:10CC7000984702200BF004FC0023184605B000BDC5
:10CC8000F45E002010B58AB00190154B03AC0FCBB9
:10CC900084E80F00019B002B01D10E231DE0114BF6
:10CCA0004FF6FF729A80019B1B680E4A53610D4B31
:10CCB00000221A760B4B5B69002B02D1094B0A4A02
:10CCC0005A61084800F0B8F80990099B0893089B3E
:10CCD000002B01D0089B00E0002318460AB010BDCD
:10CCE0004CC50300F45E0020CDC902004FF0030CD8
:10CCF00000DF704700BF184600B583B0019001986F
:10CD0000FFF7F4FF0346184603B000BD08B503481B
:10CD1000FFF7F2FF0346184608BD00BF105F002072
:10CD200000B583B00190044B1B68044901989847F3
:10CD30000346184603B000BD105F0020185F0020B6
:10CD400000B583B00190044B5B6804490198984793
:10CD50000346184603B000BD105F0020185F002096
:10CD6000064B1B68002B05D0044B5B68002B01D0E1
:10CD7000012300E000231846704700BF105F002029
:10CD800000B585B00190124B1B685B7E002B01D073
:10CD900006231AE00198FFF7C3FF0390039B002BC3
:10CDA00004D10B4B1B6801225A760DE0039B0F2B1D
:10CDB0000AD1084A084BD31ADB081B0443F00103CD
:10CDC000064918460CF014FB039B184605B000BD3D
:10CDD0001C5F0020A4B403007CB403005CC5030006
:10CDE00000B583B0134B1B685B7E002B0ED0062171
:10CDF0000120FFF7D7FE0190019B002B04D00D4BC3
:10CE00001B685B6903209847002310E0094B1B68EF
:10CE100001221A7601210120FFF7C4FE0190019B37
:10CE2000002B03D0034B1B6800221A76019B184687
:10CE300003B000BD1C5F002082B00190019B002B5D
:10CE400001D10E2303E0034A019B1360002318461F
:10CE500002B070471C5F002000B585B000F0DEF81E
:10CE60000390039B0293029B002B01D0029B0DE0D9
:10CE7000FFF74CFF0390039B0193019B002B01D014
:10CE8000019B03E000F01CF90390039B184605B0DA
:10CE900000BD000000B585B001900091FFF760FF74
:10CEA0000346002B32D00198FFF74AFF0390039B03
:10CEB000082B2CD0039B002B11D1164B1B68002292
:10CEC0005A7601210220FFF76DFE0390039B002B91
:10CED0001DD0104B1B685B690320984717E00D4B72
:10CEE0001B6800225A7606210220FFF75BFE0390A2
:10CEF000039B002B04D0074B1B685B6903209847FA
:10CF0000044B1B685B690220984700E000BF05B036
:10CF100000BD00BF1C5F002000B585B00190042358
:10CF20008DF80F30019B1B7B012B02D0022B11D0FF
:10CF300035E0FFF755FF0290029B002B03D1012340
:10CF40008DF80F302FE0029B112B2CD106238DF88A
:10CF50000F3028E0019B5B7B142B03D8019B5B7B8C
:10CF6000002B03D105238DF80F301EE0019B03F148
:10CF70000E01019B5B7B1A461B480EF033F9019BA7
:10CF80005B7B1A46194B9A611848FFF7F9FE02902D
:10CF9000029B002B09D101238DF80F3005E00223FD
:10CFA0008DF80F3002E000BF00E000BF9DF80F30A9
:10CFB000012B15D0019B1B7B9DF80F2011461846B5
:10CFC000FFF7F0FD0290029B002B04D0084B1B687A
:10CFD0005B6903209847064B1B685B6902209847F2
:10CFE00000BF05B000BD00BF245F0020205F00200F
:10CFF0001C5F002000B583B0054B1B685B690020F7
:10D000009847FFF717FE0190019B184603B000BD3B
:10D010001C5F002013DF704700BF184600B583B0C7
:10D0200040F6F8731B68B3F1FF3F03D11E4B1B683A
:10D03000019303E040F6F8731B680193019BB3F181
:10D04000FF3F21D0194A1A4BD31ADB081B0443F0C7
:10D050000303019A174918460CF0D7F90198FFF716
:10D06000D9FF0090009B002B0CD0104A104BD31A14
:10D07000DB081B0443F001030F4918460CF0B8F914
:10D08000009B0DE000230BE0084A094BD31ADB0894
:10D090001B0443F00103094918460CF0A9F90423C5
:10D0A000184603B000BD00BF14100010A4B4030064
:10D0B0007CB403002CC6030058C603008CC60300D2
:10D0C00000B583B0124A134BD31ADB081B0443F09C
:10D0D0000303114A114918460CF097F90E4B1846F4
:10D0E000FFF798FF0190019B002B0CD0084A094BD9
:10D0F000D31ADB081B0443F00103094918460CF05E
:10D1000077F9019B00E00023184603B000BD00BF83
:10D11000A4B403007CB4030000700200A4C60300A2
:10D1200058C60300BFF34F8F00BF064BDB6803F404
:10D13000E0620449044B1343CB60BFF34F8F00BF41
:10D1400000BFFDE700ED00E00400FA0582B01D4BD2
:10D150001B6801931C4B1B680093019B082B2CD16F
:10D16000009B052B25D0009B052B24D8009B042B6E
:10D170001DD0009B042B1ED8009B032B15D0009BB9
:10D18000032B18D8009B022B0DD0009B022B12D82A
:10D19000009B002B03D0009B012B02D00BE001234E
:10D1A0000CE001230AE0012308E0012306E001234B
:10D1B00004E0012302E0012300E00023184602B04E
:10D1C000704700BF300100103401001082B01D4BC9
:10D1D0001B6801931C4B1B680093019B082B2CD1EF
:10D1E000009B052B25D0009B052B24D8009B042BEE
:10D1F0001DD0009B042B1ED8009B032B15D0009B39
:10D20000032B18D8009B022B0DD0009B022B12D8A9
:10D21000009B002B03D0009B012B02D00BE00123CD
:10D220000CE001230AE0012308E0012306E00123CA
:10D2300004E0012302E0012300E00023184602B0CD
:10D24000704700BF300100103401001082B01D4B48
:10D250001B6801931C4B1B680093019B082B2CD16E
:10D26000009B052B25D0009B052B24D8009B042B6D
:10D270001DD0009B042B1ED8009B032B15D0009BB8
:10D28000032B18D8009B022B0DD0009B022B12D829
:10D29000009B002B03D0009B012B02D00BE001234D
:10D2A0000CE000230AE0002308E0002306E000234E
:10D2B00004E0002302E0002300E00023184602B04F
:10D2C000704700BF300100103401001082B01D4BC8
:10D2D0001B6801931C4B1B680093019B082B2CD1EE
:10D2E000009B052B25D0009B052B24D8009B042BED
:10D2F0001DD0009B042B1ED8009B032B15D0009B38
:10D30000032B18D8009B022B0DD0009B022B12D8A8
:10D31000009B002B03D0009B012B02D00BE00123CC
:10D320000CE000230AE0002308E0002306E00023CD
:10D3300004E0002302E0002300E00023184602B0CE
:10D34000704700BF300100103401001082B01D4B47
:10D350001B6801931C4B1B680093019B082B2CD16D
:10D36000009B052B25D0009B052B24D8009B042B6C
:10D370001DD0009B042B1ED8009B032B15D0009BB7
:10D38000032B18D8009B022B0DD0009B022B12D828
:10D39000009B002B03D0009B012B02D00BE001234C
:10D3A0000CE000230AE0002308E0002306E000234D
:10D3B00004E0002302E0002300E00023184602B04E
:10D3C000704700BF300100103401001082B01D4BC7
:10D3D0001B6801931C4B1B680093019B082B2CD1ED
:10D3E000009B052B25D0009B052B24D8009B042BEC
:10D3F0001DD0009B042B1ED8009B032B15D0009B37
:10D40000032B18D8009B022B0DD0009B022B12D8A7
:10D41000009B002B03D0009B012B02D00BE00123CB
:10D420000CE000230AE0002308E0002306E00023CC
:10D4300004E0002302E0002300E00023184602B0CD
:10D44000704700BF300100103401001082B01D4B46
:10D450001B6801931C4B1B680093019B082B2CD16C
:10D46000009B052B25D0009B052B24D8009B042B6B
:10D470001DD0009B042B1ED8009B032B15D0009BB6
:10D48000032B18D8009B022B0DD0009B022B12D827
:10D49000009B002B03D0009B012B02D00BE001234B
:10D4A0000CE001230AE0012308E0012306E0012348
:10D4B00004E0012302E0012300E00023184602B04B
:10D4C000704700BF300100103401001082B01D4BC6
:10D4D0001B6801931C4B1B680093019B082B2CD1EC
:10D4E000009B052B25D0009B052B24D8009B042BEB
:10D4F0001DD0009B042B1ED8009B032B15D0009B36
:10D50000032B18D8009B022B0DD0009B022B12D8A6
:10D51000009B002B03D0009B012B02D00BE00023CB
:10D520000CE000230AE0002308E0002306E00123CA
:10D5300004E0012302E0012300E00023184602B0CA
:10D54000704700BF300100103401001008B5FFF72C
:10D55000BDFF0346002B07D04FF010234FF0804251
:10D56000D3F80832C2F8583500BF08BD00BF044BDD
:10D57000D3F80034002BFAD000BF00BF704700BFC3
:10D5800000E0014000B583B00190044A019BC2F85D
:10D590000435FFF7EBFF00BF03B000BD00E0014022
:10D5A000024B034A1A6000BF704700BF845400203A
:10D5B0000090D00308B5FFF7C9FD0346002B0ED03D
:10D5C0004FF080430022C3F80C214FF0804300222B
:10D5D000C3F810214FF080430022C3F83825FFF72D
:10D5E000F5FD0346002B76D04FF08053734AD3F8F5
:10D5F0000434C2F820354FF08053704AD3F8083411
:10D60000C2F824354FF080536C4AD3F80C34C2F87A
:10D6100028354FF08053694AD3F81034C2F82C35BE
:10D620004FF08053654AD3F81434C2F830354FF0C8
:10D630008053624AD3F81834C2F834354FF080531F
:10D640005E4AD3F81C34C2F840354FF080535B4A31
:10D65000D3F82034C2F844354FF08053574AD3F8FA
:10D660002434C2F848354FF08053544AD3F8283454
:10D67000C2F84C354FF08053504AD3F82C34C2F8DE
:10D6800050354FF080534D4AD3F83034C2F85435FA
:10D690004FF08053494AD3F83434C2F860354FF024
:10D6A0008053464AD3F83834C2F864354FF080537B
:10D6B000424AD3F83C34C2F868354FF080533F4AB1
:10D6C000D3F84034C2F86C354FF080533B4AD3F85E
:10D6D0004434C2F87035FFF7B9FD0346002B02D081
:10D6E000374B384A1A60FFF7F1FD0346002B03D091
:10D6F000354BFB22C3F81825FFF728FE0346002B05
:10D700000AD0324B1B6823F00F02314B1B6803F029
:10D710000F032E4913430B60FFF758FE0346002BFF
:10D7200003D02C4B4FF400721A60FFF78FFE0346B4
:10D73000002B0DD04FF08043D3F8003403F00103E9
:10D74000002B05D04FF080436FF00102C3F8002496
:10D75000214BD3F88830204A43F47003C2F8883054
:10D76000BFF34F8F00BFBFF36F8F00BFFFF7EEFE19
:10D770004FF01023D3F80032002B05DB4FF01023BD
:10D78000D3F80432002B15DA0120FFF7FBFE4FF02F
:10D7900010231222C3F80022FFF7E8FE4FF01023F7
:10D7A0001222C3F80422FFF7E1FE0020FFF7EAFE91
:10D7B000FFF7B8FCFFF7F4FE00BF08BD00C0004053
:10D7C0008C5600404881030000F00040E40E004009
:10D7D000580200104096024000ED00E06DDF7047F7
:10D7E00000BF184679DF704700BF18467DDF7047DD
:10D7F00000BF184664DF704700BF184682B003467A
:10D800000091ADF80630BDF80630DAB2009B1A7010
:10D81000BDF806301B0A9AB2009B0133D2B21A70CF
:10D820000223184602B0704700B589B003900291F8
:10D830001346ADF80630029B1B8803F10902BDF8C0
:10D8400006309A4201D90C2353E004AB1846FFF787
:10D85000C5FF0790079B0693069B002B01D0069BF4
:10D8600047E0029B1B881A46039B134408221A7048
:10D87000029B1B8801339AB2029B1A80029B1B8871
:10D880001A46039B13441B221A70029B1B88013308
:10D890009AB2029B1A80029B1B881A46039B981817
:10D8A00004AB0133062219460DF09CFC029B1B8839
:10D8B00006339AB2029B1A809DF8103023F00103C0
:10D8C000DBB2002B07D1029B1B881A46039B134433
:10D8D00000221A7006E0029B1B881A46039B134421
:10D8E00001221A70029B1B8801339AB2029B1A8094
:10D8F0000023184609B000BD00B589B0039002911D
:10D900000192ADF80230039B1B78012B05D1039BDC
:10D910005B78002B01D1072391E0019B1B889A1CA7
:10D92000BDF802309A420ED8039B1B78012B0CD114
:10D93000019B1B881A46039B5B7813449A1CBDF815
:10D9400002309A4201D90C2379E0019B1B88BDF873
:10D950000220D31A9BB2023BADF81C30BDF81C303C
:10D96000ADF81230019B1B880233029A13440DF16B
:10D97000120211461846FFF739FF0690069B0593E1
:10D98000059B002B01D0059B59E0039B1B78022BC4
:10D9900006D0039B5B781A46BDF812309A4209D331
:10D9A000BDF81230BDF81C209A4203D309238DF82C
:10D9B0001F3016E008238DF81F30039B1B78012BC6
:10D9C0000BD1039B5B781A46BDF81C30934204D3FD
:10D9D000039B5B78ADF8123003E0BDF81C30ADF866
:10D9E0001230BDF81230FE2B01D90C2327E0BDF810
:10D9F0001230DAB2019B1B881946029B0B4401329C
:10DA0000D2B21A70019B1B8801339AB2019B1A8013
:10DA1000019B1B881A46029B13449DF81F201A7015
:10DA2000019B1B8801339AB2019B1A80019B1A88C3
:10DA3000BDF8123013449AB2019B1A800023184695
:10DA400009B000BD00B589B0039002911346ADF84E
:10DA50000630029B1B881A1DBDF806309A4201D978
:10DA60000C233AE00DF116031846FFF7BBFE0790B2
:10DA7000079B0693069B002B01D0069B2DE0029B83
:10DA80001B881A46039B134403221A70029B1B88AF
:10DA900001339AB2029B1A80029B1B881A46039B91
:10DAA000134419221A70029B1B8801339AB2029BFD
:10DAB0001A80BDF81620029B1B881946039B0B4455
:10DAC00019461046FFF79AFE03461A46029B1B882A
:10DAD00013449AB2029B1A800023184609B000BD75
:10DAE00084B0029101921A4603468DF80F30134616
:10DAF000ADF80C30019B1B88DA1CBDF80C309A4243
:10DB000001D90C2328E0019B1B881A46029B134471
:10DB100002221A70019B1B8801339AB2019B1A8062
:10DB2000019B1B881A46029B134401221A70019B19
:10DB30001B8801339AB2019B1A80019B1B881A46ED
:10DB4000029B13449DF80F201A70019B1B88013320
:10DB50009AB2019B1A800023184604B0704784B023
:10DB6000029101921A4603468DF80F301346ADF824
:10DB70000C30019B1B88DA1CBDF80C309A4201D98D
:10DB80000C2328E0019B1B881A46029B13440222A7
:10DB90001A70019B1B8801339AB2019B1A80019B6A
:10DBA0001B881A46029B13440A221A70019B1B8889
:10DBB00001339AB2019B1A80019B1B881A46029B73
:10DBC00013449DF80F201A70019B1B8801339AB2F1
:10DBD000019B1A800023184604B0704700B58DB031
:10DBE000039001930B468DF80B3013468DF80A30E5
:10DBF00000238DF82B300E9B1B88ADF828300023B6
:10DC00000B9372E0039B5A680B9B9B001A4404AB76
:10DC1000106818600DF1170104AB00221846FFF7D9
:10DC2000E9FD0890089B0793079B002B01D0079BF9
:10DC30007DE09DF817309DF80A209A4252D19DF858
:10DC40002B30002B03D000238DF82A3002E0022372
:10DC50008DF82A300E9B1B881A469DF817301A44FF
:10DC60009DF82A301A44BDF83C309A4201DD0C235D
:10DC70005DE09DF82B3083F00103DBB2002B16D062
:10DC80000E9B1B8801339AB20E9B1A800E9B1B8839
:10DC90001A46019B13449DF80B201A700E9B1B889B
:10DCA00001339AB20E9B1A8001238DF82B300E9B04
:10DCB0001B881A46019B1A440DF1170104AB184644
:10DCC000FFF798FD0890089B0693069B002B01D058
:10DCD000069B2CE00E9B1B889DF8172013449AB2DC
:10DCE0000E9B1A800B9B01330B93039B1B881A46D8
:10DCF0000B9B934286DB9DF82B30002B16D00E9B9E
:10DD00001A88BDF82830D31A9BB2013BADF82630F3
:10DD1000BDF82630FF2B01D90C2308E0BDF82830D0
:10DD2000019A1344BDF82620D2B21A700023184677
:10DD30000DB000BD00B58BB0059003930B468DF878
:10DD4000133013468DF812309DF81310BDF834309F
:10DD500001930C9B0093039B02220598FFF73EFF63
:10DD60000990099B0893089B002B01D0089B14E0A5
:10DD70009DF81210BDF8343001930C9B0093039B67
:10DD800010220598FFF72AFF0990099B0793079B2C
:10DD9000002B01D0079B00E0002318460BB000BD0C
:10DDA00082B00190019B1B88052B0AD9019B1B881F
:10DDB000B3F5486F07D9019B1B884FF6FF7293425A
:10DDC00001D0072325E0019B5B88052B0AD9019B25
:10DDD0005B88B3F5486F07D9019B5B884FF6FF72EC
:10DDE000934201D0072314E0019B1B884FF6FF727A
:10DDF00093420DD0019B5B884FF6FF72934207D090
:10DE0000019B1A88019B5B889A4201D9072300E095
:10DE10000023184602B0704700B587B00390029106
:10DE20000192ADF80230019B1B889A1DBDF80230AB
:10DE30009A4201D90C234BE00398FFF7B1FF0590FC
:10DE4000059B0493049B002B01D0049B40E0019BA5
:10DE50001B881A46029B134405221A70019B1B88DB
:10DE600001339AB2019B1A80019B1B881A46029BC0
:10DE7000134412221A70019B1B8801339AB2019B32
:10DE80001A80039B1A88019B1B881946029B0B442E
:10DE900019461046FFF7B2FC03461A46019B1B8841
:10DEA00013449AB2019B1A80039B5A88019B1B88DA
:10DEB0001946029B0B4419461046FFF79FFC034688
:10DEC0001A46019B1B8813449AB2019B1A800023B7
:10DED000184607B000BD00B587B0039002910192CB
:10DEE000ADF80230039B9B8802330593019B1B888E
:10DEF0001A46059B13449A1CBDF802309A4201D978
:10DF00000C2353E0059BFE2B01D90C234EE0059B0F
:10DF1000DAB2019B1B881946029B0B440132D2B234
:10DF20001A70019B1B8801339AB2019B1A80019BD6
:10DF30001B881A46029B1344FF221A70019B1B8800
:10DF400001339AB2019B1A80039B1A88019B1B889C
:10DF50001946029B0B4419461046FFF74FFC034637
:10DF60001A46019B1B8813449AB2019B1A80039B9B
:10DF70009B88002B19D0039B9B68002B01D10723A2
:10DF800014E0019B1B881A46029B9818039B996812
:10DF9000039B9B881A460DF025F9019B1A88039B69
:10DFA0009B8813449AB2019B1A800023184607B03D
:10DFB00000BD00B589B0039002910192ADF8023026
:10DFC000039B9B6A002B01D1072371E000238DF88E
:10DFD0001F3065E0039B996A9DF81F2013465B0084
:10DFE00013449B000B440693069B9B8802330593C6
:10DFF000059BFE2B01D90C235AE0059BDAB2019B4D
:10E000001B881946029B0B440132D2B21A70019B45
:10E010001B8801339AB2019B1A80019B1B881A4608
:10E02000029B134416221A70019B1B8801339AB27B
:10E03000019B1A80069B1A88019B1B881946029B2C
:10E040000B4419461046FFF7D9FB03461A46019BBD
:10E050001B8813449AB2019B1A80069B9B88002B55
:10E0600019D0069B9B68002B01D1072320E0019B60
:10E070001B881A46029B9818069B9968069B9B88EA
:10E080001A460DF0AFF8019B1A88069B9B88134433
:10E090009AB2019B1A809DF81F3001338DF81F3012
:10E0A000039B93F82C309DF81F209A4292D30023B3
:10E0B000184609B000BD00B595B0059004910392D3
:10E0C00000231393039B1B88ADF84A30039B002267
:10E0D0001A80059B93F82D30002B0ED0BDF84A30E6
:10E0E0001A4603990498FFF79FFB1390139B119313
:10E0F000119B002B01D0119BD8E0059B9B78002B36
:10E100000ED0BDF84A301A4603990498FFF79AFCDE
:10E110001390139B1093109B002B01D0109BC5E014
:10E12000059BDB78002B10D0059BDB7858B2BDF83F
:10E130004A30039A0499FFF7D3FC1390139B0F9373
:10E140000F9B002B01D00F9BB0E0059B5B68002B61
:10E1500011D0059B5B6893F90000BDF84A30039A23
:10E160000499FFF7FCFC1390139B0E930E9B002B5E
:10E1700001D00E9B9AE0059B1B89002B14D0059BB8
:10E1800003F10800BDF84A300193039B0093049B00
:10E1900006220221FFF7CEFD1390139B0D930D9BDA
:10E1A000002B01D00D9B81E0059B1B8A002B14D016
:10E1B000059B03F11000BDF84A300193039B0093C7
:10E1C000049B07220321FFF7B5FD1390139B0C93CB
:10E1D0000C9B002B01D00C9B68E0059B1B8B002B3C
:10E1E00014D0059B03F11800BDF84A300193039B3E
:10E1F0000093049B15221421FFF79CFD1390139BA1
:10E200000B930B9B002B01D00B9B4FE0059B1B6AD4
:10E21000002B0FD0059B186ABDF84A30039A049969
:10E22000FFF7FAFD1390139B0A930A9B002B01D072
:10E230000A9B3BE0059B5B6A002B0FD0059B586A4D
:10E24000BDF84A30039A0499FFF745FE1390139BDB
:10E250000993099B002B01D0099B27E0059B93F8AC
:10E260002C30002B0ED0BDF84A30039A0499059843
:10E27000FFF79FFE1390139B0893089B002B01D080
:10E28000089B13E0059B1B78002B0ED0BDF84A308D
:10E29000039A04990598FFF72FFB1390139B07939C
:10E2A000079B002B01D0079B00E0139B184615B07D
:10E2B00000BD86B0039001921A460B46ADF80A30B5
:10E2C00013468DF80930039B002B02D0019B002BD5
:10E2D00001D100235CE00023ADF816300CE0BDF85E
:10E2E0001630039A13441B781A46BDF816301344AF
:10E2F0009BB20133ADF81630BDF816305A1CBDF88C
:10E300000A309A420FDA019B1B88BDF816209A4208
:10E31000E5D3BDF816300133039A13441B789DF8FA
:10E3200009209A42DBD1BDF81620BDF80A309A4286
:10E3300001D300232CE0BDF816300233ADF81230C3
:10E34000BDF81630039A13441B78002B08D0BDF893
:10E350001630039A13441B78013BADF8143002E0E9
:10E360000023ADF81430BDF81430002B08D0BDF8F0
:10E370001220BDF814301A44BDF80A309A4201DD6B
:10E38000002305E0019BBDF812201A80BDF814306F
:10E39000184606B0704700B585B001900B46ADF841
:10E3A000023013468DF801300023ADF80C309DF893
:10E3B000013003AABDF802100198FFF77AFF034667
:10E3C000ADF80E30BDF80E30002B01D1002304E073
:10E3D000BDF80C301A46019B1344184605B000BD29
:10E3E00072DF704700BF184673DF704700BF1846E2
:10E3F00082B00190019B93F83034184602B0704708
:10E4000084B00190002303930AE0019A039B134414
:10E410001B78002B01D0012306E0039B01330393FB
:10E42000039B052BF1D90023184604B07047000068
:10E4300082B003468DF807309DF807305A1C074B11
:10E4400083FB02135910D317C91A0B469B000B44C8
:10E45000D11ACBB2184602B0704700BF6766666635
:10E4600082B001900091009BDB7B012B04D1009BCB
:10E470009A88019BA3F8242400BF02B0704700B51E
:10E4800085B001900091019B002283F82E24009B0F
:10E490009A88019BB3F824349A4216D1019B1B79C8
:10E4A00083F00103DBB2002B0FD00121019800F0B3
:10E4B000A1FA0390039B002B07D0019B9B6B002BC1
:10E4C00003D0019B9B6B0398984700BF05B000BD2C
:10E4D00000B585B001900091009B1B88262B1ED1B2
:10E4E000009B1B7A012B03D0009B1B7A022B17D1B8
:10E4F000019B9B781846FFF79BFF0346194601983E
:10E5000000F078FA0390039B002B09D0019B9B6BD2
:10E51000002B05D0019B9B6B0398984700E000BF40
:10E5200005B000BD00B585B001900B468DF80330F5
:10E53000019B03F227431846FFF762FF03468DF85D
:10E540000F309DF80330042B2CD0042B30DC032B30
:10E5500022D0032B2CDC012B02D0022B12D027E07F
:10E56000019B9B79002B0DD0019B93F8243083F005
:10E570000103DBB2002B05D09DF80F30002B01D03A
:10E58000012316E0019BDB79002B05D09DF80F30AD
:10E59000002B01D002230CE0019B1B7A002B01D041
:10E5A000032306E0019B5B7A002B01D0042300E0EB
:10E5B0000023184605B000BD82B001900091019B78
:10E5C000012283F83120019B0022C3F82024019B03
:10E5D00003F22642009B5A60009B00229A60009B37
:10E5E00002221A70009B80229A810023184602B0F2
:10E5F000704782B001900091019B022283F8312084
:10E60000019B93F82430002B03D0009B07221A7043
:10E6100002E0009B03221A70019B1B699AB2009BC7
:10E620009A81019B0022C3F82024019B03F2264219
:10E63000009B5A60019BDA68009B9A600023184691
:10E6400002B0704700B583B00190019B5B79002B4D
:10E650000FD0019B93F82E3483F00103DBB2002B23
:10E6600007D00198FFF7C4FE0346002B01D0012319
:10E6700000E0002303F00103DBB2184603B000BD45
:10E6800000B585B001900B468DF80330019BD3F89F
:10E690001004019BB3F8143401221946FFF77BFEE6
:10E6A0000390039B002B03D0039B9DF803201A705B
:10E6B000019B03F15400019B03F58261019B3C33F4
:10E6C0001A46FFF78DFE0346184605B000BD00B59B
:10E6D00085B001900091019B5A69009B9A60019B53
:10E6E0009B699AB2009B9A81019B93F82430002B7E
:10E6F00004D0019B062283F83C2003E0019B012209
:10E7000083F83C200198FFF79DFF0346002B13D0B0
:10E71000009B02221A7504210198FFF7B1FF0390B4
:10E72000039B0293029B002B01D0029B0FE0019BF5
:10E73000052283F8312003E0019B032283F8312076
:10E74000019B03F58262019BC3F820240023184635
:10E7500005B000BD00B585B001900091019BDA695C
:10E76000009B9A60019B1B6A9AB2009B9A81019B55
:10E7700093F82430002B04D0019B062283F83C2020
:10E7800003E0019B012283F83C200198FFF75AFF28
:10E790000346002B13D0009B02221A750421019816
:10E7A000FFF76EFF0390039B0293029B002B01D0A7
:10E7B000029B0FE0019B062283F8312003E0019BBE
:10E7C000042283F83120019B03F58262019BC3F888
:10E7D00020240023184605B000BD82B00190019BA3
:10E7E0009B78002B06D0019B93F82030002B01D0A2
:10E7F000002300E00123184602B0704784B0019066
:10E80000019B93F82430002B03D0EE23ADF80E309B
:10E8100002E01F23ADF80E30BDF80E30184604B0EC
:10E82000704782B001900B468DF80330019B9DF834
:10E83000032083F8302000BF02B0704730B587B0A6
:10E8400001900091009B002B02D0019B002B01D175
:10E850000E23B8E0009B78331846FFF7BEFF03464F
:10E8600083F00103DBB2002B01D00723ABE0019B57
:10E8700000229A70019A009B141D03F178050FCDB8
:10E880000FC40FCD0FC495E8070084E80700019B73
:10E89000002283F83020009BD3F8A420019B5A6308
:10E8A000009BD3F8A820019B9A63019B4FF6FF724F
:10E8B000A3F82424019B03F58262019BC3F8202462
:10E8C000019B03F226430722002118460CF0BCFCF2
:10E8D000019B1B7883F00103DBB2002B03D0019B6B
:10E8E000FF2283F85420019B03F15502019BC3F8DA
:10E8F00010240198FFF782FF03461A46019BA3F8F4
:10E9000014240098019B03F15501019B03F2144369
:10E910001A46FFF7D0FB0590059B0493049B002B40
:10E9200001D0049B4FE0019B03F23122019BC3F80D
:10E9300018240198FFF762FF03461A46019BA3F8CB
:10E940001C24009B03F13C00019BD3F81814019B8D
:10E9500003F21C431A46FFF7AEFB0590059B039399
:10E96000039B002B01D0039B2DE0019B012283F828
:10E970005120019B9B699AB2019BA3F84820019BFF
:10E98000012283F83C20019B00221A64019B002293
:10E9900083F85020019B5A69019B5A64019B03F143
:10E9A0005400019B3C331A460021FFF719FD0590E6
:10E9B000059B0293029B002B01D0029B03E0019B6D
:10E9C00001221A70059B184607B030BD82B0019035
:10E9D000019B1B68012B07D0019B1B68022B03D0F6
:10E9E000019B1B68042B01D1012300E00023184682
:10E9F00002B0704700B585B001900B468DF803302A
:10EA0000019B1B7883F00103DBB2002B01D00823AC
:10EA10000AE1019B9DF803209A70019B03F22643B3
:10EA20000722002118460CF00FFC019B9B79002B5C
:10EA300003D0019B9B78012B0FD0019BDB79002B2E
:10EA400003D0019B9B78012B07D0019BDB79002B26
:10EA500014D0019B9B78022B10D1019B5B6B002B88
:10EA600008D0019B012283F82D24019B5B6B0820B9
:10EA7000984703E0019B002283F82D249DF8033082
:10EA800019460198FFF74EFD03461A46019B9A70FE
:10EA9000019B5B6B002B20D0019B9B78032B03D049
:10EAA000019B9B78042B18D1019B5B79002B14D020
:10EAB000019B93F82E3483F00103DBB2002B0CD0C2
:10EAC000019B002283F83024019B012283F82F242C
:10EAD000019B5B6B0720984703E0019B002283F8B2
:10EAE0002F24019B3C331822002118460CF0ACFB6C
:10EAF000019B012283F83C20019B2C331846FFF731
:10EB000065FF0346002B06D0019BDB6ADAB2019B4E
:10EB100083F8512003E0019B012283F85120019BDF
:10EB200093F82430002B12D0019B28331846FFF7AE
:10EB30004DFF0346002B06D0019B9B6ADAB2019B76
:10EB400083F8522003E0019B012283F85220019BAD
:10EB5000002283F85020019B9B78042B25D0042BA6
:10EB600030DC032B19D0032B2CDC022B0DD0022B15
:10EB700028DC002B21D0012B24D1019B3C331946EA
:10EB80000198FFF719FD03901DE0019B3C331946E6
:10EB90000198FFF72EFD039015E0019B3C331946C9
:10EBA0000198FFF794FD03900DE0019B3C3319465B
:10EBB0000198FFF7CFFD039005E0019B002283F849
:10EBC000312000E000BF019B9B78002B20D0019BEF
:10EBD00003F15400019BD3F82014019B3C331A46E7
:10EBE000FFF7FEFB0390039B002B01D0039B1BE070
:10EBF000019B93F85420019B93F83030194610463E
:10EC0000FFF7F2FB0390039B002B01D0039B0BE06B
:10EC1000019B5B6B002B06D0019B5B6B019A92F80A
:10EC20003120104698470023184605B000BD00B5B6
:10EC300085B001900091009B0393019B1B88262BBC
:10EC400010D0262B13DC102B02D0112B05D00EE098
:10EC500001990398FFF704FC0AE001990398FFF774
:10EC60000EFC05E001990398FFF732FC00E000BFBD
:10EC700000BF05B000BD00B58DB0039002910192B8
:10EC8000039B002B01D10E237FE0039B1B7883F0B5
:10EC90000103DBB2002B01D0082376E0029B002B9E
:10ECA00004D1019B002B01D10E236EE004AB102296
:10ECB000002118460CF0C8FA029B002B23D0039BBE
:10ECC000D3F820341A68039B55339A4202D0039B31
:10ECD000553302E0039B03F2431304930398FFF7B9
:10ECE0008DFD0346ADF81430049904AB04331A4685
:10ECF0000298FFF7E0F90B900B9B0A930A9B002BFD
:10ED000001D00A9B41E0019B002B25D0039BD3F847
:10ED100020349A68039B03F231239A4203D0039B69
:10ED200003F2312302E0039B03F21F33069303989F
:10ED3000FFF764FD0346ADF81C30069904AB0C33B5
:10ED40001A460198FFF7B7F90990099B0893089BA9
:10ED5000002B01D0089B18E0039B03F5826304A9F4
:10ED6000102218460CF03EFA039B03F58262039BC7
:10ED7000C3F82024039B03F15400039BD3F82034F1
:10ED800000221946FFF72CFB034618460DB000BDC4
:10ED900075DF704700BF184676DF704700BF184622
:10EDA0007ADF704700BF18467BDF704700BF184608
:10EDB00084B00346ADF806300023039316E00F49F4
:10EDC000039A13469B0013449B000B441B88BDF819
:10EDD00006209A4207D1039A13469B0013449B00D6
:10EDE000064A134406E0039B01330393039B002B65
:10EDF000E5D00023184604B0704700BF605F0020D4
:10EE000082B001900B46ADF80230019BBDF80220A4
:10EE10001A80019B00221A72019B054903F10A0224
:10EE20000B4603CB1060516000BF02B0704700BFBB
:10EE3000905F002082B00190019B4FF6FF721A8014
:10EE400000BF02B0704788B00390029111461A4685
:10EE50000B46ADF806301346ADF80430039B9B8893
:10EE60001A46BDF8063013440793039B9B88194646
:10EE7000039B9B88BDF80620934228BF13469BB294
:10EE8000CB1A0693039BDB881A46BDF80430134463
:10EE90000593039BDB881946039BDB88BDF80420A0
:10EEA000934228BF13469BB2CB1A0493029B5A8805
:10EEB000039B1B889A4205D3029B5A88039B5B885D
:10EEC0009A4201D900231CE0029B9B881A46069BAC
:10EED000934205D8029B9B881A46079B934201D216
:10EEE00000230EE0029BDB881A46049B934205D860
:10EEF000029BDB881A46059B934201D2002300E067
:10EF00000123184608B0704700B583B00190054B47
:10EF10009B69002B03D0034B9B690198984700BF66
:10EF200003B000BD745F002000B585B003460091BA
:10EF3000ADF80630BDF8063000991846FFF728FFF7
:10EF40000390039B002B05D0039B112B02D0039849
:10EF5000FFF7DAFF039B002B0CBF01230023DBB27A
:10EF6000184605B000BD000000B589B00190019BB6
:10EF70000793079B9BB21846FFF71AFF0690069B64
:10EF8000002B42D0069B1A7A214B1B7B9A4215D24A
:10EF9000079B9AB2069B0A3319461046FFF7C4FF37
:10EFA00003468DF813309DF81330002B2DD0069BAF
:10EFB0001B7A0133DAB2069B1A7226E0069B002206
:10EFC0001A72134B1B7C002B0FD0079B9BB23B216B
:10EFD0001846FFF7E1FE0590059B002B05D0059B29
:10EFE000082B02D00598FFF78FFF094B5B69002BB8
:10EFF0000BD000238DF80C30079B9BB2ADF80E3080
:10F00000034B5B6903AA1046984700BF09B000BDD7
:10F01000745F002030B587B00190019B002B01D1B7
:10F020000E2353E02B4A019B14461D460FCD0FC4FF
:10F0300095E8070084E80700264B274A1A60019BE1
:10F040001B68002B11D0019B1B681846FFF7A8FE18
:10F050000490049B002B01D0049B37E0019B1A68AD
:10F060001D4B1068516803C308E01B48FFF79CFE66
:10F070000490049B002B01D0049B27E00023059300
:10F0800020E0059A13469B0013449B00134A134447
:10F0900003930398FFF7CEFE059B5B01104A1A44C9
:10F0A000039B5A60039B04330E4A0021184606F066
:10F0B000F1FC0490049B002B01D0032306E0059B88
:10F0C00001330593059B002BDBD00023184607B0C6
:10F0D00030BD00BF745F0020905F0020605F0020A3
:10F0E000405F002069EF020000B587B00346009141
:10F0F000ADF80630009B5B7A002B1AD1009B1B7A7F
:10F10000002B03D1164B5B68059302E0144B9B6800
:10F110000593009B5B68BDF806200599184606F02C
:10F12000F3FC0490049B002B16D00498FFF7ECFE30
:10F1300012E0009B00221A72094B5B69002B0BD076
:10F1400001238DF80C30BDF80630ADF80E30044BBD
:10F150005B6903AA1046984700BF07B000BD00BF17
:10F16000745F002000B585B00190019BDB7B8DF8BA
:10F170000F30019B9B88ADF80C309DF80F30012BB0
:10F180002CD14FF6FF70FFF713FE0290029B002B6D
:10F1900003D10420FFF7B8FE21E0BDF80C3019467A
:10F1A0000298FFF72DFE029B03F10A00019B03F179
:10F1B00010014FF6FF7340F2F312FFF744FE0346CF
:10F1C0001A46029B5A72074BDB89002B07D1BDF808
:10F1D0000C3002991846FFF787FF00E000BF05B02A
:10F1E00000BD00BF745F002000B587B00190019B97
:10F1F0009B88ADF81630BDF816301846FFF7D8FDDD
:10F200000490049B002B0ED0049B5B68184606F00C
:10F21000D3FC0390039B002B02D00398FFF774FEEE
:10F220000498FFF707FE00BF07B000BD00B587B028
:10F230000190019B06330593059B1A88194BDB89C6
:10F240009A422BD1059B5B89022B27D1019B9B887E
:10F25000ADF81230BDF812301846FFF7A9FD039043
:10F26000039B002B1AD0059B0C33184601F049F97B
:10F270000346002B06D0BDF8123003991846FFF75D
:10F2800033FF0BE0039B5B68184606F095FC029089
:10F29000029B002B02D00298FFF736FE00BF07B09A
:10F2A00000BD00BF745F002000B585B00190019BD8
:10F2B0009B88ADF80E30BDF80E301846FFF778FD8C
:10F2C0000290029B002B15D0029B03F10A00019BC8
:10F2D00003F108014FF6FF7340F2F312FFF7B3FD9D
:10F2E00003461A46029B5A72BDF80E300299184620
:10F2F000FFF7FAFE00BF05B000BD00B583B0019076
:10F300000091019B1B88502B12D0502B18DC122B24
:10F3100012D0122B14DC102B02D0112B04D00FE0D2
:10F320000198FFF71FFF0CE00198FFF75DFF08E071
:10F330000198FFF77BFF04E00198FFF7B5FF00E0BD
:10F3400000BF00BF03B000BD30B58FB00190009189
:10F3500000230293009B002B1AD000230D9314E08E
:10F360006B460D99184607F073FA0346002B09D037
:10F37000029B5A1C02920D9A92B25B0038336B4486
:10F3800023F82C2C0D9B01330D930D9B132BE7D9E8
:10F39000019B1D4602AC0FCC0FC50FCC0FC594E8E6
:10F3A000070085E8070001980FB030BD00B583B0B5
:10F3B0000346ADF80630BDF80630132B01D9002303
:10F3C0000CE0BDF806301946064807F012FABDF801
:10F3D00006301946044807F00CFA0123184603B01A
:10F3E00000BD00BFA05F00209C5F002000B585B07D
:10F3F0000346ADF80630002303930DE0039B9B000A
:10F40000094A13440433BDF806201146184607F094
:10F4100007FA039B01330393039B1D2BEED900BF17
:10F4200000BF05B000BD00BF985F002000B583B0ED
:10F430000346ADF80630BDF806301946024807F01D
:10F44000EFF900BF03B000BDA05F002030B59BB056
:10F45000184B9B68DB431893164B5A6818AB114640
:10F46000184607F066FA189A6B4611461846FFF7D9
:10F470006BFF0DAC6D460FCD0FC40FCD0FC495E8DB
:10F48000070084E80700002319930BE0199B5B0039
:10F4900068336B4433F8303C1846FFF7A7FF199BDD
:10F4A000013319930D9B199A9A42EFD300BF00BF05
:10F4B0001BB030BD985F002000B583B001900B46B3
:10F4C000ADF8023013468DF801309DF80130002B65
:10F4D00006D0BDF802301946019807F08AF905E018
:10F4E000BDF802301946019807F09AF900BF03B041
:10F4F00000BD000000B585B001900091019B9B8884
:10F50000ADF80E30019B1B881A2B2ED01A2B71DC04
:10F51000192B59D0192B6DDC102B02D0112B1ED0BA
:10F5200068E0FFF793FFBDF80E301846FFF73EFF87
:10F53000034683F00103DBB2002B05D02F4AF021F4
:10F54000042005F0C7FE52E0019BDB7B022B4ED16D
:10F55000BDF80E3019462A4807F04BF947E0BDF8D0
:10F560000E301846FFF762FF44E0019B1B7AC3F39D
:10F570000313DBB28DF80D309DF80D30032B8CBFDB
:10F5800001230023DAB2BDF80E3019461D48FFF7FB
:10F5900093FF9DF80D30022B8CBF01230023DAB2BC
:10F5A000BDF80E3019461848FFF786FF9DF80D305C
:10F5B000012B8CBF01230023DAB2BDF80E301946AF
:10F5C0001248FFF779FF15E0019B1B7A002B10D141
:10F5D000019B5B7AC3F3C0038DF80C309DF80C20BF
:10F5E000BDF80E3019460748FFF766FF01E000BF7F
:10F5F00000E000BF00BF05B000BD00BFD0C60300E3
:10F60000A45F0020B05F0020AC5F0020A85F002056
:10F6100000B583B00346ADF80630BDF80630132BB5
:10F6200001D9002306E0BDF806301946034807F06B
:10F630000FF90346184603B000BD00BF9C5F0020D1
:10F6400000B583B00346ADF80630BDF80630184665
:10F65000FFF7DEFF0346002B02D0BDF8063000E0C6
:10F660001423184603B000BD84B001900023039317
:10F6700016E0104A039B9B0013449A78019B9B78E9
:10F680009A420AD10B4A039B32F82320019B1B8824
:10F690009A4202D1084B1B6808E0039B0133039395
:10F6A000064B1B68039A9A42E3D30023184604B022
:10F6B000704700BF146000202C60002034600020E0
:10F6C00000B583B0019000910198FFF7CDFF03468C
:10F6D000002B01D0002314E00B4B1B68052B0FD827
:10F6E000094B1B68094A01999B0013440A4610689C
:10F6F0001860054B1B680133034A1360002300E0C8
:10F700000423184603B000BD3460002014600020BC
:10F7100000B585B001900023039311E0019A039B8B
:10F72000DB01134403F553731B68039AD20102F5FE
:10F73000347201990A4410469847039B013303939E
:10F74000054B1B68039A9A42E8D3019B0022C3F839
:10F75000CC2200BF05B000BD3460002000B5A3B0CE
:10F7600001900B46ADF8023003AB7C220021184615
:10F770000BF06AFDBDF80230ADF80E3003238DF8B2
:10F780000C30019B0493064B1B68002B04D0044BE8
:10F790001B6803AA1046984700BF23B000BD00BFF6
:10F7A0002C60002000B5A7B0039002911346ADF87D
:10F7B0000630039B93F8C6321A46762302FB03F306
:10F7C000039A13442593259B1846FFF74DFF249079
:10F7D000249B002B0CD001238DF81430BDF806308B
:10F7E000ADF81630029B069305AA249B1046984755
:10F7F00000BF27B000BD00B587B00390029113464B
:10F80000ADF80630029B0593059B002283F8C822C1
:10F81000BDF806301A4603990598FFF7C3FFBDF8F7
:10F82000063019460598FFF799FF00BF07B000BDE5
:10F8300000B585B001900B468DF803301346ADF846
:10F840000030019B93F8C6321A46762302FB03F37D
:10F85000019A13440393039B1846FFF705FF029098
:10F86000029B002B52D0019BD3F8CC32052B4DD8F4
:10F87000019BD3F8CC32019ADB01134403F2D2236B
:10F88000BDF800201A80019BD3F8CC32019ADB012D
:10F89000134403F53473039A043311467622184651
:10F8A0000BF0A0FC9DF80330002B0AD0019BD3F88D
:10F8B000CC32019ADB01134403F5347300221A7031
:10F8C00009E0019BD3F8CC32019ADB01134403F524
:10F8D000347302221A70019BD3F8CC32019ADB01F7
:10F8E000134403F55373029A1A60019BD3F8CC3288
:10F8F0005A1C019BC3F8CC22019BD3F8CC22054BA8
:10F900001B689A4202D10198FFF702FF00BF05B0C1
:10F9100000BD00BF3460002000B58DB001900B46E3
:10F92000ADF8023002AB2022002118460BF08CFC0F
:10F93000019B93F8C7320133DAB2019B83F8C722E7
:10F94000019B93F8C7321A462A4B1B689A4244D24D
:10F95000019B002283F8C522019B93F8C632013334
:10F96000DAB2019B83F8C622019B93F8C6321A468D
:10F97000762302FB03F3019A13440B93019B93F844
:10F98000C6320B991C4A9B001344186808600B9BF5
:10F9900000221A7102238DF808300123ADF81830C7
:10F9A0000B9A0DF11A0312681A60019B0593134B11
:10F9B0000493134B1B68BDF8022002A9184601F0FE
:10F9C000D1FC0A900A9B002B11D0BDF802301A46D8
:10F9D00001990A98FFF70FFF09E0019B002283F8C5
:10F9E000C822BDF8023019460198FFF7B7FE0DB0E6
:10F9F00000BD00BF3460002014600020F7F7020053
:10FA00003060002082B001900091009B1A89019B18
:10FA100093F8C63218460199762300FB03F30B4492
:10FA200008331B889A4201D2012300E000231846C4
:10FA300002B0704784B00390029101920093019B41
:10FA4000002B25D1029B1A89039B93F8C6321846D6
:10FA50000399762300FB03F30B4408331B889A4277
:10FA600001D100232AE0029B1B8901339AB2009B3B
:10FA70001A80039B93F8C6321946039A762301FB3A
:10FA800003F3134408331A88009B5A80012315E0BE
:10FA9000029B1B890133019AD288934201D1002332
:10FAA0000CE0029B1B8901339AB2009B1A80019BD8
:10FAB000DB88013B9AB2009B5A800123184604B0B0
:10FAC0007047000000B58FB001900B46ADF80230D2
:10FAD00002AB2022002118460BF0B6FB0AAB042231
:10FAE000002118460BF0B0FB019B93F8C6321A4672
:10FAF000762302FB03F3019A13440D93019B93F8C1
:10FB0000C532002B21D0019B93F8C532013B8DF803
:10FB10003330019B93F8C6321A46762302FB03F377
:10FB2000019A13440D939DF833201346DB001344D0
:10FB30005B0008330D9A134402330B930B9B1B8914
:10FB400001339BB2ADF8283003E00D9BDB88ADF8A4
:10FB500028300D9B1B89ADF82A3003238DF808301F
:10FB60000A9B0693019B0593064B0493064B1B6867
:10FB7000BDF8022002A9184601F0F4FB034618461E
:10FB80000FB000BDF7F702003060002000B593B061
:10FB9000039002911346ADF8063000238DF84330F0
:10FBA00005AB2022002118460BF04EFB039B93F877
:10FBB000C6321A46762302FB03F3039A13440E93CC
:10FBC000039B93F8C5321A461346DB0013445B00CF
:10FBD00008330E9A134402331193039B93F8C532F2
:10FBE00001330E9A1279934209D10DAB002211997B
:10FBF0000398FFF71FFF03468DF843303DE0039B5A
:10FC000093F8C5328DF8423031E09DF842200E9BCA
:10FC10001B79013B9A4202D100230F930BE09DF820
:10FC200042305A1C1346DB0013445B0008330E9A23
:10FC3000134402330F930DAB0F9A11990398FFF7FA
:10FC4000F9FE0346002B03D001238DF8433014E066
:10FC50000F9B1193039B93F8C5320133DAB2039BD8
:10FC600083F8C5229DF8423001338DF842300E9B57
:10FC70001B799DF842209A42C7D39DF8433083F008
:10FC80000103DBB2002B04D0029B01221A70002377
:10FC900014E0029B00221A7004238DF814300D9B8F
:10FCA0000993039B0893074B0793074B1B68BDF809
:10FCB000062005A9184601F055FB0346184613B067
:10FCC00000BD00BFF7F702003060002000B587B02C
:10FCD00001900091019B93F8C6321A46762302FBED
:10FCE00003F3019A13440393009B1A88019BB3F812
:10FCF000CA329A4261D1009B5B88002B4FD1009B96
:10FD000006330593039B059A0633063212681A6080
:10FD1000019B93F8C4328DF81330059B1B888DF836
:10FD200012309DF813209DF812301344062B0ADC84
:10FD3000019B93F8C4229DF812301344DAB2019B60
:10FD400083F8C42219E0019B062283F8C4221C4ACE
:10FD50001C4BD31ADB081B0443F002031A49184654
:10FD600009F046FB164A174BD31ADB081B0443F075
:10FD700002031649184609F03BFB009B1B881946F5
:10FD80000198FFF79FFE0290029B002B16D0009B6C
:10FD90001B881A4601990298FFF72DFD0EE0009B83
:10FDA0001B881A4600210198FFF742FD009B1B8823
:10FDB00019460198FFF7B0FD00E000BF07B000BD95
:10FDC000B4B403007CB4030024C7030044C7030099
:10FDD00000B58DB00190009100238DF82F30009B6D
:10FDE0001A88019BB3F8CA329A4240F0FC80019B0A
:10FDF00093F8C6321A46762302FB03F3019A1344A2
:10FE00000893009B5B88002B40F0BC80009B06336E
:10FE10000793089B1B798DF81B30079B1B888DF877
:10FE20001A309DF81B209DF81A301344062B08DC6D
:10FE3000089B1A799DF81A301344DAB2089B1A719C
:10FE40001AE0089B06221A71684A694BD31ADB082C
:10FE50001B0443F00200089B1B881A46654909F001
:10FE6000D4FA624A624BD31ADB081B0443F0020344
:10FE70006149184609F0BCFA9DF81B300A9300232B
:10FE8000099345E008990A9A1346DB0013445B0086
:10FE90000B4403F108010798099A13469B00134489
:10FEA0005B00C2188B1C02321068516818605960E0
:10FEB00012891A8108990A9A1346DB0013445B00E1
:10FEC0000B44143300221A8008990A9A1346DB0067
:10FED00013445B000B44163300221A8008990A9AD7
:10FEE0001346DB0013445B000B44183300221A80D6
:10FEF00008990A9A1346DB0013445B000B441A333B
:10FF000000221A800A9B01330A93099B013309934B
:10FF1000089B1B791A460A9B9342B3D30A9B5A1E2D
:10FF20001346DB0013445B000833089A1344023382
:10FF3000059305990198FFF765FD034683F00103DA
:10FF4000DBB2002B03D1089B1B79062B03D10123C5
:10FF50008DF82F3019E0089B1A79019B83F8C52290
:10FF6000009B1B8819460198FFF7ACFD0490049B89
:10FF7000002B0AD0009B1B881A4601990498FFF7B2
:10FF80003AFC31E001238DF82F309DF82F30002B03
:10FF90002AD0019B002283F8C522009B1A880DF10C
:10FFA0000F0319460198FFF7F1FD0490049B002B05
:10FFB00007D0009B1B881A4601990498FFF71BFC89
:10FFC00012E09DF80F30002B0ED0009B1B881A46C4
:10FFD00001210198FFF72CFC009B1B881946019812
:10FFE000FFF79AFC00E000BF0DB000BDB4B4030001
:10FFF0007CB403008CC70300D4C7030000B589B0EC
:020000023000CC
:1000000001900091009B1A88019BB3F8CA329A4272
:1000100040F0CA80019B93F8C6321A46762302FB51
:1000200003F3019A13440693009B06330593019B47
:1000300093F8C5321A461346DB0013445B000833BD
:10004000069A134402330493009B5B88002B6ED105
:100050000023079363E00599079A13465B00134456
:100060005B000B4404331B8842F60812934237D0DE
:1000700042F6081293423FDC42F6021293420BD042
:1000800042F60212934237DCB3F5245F10D042F6F9
:100090000112934218D02FE00599079A13465B008E
:1000A00013445B000B4402331A88049B5A8123E0FB
:1000B0000599079A13465B0013445B000B44023317
:1000C0001A88049B9A8117E00599079A13465B00EA
:1000D00013445B000B4402331A88049BDA810BE063
:1000E0000599079A13465B0013445B000B440233E7
:1000F0001A88049B1A8200BF049B5B89002B0BD0DB
:10010000049B9B89002B07D0049BDB89002B03D029
:10011000049B1B8A002B09D1079B01330793059B86
:100120001B881A46079B934295D300E000BF00232B
:100130008DF80B30019B93F8C5320133069A127982
:10014000934203D101238DF80B301BE0019B93F800
:10015000C5320133DAB2019B83F8C522009B1A88AD
:100160000DF10B0319460198FFF710FD0390039B57
:10017000002B07D0009B1B881A4601990398FFF7B4
:100180003AFB12E09DF80B30002B0ED0009B1B8831
:100190001A4601210198FFF74BFB009B1B8819466B
:1001A0000198FFF7B9FB00E000BF09B000BD0000F7
:1001B00084B0019000230393019B002B01D10E23F7
:1001C0001AE0019B1B68002B01D10E2314E0019B58
:1001D0005B68002B01D10E230EE0094B00221A6050
:1001E000084B01221A70019B1B68074A1360019B90
:1001F0005B68064A1360039B184604B0704700BF53
:1002000034600020386000202C6000203060002026
:1002100000B583B00190019B002B01D10E230FE0AC
:10022000094B1B7883F00103DBB2002B01D00823BC
:1002300006E0064B1B6819460198FFF741FA034692
:10024000184603B000BD00BF386000202C600020BD
:1002500000B58FB001900B46ADF802304FF4BA6292
:10026000002101980AF0F0FF03AB2022002118467C
:100270000AF0EAFF2D4B1B68BDF802201146184614
:1002800001F00EF90D900D9B0C930C9B002B01D0EF
:100290000C9B47E0019BBDF80220A3F8CA22019BFA
:1002A0000022C3F8CC22019B002283F8C722019BC5
:1002B000002283F8C622019B002283F8C522019BFD
:1002C00093F8C6321A46762302FB03F3019A1344CD
:1002D0000B93019B93F8C6320B99154A9B0013446C
:1002E0001868086002238DF80C300123ADF81C302B
:1002F0000B9A0DF11E0312681A60019B06930D4BB9
:1003000005930A4B1B68BDF8022003A9184601F0AB
:1003100029F80D900D9B002B03D1019B012283F83E
:10032000C8220D9B18460FB000BD00BF30600020F2
:1003300014600020F7F7020000B583B001900B466F
:10034000ADF80230019B002B01D10E231CE0104BB5
:100350001B7883F00103DBB2002B01D0082313E0EC
:100360000C4B1B68002B01D108230DE0019B93F877
:10037000C832002B01D0112306E0BDF80230194627
:100380000198FFF765FF0346184603B000BD00BFA4
:10039000386000203460002082B001900091009B02
:1003A0001A88019BB3F8CA329A4208D1019B0022F5
:1003B00083F8C822019B4FF6FF72A3F8CA2200BF40
:1003C00002B0704700B585B001900091019B002BF1
:1003D00036D0009B002B33D01A4B1B7883F00103DF
:1003E000DBB2002B2CD1009B0393019B1B88332B8A
:1003F00017D0332B23DC322B0CD0322B1FDC112BEC
:1004000016D0302B1BD1019B043319460398FFF7FC
:100410005DFC15E0019B043319460398FFF7D8FCF7
:100420000EE0019B043319460398FFF7E7FD07E050
:10043000019B043319460398FFF7AEFF00E000BFAD
:1004400005B000BD3860002000B587B003900B46B2
:100450000192ADF80A30019B002B01D10E2338E048
:10046000019B00221A60039B002B01D10E2330E078
:10047000039B1B68002B01D10E232AE0039BDB8822
:1004800003F003039BB2002B01D0072321E0BDF84A
:100490000A301846FFF7D4F803468DF817309DF858
:1004A0001730142B01D1052313E0039B1B799DF812
:1004B00017209A4201D304230BE0039B1B689DF88D
:1004C00017200399C98801FB02F21A44019B1A60A4
:1004D0000023184607B000BD82B00190019B1B7835
:1004E0001AB2019B01331B781BB21B021BB21343D0
:1004F0001BB29BB2184602B07047AADF704700BF1C
:10050000184600B585B001900198FFF7E5FF034656
:10051000ADF80E30BDF80E3003F00103DBB2184623
:1005200005B000BD00B585B001900198FFF7D4FF7C
:100530000346ADF80E30BDF80E3003F00203C3F3EE
:100540004003DBB2184605B000BD82B003460091FF
:100550008DF80730009A137823F00F031370009A78
:10056000137823F0F00313709DF80730052B51D05A
:10057000052B5DDC042B40D0042B59DC032B2FD042
:10058000032B55DC022B1ED0022B51DC002B02D09A
:10059000012B0BD04CE0009A137823F00F0313705B
:1005A000009A137823F0F003137040E0009A137858
:1005B000012161F303031370009A1378012161F3A1
:1005C0000713137033E0009A1378012161F30303DA
:1005D0001370009A1378022161F30713137026E059
:1005E000009A1378012161F303031370009A1378C2
:1005F000032161F30713137019E0009A13780221A5
:1006000061F303031370009A1378012161F3071358
:1006100013700CE0009A1378022161F30303137046
:10062000009A1378022161F30713137000BF00BF13
:1006300000BF02B0704700B595B003460291019229
:10064000ADF80E30029B9B78002B03D101238DF86F
:100650001E3003E0029B9B788DF81E30029B1B88A6
:10066000ADF81C3006AB0322002118460AF0ECFD61
:10067000029B5B7C06AA11461846FFF766FF029BA9
:100680009A7C06AB013319461046FFF75EFF029BCA
:10069000DA7B9DF81A3062F3C3038DF81A30029B9F
:1006A0001A7C9DF81A3062F304138DF81A30029BFD
:1006B0001A7B9DF81A3062F300038DF81A30029B02
:1006C0001B7D002B01D0022200E001229DF81A3090
:1006D00062F342038DF81A300DAB1C22002118463C
:1006E0000AF0B2FD029B5B7B03F01003DBB2002B30
:1006F00006D1029B5B7B03F02003DBB2002B24D0EE
:1007000004AB0322002118460AF09EFD029BDA7C0E
:1007100004AB013319461046FFF717FF9DF8103060
:10072000012262F303038DF810309DF8103001228E
:1007300062F307138DF810309DF81230012262F336
:1007400042038DF8123004AB1293029B5B7B8DF851
:100750003430029B9B7B8DF8353008AB142200218E
:1007600018460AF071FD07AB089306AB0993029B8C
:100770009B88ADF82C30029B9B68002B06D0029B17
:10078000DB88ADF82830029B9B680C93029B9B6929
:10079000002B4FD005AB0322002118460AF054FD70
:1007A000029B9B691B88ADF83C30029B9B695B8870
:1007B000ADF83E30029B9B695B680E9305AB1193CD
:1007C000029B9B691B7B05AA11461846FFF7BDFEDD
:1007D000029B9B695A7B05AB013319461046FFF714
:1007E000B4FE029B9B699A7A9DF8163062F3C303AC
:1007F0008DF81630029B9B69DA7A9DF8163062F309
:1008000004138DF81630029B9B691A7A9DF81630F6
:1008100062F300038DF81630029B9B699B7B002BD3
:1008200001D0022200E001229DF8163062F342035B
:100830008DF81630029BDB69002B02D0029BDB692E
:10084000109308AA0DA9BDF80E00019BFFF755FEF5
:100850000346184615B000BD90DF704700BF18462C
:10086000A5DF704700BF1846B5DF704700BF1846C8
:1008700082B00190019BF7221A80019B17225A80B7
:10088000019B00221A71019B00225A71019BFB22DD
:100890009A71019B1B22DA7100BF02B07047000001
:1008A00030B589B003460A46ADF806301346ADF8B8
:1008B0000430BDF80430ADF81430BDF80430ADF8A4
:1008C00016300023ADF818300023ADF81A3003AB12
:1008D00000221A609A8003AA05A9BDF806301846BE
:1008E000FFF7BAFF0790079B002B39D01E4A1F4B1A
:1008F000D31ADB081B0443F00104BDF80650079827
:1009000008F0D4F803462A461949204608F08DFD20
:10091000BDF80C30002B03D1BDF80E30002B0ED0EB
:10092000114A124BD31ADB081B0443F00100BDF837
:100930000C301A46BDF80E300E4908F076FDBDF8B1
:100940001030002B0CD0084A084BD31ADB081B04CC
:1009500043F00103BDF810200749184608F055FD83
:10096000079B184609B030BDDCB403007CB403001B
:1009700040C803008CC80300CCC8030000B585B094
:1009800001900091009B9B88ADF80E30BDF80E30B1
:10099000DB00019A134406330293019B1A79029BF0
:1009A0009A71009BDB7B012B02D0022B05D009E062
:1009B000019B1A88029B1A8004E0019B5A88029BC3
:1009C0001A8000BF029B9A79029BDB799A4208D970
:1009D000029B9B791A46BDF80E3011461846FFF768
:1009E0005FFF00BF05B000BD00B583B0019000916E
:1009F000009B9B88DB00019A134406331846FFF7DF
:100A000037FF00BF03B000BD00B587B00190009173
:100A1000009B9B88ADF81630009B5B89ADF81430C5
:100A2000BDF81630DB00019A134406330493049B8F
:100A30001B88BDF81420934228BF13469AB2049B2A
:100A40005A80049B5B88172B38BF17239AB2049BEC
:100A50005A80019B9B69002B15D0049B5B79002B6E
:100A600011D040F67723ADF80830BDF81630ADF858
:100A70000A30049B5B88ADF80C30019B9B6902AA8D
:100A8000114601989847049B00225A71049B00224A
:100A90001A7100BF07B000BD10B588B00190009179
:100AA000009B9B88ADF81A30009BDB88ADF81830AE
:100AB000BDF81A30DB00019A134406330593BDF8E4
:100AC0001830172B38BF1723ADF81830059B1B883B
:100AD000BDF81820934228BF13469AB2059B5A804E
:100AE000059B00221A71059B1A88BDF81A30114621
:100AF0001846FFF7B9FE0790079B002B0FD0174A47
:100B0000174BD31ADB081B0443F00104079807F0C6
:100B1000CDFF03461A461349204608F076FC059B94
:100B20005B79002B16D1019B9B69002B13D040F6FB
:100B30007723ADF80C30BDF81A30ADF80E30059BB8
:100B40005B88ADF81030019B9B6903AA11460198A0
:100B5000984700E000BF08B010BD00BFDCB4030040
:100B60007CB4030024C9030030B591B0019000911A
:100B7000009B04AC1D1D0FCD0FC40FCD0FC495E815
:100B8000070084E80700BDF81030ADF83E30BDF82E
:100B90001420BDF83E30D1B2019ADB0013440A465E
:100BA0005A73019B9B69002B15D04DF67A23ADF843
:100BB0000830BDF83E30ADF80A30BDF83E30019A3D
:100BC000DB0013445B7B8DF80C30019B9B6902AA10
:100BD00011460198984700BF11B030BD00B587B0ED
:100BE00001900091009B04330593059B1B88DB005B
:100BF000019A134406330493059B9B888DF80F30AC
:100C0000049B9B799DF80F20934228BF13468DF8D3
:100C10000E30059B1B889DF80E2092B21146184697
:100C2000FFF73EFE00BF07B000BD00B585B00190E4
:100C30000091019B002B01D10E231DE0019B009A26
:100C40009A61019BF7221A80019BF7225A80019B2F
:100C5000FB221A71002303930AE0039BDB00019A35
:100C6000134406331846FFF703FE039B0133039337
:100C7000039B012BF1D90023184605B000BD82B0BB
:100C800001900B46ADF80230019B002B01D10E23E1
:100C90000EE0BDF80230162B03D9BDF80230F72B59
:100CA00001D9072304E0019BBDF802201A8000232C
:100CB000184602B07047000010B586B00190009150
:100CC000009B0593019B9B88ADF81230BDF8123054
:100CD000012B70D8019B1B88552B21D0552B2EDC66
:100CE0003A2B18D03A2B2ADC242B1ED0242B26DCBE
:100CF000232B1FD0232B22DC102B02D0112B05D04D
:100D00001DE001990598FFF739FE19E00199059852
:100D1000FFF76AFE14E001990598FFF775FE0FE0F2
:100D200001990598FFF7B8FE0AE001990598FFF7C9
:100D30001BFF05E001990598FFF750FF00E000BF99
:100D4000BDF81230059ADB0013449B7A002B33D098
:100D5000BDF81230059ADB001344DA88BDF8123072
:100D600011461846FFF77CFD0390039B002B0ED124
:100D7000BDF81230059ADB00134400229A72BDF8C8
:100D80001230059ADB0013440122DA7214E0039B4F
:100D9000112B11D0094A0A4BD31ADB081B0443F06C
:100DA0000104039807F082FE03461A4605492046CF
:100DB00008F02BFB00E000BF06B010BDDCB4030060
:100DC0007CB4030054C903009BDF704700BF184682
:100DD0009DDF704700BF18469EDF704700BF184672
:100DE000A1DF704700BF1846A3DF704700BF184659
:100DF000AEDF704700BF184600B585B00190009186
:100E0000009B10330393039BDB88102B01D909232C
:100E100019E0039BDB881946019807F057F8024652
:100E2000009B5A60009B5B68002B01D104230AE001
:100E3000009B5868039B9968039BDB881A46002334
:100E400007F08CF90023184605B000BD00B585B049
:100E500001900091009B10330393039B9B681B88B8
:100E6000102B01D9092324E0039B9B681B880233C4
:100E70001946019807F02AF80246009B5A60009B29
:100E80005B68002B01D1042313E0009B5868039B8F
:100E900099680023022207F061F9009B5868039BC0
:100EA000D968039B9B681B881A46022307F056F9F2
:100EB0000023184605B000BD00B587B005900B466D
:100EC0000392ADF81230039B002B1ED0104A114B39
:100ED000D31ADB081B0443F00100059B1B7819465D
:100EE000BDF81220039B009313460A460A4908F0F6
:100EF000AFFA059B9B68002B07D0059B9B68059A62
:100F0000D168BDF812200398984700BF07B000BD14
:100F1000E4B403007CB4030094C9030000B597B0A7
:100F200001900B46ADF802300CAB01221946019836
:100F300007F0F6FB1590159B002B40F0B1809DF853
:100F40003030052B55D0052B00F38180042B45D084
:100F5000042B7CDC032B36D0032B78DC022B26D031
:100F6000022B74DC002B02D0012B0BD06FE0BDF8FC
:100F70004010BDF84220BDF802301846FFF730FFA0
:100F8000159071E008AB12930D981299BDF8463098
:100F90001A46002307F000F90CAB03F11002BDF86C
:100FA000023011461846FFF71FFF15905CE0BDF8B0
:100FB00040100CAB03F11202BDF802301846FFF7E7
:100FC00003FF159050E00CAB03F11002BDF80230A6
:100FD00011461846FFF7FCFE159045E00CAB03F1F7
:100FE0001002BDF8023011461846FFF7F5FE1590C5
:100FF0003AE004AB13930D980DF10E010023022289
:1010000007F0CAF80DF10E0312930D981399129B75
:101010001B881A46022307F0BFF8BDF80E30ADF862
:1010200052300CAB03F11002BDF8023011461846E5
:10103000FFF7DEFE1590159B002B14D1BDF80E3086
:10104000BDF852209A420ED00C2315930BE0164A9D
:10105000164BD31ADB081B0443F00203144918464D
:1010600008F0C6F900E000BF159B112B18D09DF8C1
:1010700030301A460F4B53F82230002B03D00D9B13
:10108000184606F079FF0CAB00221946019807F0CC
:1010900047FBBDF802100CAB159A1846FFF70CFF82
:1010A00000BF17B000BD00BFE4B403007CB4030070
:1010B000E0C90300FCC9030000B58FB00190019B9B
:1010C000DB680DF12E010022184607F029FB0D9078
:1010D00031E0019B9A68BDF82E3019460B469B0003
:1010E0000B449B0013440C9303AB002219460C984D
:1010F00007F016FB0D9012E09DF80C301A46114BCC
:1011000053F82230002B03D0049B184606F034FF1E
:1011100003AB002219460C9807F002FB0D900D9BC3
:10112000002BE9D0019BDB680DF12E01002218464F
:1011300007F0F6FA0D900D9B002BCAD000BF00BF40
:101140000FB000BDFCC9030000B585B001900B468F
:10115000ADF8023000230393019B1B78052B4AD086
:10116000052B64DC042B3BD0042B60DC032B2CD040
:10117000032B5CDC022B1CD0022B58DC002B02D092
:10118000012B0BD053E0019B198A019B5A8ABDF8B1
:1011900002301846FFF724FE039055E0019B03F14F
:1011A0001002BDF8023011461846FFF71DFE0390ED
:1011B0004AE0019B198A019B03F11202BDF802303B
:1011C0001846FFF701FE03903EE0019B03F1100279
:1011D000BDF8023011461846FFF7FAFD039033E0E0
:1011E000019B03F11002BDF8023011461846FFF7CB
:1011F000F3FD039028E0019B9B691B88ADF80A3042
:10120000019B03F11002BDF8023011461846FFF7AA
:10121000EFFD0390039B002B15D1019B9B691B885D
:10122000BDF80A209A420ED00C2303930BE00E4A1D
:101230000E4BD31ADB081B0443F002030C4918467B
:1012400008F0D6F800E000BF039B112B01D100236A
:1012500007E0BDF80230039A19460198FFF72CFE0B
:101260000123184605B000BDE4B403007CB40300BC
:10127000E0C9030084B001900B46ADF802300023B2
:10128000ADF80E3012E0019B5A68BDF80E305B00DD
:1012900013441B88BDF802209A4202D1BDF80E30DB
:1012A0000CE0BDF80E300133ADF80E30019B1B8809
:1012B000BDF80E209A42E6D3BDF80E30184604B0B1
:1012C000704784B001900B46ADF802300023ADF8B2
:1012D0000E301AE0019B5A68BDF80E305B001344D3
:1012E0001B884FF6FF7293420AD1019B5A68BDF8E2
:1012F0000E305B001344BDF802201A8000230BE07F
:10130000BDF80E300133ADF80E30019B1B88BDF8DF
:101310000E209A42DED30423184604B0704784B0EE
:1013200001900023ADF80E3011E0019B5A68BDF822
:101330000E305B0013441B884FF6FF72934201D0BE
:1013400001230BE0BDF80E300133ADF80E30019BE8
:101350001B88BDF80E209A42E7D30023184604B03C
:101360007047000000B589B0039002911346ADF8B4
:10137000063000230693039B002B01D10E2389E046
:10138000029B002B01D10E2384E00398FFF794FE0B
:10139000BDF8063019460398FFF76CFF0346ADF819
:1013A0001E30029B1B78052B05D8039B1B88BDF8BC
:1013B0001E209A4201D107236CE0039B9968BDF877
:1013C0001E2013469B0013449B000B44184607F055
:1013D00037FA0346002B0ED0BDF8063019460298A6
:1013E000FFF7B2FE03468DF817309DF81730002B3B
:1013F00001D0069B4EE0029B1B781A46274B53F800
:101400002230002B18D0039B1B69002B01D10E2327
:1014100040E0029B1B781A46204B53F82230039A77
:1014200012690299104698470690069B0493049B04
:10143000002B01D0049B2DE0039B9968BDF81E2072
:1014400013469B0013449B000B440299184607F077
:10145000B9F80690069B002B0CD0029B1B781A460D
:101460000E4B53F82230002B04D0029B5B681846C9
:1014700006F082FD039B9968BDF81E2013469B0071
:1014800013449B000B44BDF8062011461846FFF795
:1014900045FD069B184609B000BD00BFFCC903000E
:1014A00000B587B001900B46ADF8023000230593DC
:1014B000019B002B01D10E232FE00198FFF7FCFDCB
:1014C000BDF8023019460198FFF7D4FE0346ADF887
:1014D0001230019B1B88BDF812209A421CD1019842
:1014E000FFF71DFF034683F00103DBB2002B05D09D
:1014F000019B1B69184606F0DFFC0590BDF8023021
:1015000019460198FFF7DDFE0590059B0393039BA9
:10151000002B01D0039B00E0059B184607B000BDDF
:1015200000B587B001900091009B0493019B002BB4
:101530005AD0049B002B57D0019B1B88112B04D140
:10154000019B9B88ADF8163018E0019B1B882F2B60
:1015500008D9019B1B884F2B04D8019B9B88ADF8B1
:1015600016300BE0019B1B884F2B3FD9019B1B883A
:101570006F2B3BD8019B9B88ADF81630BDF8163019
:1015800019460498FFF776FE0346ADF80E30049B2B
:101590001A88BDF80E309A422AD0019B1B88112B65
:1015A00011D1049B5A68BDF80E305B0013444FF60E
:1015B000FF721A80049BDB680DF10E02114618467B
:1015C00007F000F815E0049B9A68BDF80E30194644
:1015D0000B469B000B449B001344BDF8162011469C
:1015E0001846FFF79BFC04E000BF02E000BF00E0EC
:1015F00000BF07B000BDB0DF704700BF184666DF10
:10160000704700BF184682B001900091019B002BEB
:1016100001D10E2316E0009B002B01D10E2311E017
:10162000019B1B78DE2B01D108230BE0009B1A687D
:10163000019B5A60019BDE221A70019B4FF6FF72DC
:101640005A800023184602B0704782B001900B46C2
:10165000ADF80230019B002B01D10E230AE0019B63
:101660001B78DE2B01D0082304E0019BBDF802208B
:101670005A800023184602B0704700B585B001902B
:10168000019B1B7A002B18D0019B5B880021184618
:10169000FFF7B5FF0390039B002B03D1019B0022B2
:1016A0001A720AE0039B112B03D1019B01221A72CB
:1016B00003E0019B5B680398984700BF05B000BD3D
:1016C00000B583B001900091009B1B79012B0BD1D9
:1016D000009B1A88019B5B889A4205D1019B0122DD
:1016E0001A720198FFF7C9FF00BF03B000BD82B0B6
:1016F0000190009100BF02B0704700B589B0019021
:101700000091009B1A88019B5B889A4236D1009B0E
:1017100002330793079B1B78022B31D1079B1B7A5F
:10172000042B07D0079B1B7A062B03D0079B1B7A41
:10173000052B27D102AB00221A605A609A60DA604A
:1017400002238DF808304FF4C073ADF80C30079BBE
:101750001B7A052B02D10023ADF80C30009B1B88AF
:1017600002AA11461846FFF746FF0690069B002B7B
:1017700009D0019B5B680698984704E000BF02E02F
:1017800000BF00E000BF09B000BD00B585B001900A
:101790000091009B002B43D0019B002B40D0009B6D
:1017A0000393039B1B78DE2B3AD1019B9A88039B02
:1017B0005B889A4202D10398FFF75FFF019B1B8869
:1017C000512B18D0512B28DC112B1BD0112B24DCD2
:1017D000012B02D0022B07D01FE0019B04331946D6
:1017E0000398FFF76DFF1BE0019B04331946039834
:1017F000FFF77DFF14E0019B043319460398FFF7C0
:101800007CFF0DE0019B9A88039B5B889A4206D17E
:10181000039B4FF6FF725A8001E000BF00E000BF5B
:1018200005B000BD8ADF704700BF18468BDF7047E8
:1018300000BF18468CDF704700BF184600B58DB05A
:1018400001900091009B02330993019B0C33089394
:10185000019B02330B93019B9B7A8DF82B30019BEC
:101860005B7883F00103DBB2002B21D100F0FFF89D
:1018700002AB14220021184609F0E6FC9DF82B303B
:101880000B9A08990998FFF7D5FF079005238DF863
:101890000830079B0393079B002B0AD0019BDB6951
:1018A000002B06D0019BDB6902AA1046984700E096
:1018B00000BF0DB000BD00B589B0019000910023BC
:1018C0008DF81F3000238DF81E3002AB142200214A
:1018D000184609F0B9FC019B0C330693019800F0FF
:1018E0005CF80346002B14D002238DF80830009BCF
:1018F0000393019BDB6902AA10469847019B403382
:1019000019460020FFF78EFF00990198FFF796FF18
:1019100041E0019B1B788DF81D3000238DF81C30B1
:10192000009B03939DF81D30002B0DD09DF81E20C9
:101930009DF81F309A4207D100238DF80830009996
:101940000198FFF77BFF17E09DF81D3083F001033E
:10195000DBB2002B0BD09DF81C30002B07D00023EE
:101960008DF8083000990198FFF768FF04E0032321
:101970008DF80830009B0393019BDB69002B04D09A
:10198000019BDB6902AA10469847019B4033194628
:101990000020FFF747FF09B000BD82B00190019B16
:1019A0001B7B03F01803DBB2082B06D0019B1B7BCB
:1019B00003F01803DBB2182B01D1012300E0002350
:1019C000184602B0704782B00190019A137B43F031
:1019D00004031373019BA022DA81019B50221A8217
:1019E000019B00225A82019A137B23F01803137380
:1019F000019B01225A7300BF02B0704782B0019070
:101A0000019B4FF4C8721A81019B06225A80019BE8
:101A100018229A80019B0022DA8000BF02B0704732
:101A200000B589B001900091009B0433079302AB8D
:101A300014220021184609F007FC079B1B78012B94
:101A400012D1019BDB69002B0ED004238DF80830E6
:101A5000019B0C330693079B1B788DF80C30019B80
:101A6000DB6902AA1046984700BF09B000BD08B55F
:101A7000FFF7DCFE00BF08BD10B584B003900291F3
:101A80000192039B002B01D10E234AE0039B019A94
:101A9000DA61039B01220021184609F0D5FB029B65
:101AA000002B2BD0029B1A79039B5A70029B1A7B46
:101AB000039B9A72029B1B68002B0BD0029B1A6837
:101AC000039B0C33144620686168A26807C3A2898F
:101AD0001A8002E00398FFF776FF029B9B68002BB9
:101AE00008D0029B9A68039B023311685268196000
:101AF0005A600CE00398FFF781FF08E00398FFF7B6
:101B000062FF0398FFF77AFF039B00225A70039B42
:101B100003F12002039B1A64039B1F22A3F84420B5
:101B20000023184604B010BD00B589B00190019B98
:101B3000002B01D10E2338E002AB142200211846FD
:101B400009F082FBFFF793FF0198FFF726FF03469A
:101B5000002B0BD0019BDB69002B07D001238DF8F4
:101B60000830019BDB6902AA10469847019B03F1EC
:101B70000C02019B403319461046FFF753FE0790B5
:101B8000079B082B10D0079B002B0DD0084A094B50
:101B9000D31ADB081B0443F00103079A06491846D1
:101BA00007F033FC079B00E00023184609B000BD96
:101BB000CCB403007CB403006CCA030000B589B048
:101BC0000190009103AB14220021184609F03CFB60
:101BD00006238DF80C30009B04330493009B1B8874
:101BE000ADF81430019B0C330793019BDB69002B8C
:101BF00004D0019BDB6903AA1046984700BF09B0D7
:101C000000BD00B587B001900091009B0593019B3A
:101C100008330493019B04330393019B1B881D2B02
:101C200006D01D2B13DC102B0CD01B2B05D00EE087
:101C300004990598FFF73FFE0AE003990598FFF71E
:101C4000EFFE05E003990598FFF7B8FF00E000BF3D
:101C500000BF07B000BDA8DF704700BF1846ADDF6A
:101C6000704700BF1846AEDF704700BF184662DFFE
:101C7000704700BF184600B58FB001900091002357
:101C80000393019B5869009B9B8803AA1946FEF7A2
:101C9000DBFB0D9005AB08220021184609F0D4FAB1
:101CA00004AB06930223ADF814300023ADF81630D0
:101CB000009B9888019B1B8905AA1946FFF7CFFF57
:101CC0000D900D9B002B26D1019B9B69002B22D0F0
:101CD000069B1846FEF715FC0346002B1BD0039B02
:101CE000002B02D0039B01221A7007AB182200219F
:101CF000184609F0A9FA02238DF81C30019B0893BD
:101D0000009B9B88ADF82430039B0A93019B9B6941
:101D100007AA1046984700BF0FB000BD00B58DB0B0
:101D200001900091009B06330B93019B5869009B27
:101D30009B8803AA1946FEF787FB0A9004AB18227A
:101D40000021184609F080FA019B0593009B9B88AF
:101D5000ADF81830039B07930B9B1A88019B1B89D6
:101D60009A4225D10B9B5B89022B21D1039B002B2F
:101D700038D00B9B0C331846FEF7C3FB0346002BF1
:101D800006D0039B01221A7002238DF8103005E063
:101D9000039B00221A7003238DF81030019B9B696E
:101DA000002B1FD0019B9B6904AA1046984719E09D
:101DB0000B9B1A88019B9B899A4214D1019B9B69BA
:101DC000002B10D000238DF810300B9B0C330893A0
:101DD0000B9B5B89ADF82430019B9B6904AA1046DC
:101DE000984700E000BF00BF0DB000BD00B58BB04C
:101DF00001900091019B5869009B9B8802AA19469B
:101E0000FEF722FB0990099B002B1ED1029B1B7839
:101E1000002B1BD0019B9B69002B17D003AB182212
:101E20000021184609F010FA01238DF80C30019BAF
:101E30000493009B9B88ADF81430029B0693019B92
:101E40009B6903AA1046984700E000BF0BB000BD95
:101E500000B585B001900091009B002B1ED0019B26
:101E6000002B1BD0009B0393019B1B88572B10D08A
:101E7000572B15DC102B02D0502B05D010E0019908
:101E80000398FFF7F8FE0CE001990398FFF746FF6F
:101E900007E001990398FFF7A9FF02E000BF00E007
:101EA00000BF05B000BD000010B592B001900091D8
:101EB0004F4B0AAC0FCB84E80F00019B002B01D1E4
:101EC0000E2391E0009B002B01D10E238CE0009BA0
:101ED0001A68019B9A61019A0AAB11461846FFF7EE
:101EE000C6FE1190119B1093109B002B01D0109BEC
:101EF0007AE0019B1B788DF83A300123ADF8383039
:101F0000019B9A1C0EAB19460120FFF7A4FE11900D
:101F1000119B0F930F9B002B01D00F9B64E002AB32
:101F200020220021184609F08FF90223ADF808306D
:101F3000019B1B788DF80A30F423ADF80C30012397
:101F4000ADF80E3001238DF814309DF8153043F0B4
:101F500008038DF815309DF8153043F004038DF813
:101F6000153001238DF8193001238DF81A30019BAB
:101F70005888019B03F10C0202AB1946FEF75BFB8C
:101F80001190119B002B01D0119B2DE002AB202260
:101F90000021184609F058F90323ADF80830019BD9
:101FA0001B788DF80A30F423ADF80C300123ADF81E
:101FB0000E3001238DF814309DF8153043F01003D6
:101FC0008DF8153001238DF8193001238DF81A3062
:101FD00001238DF81B30019B5888019B1A1D02AB11
:101FE0001946FEF728FB0346184612B010BD00BF85
:101FF00098CA030000B58DB0039002910192ADF82C
:102000000230039B002B01D10E2342E0039B5B694E
:1020100005AABDF802101846FEF716FA0B900B9BA6
:102020000A930A9B002B01D00A9B32E0BDF80230D4
:102030004FF6FF72934202D0059B002B01D105237E
:1020400027E0059B1B7883F00103DBB2002B01D056
:1020500008231EE0019B1B88F42B01D9072318E0FD
:1020600006AB10220021184609F0EEF8039B9B886E
:10207000ADF81830029B0993019B089301238DF85A
:102080001A3006AABDF8023011461846FFF7EBFDDC
:10209000034618460DB000BD62DF704700BF18460A
:1020A00000B587B0039002911346ADF80630029B4D
:1020B0000593059B1B69002B03D0059B1B690398A7
:1020C000984700BF07B000BD00B58BB001900091EC
:1020D00003AB14220021184609F0B6F8009B0E331A
:1020E0000893009B1B78002B57D1009B9B88012BEA
:1020F00053D1009B9A79019B1B789A424DD10023C2
:10210000099333E0099A1346DB0013445B001A4637
:10211000089B13441B88022B0DD0032B22D1099A54
:102120001346DB0013445B001A46089B13441B89CB
:10213000ADF81E3017E0099A1346DB0013445B002C
:102140001A46089B13441B89ADF81A30099A1346A6
:10215000DB0013445B001A46089B13445B89ADF80F
:102160001C3000E000BF099B01330993009B1B7AE0
:102170001A46099B9342C5D3019BDB68002B0CD008
:10218000009B5B88ADF80E3000238DF80C30019B6E
:10219000DB6803AA11460198984700BF0BB000BD49
:1021A00000B589B001900091019B9B88002B19D04C
:1021B000009B5A89019B9B889A4213D1019BDB6843
:1021C000002B0FD001238DF80C30009B10330593AA
:1021D000009BDB89ADF81830019BDB6803AA114630
:1021E0000198984700BF09B000BD000010B58AB043
:1021F00001900091234B03AC0FCB84E80F00019BAF
:10220000002B01D10E233AE0009B002B01D10E23BD
:1022100035E0009B9B68002B01D10E232FE0019A33
:1022200003AB11461846FFF737FF0990099B089347
:10223000089B002B01D0089B21E0019B1B788DF8A7
:102240001E300123ADF81C30019B4FF6FF725A80FF
:10225000009B1A68019BDA60009B5A68019B1A6117
:10226000019B00229A80019B00221A81009B9A68A0
:10227000019B5A6107AB1846FDF7CAFF0346184693
:102280000AB010BDB4CA030000B589B00190009136
:10229000009B0793079B002B31D0019B002B2ED076
:1022A000079B5B884FF6FF7293422AD0079B5A88A0
:1022B000019B9B889A4224D1019B1B88112B06D03D
:1022C000392B20D101990798FFF76AFF1EE0019B87
:1022D0009A88079B5B889A4217D1079BDB68002B83
:1022E00013D002238DF80830079B4FF6FF725A80F7
:1022F000079BDB6802AA11460798984705E000BFD4
:1023000004E000BF02E000BF00E000BF09B000BD74
:1023100000B58DB001900B468DF803309DF8033069
:10232000ADF82E3003AB20220021184608F08CFFB8
:10233000BDF82E30DBB28DF80830BDF82E301B0A08
:102340009BB2DBB28DF8093001238DF80C30114BB4
:102350000593019B0693019BDB88ADF81E30022399
:10236000ADF822300023ADF8203002AB09930123F1
:102370008DF81C3001238DF81D30019B5869019B9D
:102380005A8803AB1946FEF7EDFF034618460DB019
:1023900000BD00BFA120030000B583B00190019BE8
:1023A000002B01D10E2310E0019B5B884FF6FF72DA
:1023B000934203D0019BDB88002B01D1082304E06A
:1023C00001210198FFF7A4FF0346184603B000BDA2
:1023D00000B58DB0039002911346ADF80630039B13
:1023E000002B01D10E234CE004AB20220021184623
:1023F00008F02AFFBDF80630F42B0CD9224A234BF3
:10240000D31ADB081B0443F002032149184606F0E7
:10241000EFFF072335E0039B5B884FF6FF72934283
:102420000CD1194A194BD31ADB081B0443F00203E1
:102430001849184606F0DCFF082322E001238DF836
:102440001030154B0693039B0793039B1B89ADF834
:102450002230BDF80630ADF826300023ADF8243028
:10246000029B0A9302238DF8203001238DF821303E
:10247000039B5869039B5A8804AB1946FEF772FF09
:10248000034618460DB000BDC4B403007CB403007D
:10249000C4CA0300D8CA0300A120030000B585B058
:1024A00003900B460192ADF80A30039B002B01D13B
:1024B0000E231BE0039BBDF80A205A80019B002BD2
:1024C0000BD0019B5A88039BDA80019B1A88039BDF
:1024D0009A80019B9A88039B1A81039B5B69BDF8D4
:1024E0000A2011461846FEF7DBFF0346184605B0E2
:1024F00000BD000082B003468DF807309DF907301B
:10250000002B13DB9DF8073003F01F0209499DF9EA
:1025100007305B09012000FA02F2203341F8232042
:10252000BFF34F8F00BFBFF36F8F00BF00BF02B07C
:10253000704700BF00E100E0044BD3F80034002BEB
:1025400014BF01230023DBB218467047000001408E
:1025500008B507F0ADFF034683F00103DBB2002BA3
:1025600003D109497B20F9F7CDFBFFF7E5FF0346CF
:1025700083F00103DBB2002B04D000F081FA034B9F
:1025800000229A7000BF08BDFCCA03003C60002016
:1025900000B583B000230193174B1B78002B02D0AA
:1025A000852301931CE0144B00229A60124B0022F9
:1025B0005A60114B00221A610F4B0022DA600F485B
:1025C00000F022FA019007F073FF034683F0010345
:1025D000DBB2002B01D000F03FFA074B01221A704A
:1025E000FFF7AAFF0346002B02D0034B01229A708B
:1025F000019B184603B000BD3C600020D1260300BB
:1026000084B00190019B1B680393039B002B03D0B4
:10261000039B1A68019B1A60039B184604B070471D
:1026200000B583B0164B1B78002B04D1154940F23E
:102630001710F9F767FB124BDB68002B04D1114927
:102640004FF48C70F9F75EFB00238DF807300DF125
:102650000703184603F07AFB094BDB68013B084A85
:10266000D360074BDB68002B01D1FFF771FF9DF8AA
:102670000730184603F07EFB00BF03B000BD00BF6B
:102680003C600020FCCA030000B585B003468DF80D
:1026900007309DF80730002B02D10B4B039301E06C
:1026A0000A4B03930398FFF7ABFF0290029B002BAA
:1026B00006D0029B5B689DF8072010469847F1E71B
:1026C00000BF00BF05B000BD446000204C6000208A
:1026D00000B583B003468DF807309DF80730002B16
:1026E00005D1094B01225A700020FFF7CDFF9DF85C
:1026F0000730012B05D1044B01229A700120FFF70E
:10270000C3FF00BF03B000BD3C60002000B583B034
:1027100001900091019B002B05D1044B01225A70BE
:102720000020FFF7B1FF00BF03B000BD3C600020F8
:1027300000B585B0034600918DF807309DF807304D
:10274000032B29D0032B35DC002B02D0012B04D026
:1027500030E00020FFF7CEFE2DE000238DF80F3093
:102760000DF10F03184603F0F1FA144B1B7883F0B8
:102770000103DBB2002B01D0FFF70AFF0F4BDB6830
:1027800001330E4AD3600D4B01229A709DF80F3031
:10279000184603F0EFFA0EE0084B1B78002B04D12B
:1027A000074940F25220F9F7ADFA00F055F9FFF76A
:1027B00037FF00E000BF00BF05B000BD3C60002057
:1027C000FCCA030082B003468DF807309DF907303C
:1027D000002B0CDB9DF8073003F01F0205499DF923
:1027E00007305B09012000FA02F241F8232000BF04
:1027F00002B0704700E100E082B0034600918DF81E
:1028000007309DF90730002B0ADB009BDAB20C4938
:102810009DF907305201D2B20B4483F800230BE03C
:10282000009BDAB207499DF8073003F00F03043B21
:102830005201D2B20B441A7600BF02B0704700BFFB
:1028400000E100E000ED00E082B00190019B1B0B75
:102850005BB2184602B0704700B583B003460A4623
:102860008DF8073013468DF806309DF80630012BA1
:1028700003D99DF80630032B0BD99DF80630042BA5
:1028800003D99DF80630072B03D907496B20F9F7C8
:1028900039FA9DF806209DF9073011461846FFF7D2
:1028A000ABFF00BF03B000BD44CB030000B583B055
:1028B00003468DF807309DF907301846FFF782FF71
:1028C00000BF03B000BD000082B003468DF80730A2
:1028D0000E4A9DF90730002B00DA1F335B115BB203
:1028E00052F823209DF90730594203F01F0301F0ED
:1028F0001F0158BF4B425BB222FA03F303F00103FE
:10290000C3F30003DBB2184602B0704700E100E0F9
:1029100082B001904FF08042019BC2F8083300BFA3
:1029200002B0704782B003468DF807309DF807303B
:1029300003F1804301221A6000BF02B0704784B0E7
:102940000346ADF80630BDF8063003F1804300229F
:102950001A60BDF8063003F180431B680393039BA4
:1029600000BF04B0704782B00346ADF80630BDF832
:10297000063003F180431B68002B14BF01230023A2
:10298000DBB2184602B0704782B001904FF080422F
:10299000019BC2F8183500BF02B070474FF080436A
:1029A000D3F818341B0C03F00103C3F30003DBB2AC
:1029B0001846704700B583B006238DF807304FF0F6
:1029C0008040FFF741FF03461846FFF77DFF0346AF
:1029D00083F00103DBB2002B13D04FF08040FFF7F0
:1029E00033FF03461A469DF8073019461046FFF795
:1029F00033FF4FF08040FFF727FF03461846FFF7ED
:102A000055FF00BF03B000BD00B585B00190019B2C
:102A1000002B03D10E49A420F9F774F90023039386
:102A20000C4B1B79002B02D0852303930BE0094B41
:102A300000229A71074A019B1360064B01221A710A
:102A4000044B00225A71039B184605B000BD00BF1D
:102A50007CCB03005060002008B5074B1B79002B8E
:102A600003D10649BD20F9F74DF9FFF7A3FF002078
:102A7000FFF78AFF00BF08BD506000207CCB030039
:102A800008B50D4B1B79002B03D10C49F720F9F742
:102A900039F90220FFF73CFF4FF48270FFF74FFF38
:102AA0000C20FFF73FFF00BFFFF778FF0346002B26
:102AB000FAD100BF00BF08BD506000207CCB0300EE
:102AC00008B54FF48070FFF74EFF0346002B14D07B
:102AD0004FF48070FFF733FF0120FFF719FF264BFB
:102AE0005B7983F00103DBB2002B06D0224B01227D
:102AF0005A71214B1B68002098474FF48270FFF7F2
:102B000032FF0346002B0AD04FF48270FFF717FF05
:102B10000220FFF7FDFE184B1B68012098474FF479
:102B20008870FFF720FF0346002B0AD04FF488700F
:102B3000FFF705FF1020FFF7EBFE0F4B1B6802208D
:102B400098474FF48670FFF70EFF0346002B10D016
:102B50000A4B00221A604FF48670FFF7F0FE08203F
:102B6000FFF7D6FE044B00229A71034B1B6803202B
:102B7000984700BF08BD00BF50600020340C0040E3
:102B800082B003468DF807309DF90730002B0CDB2F
:102B90009DF8073003F01F0205499DF907305B09D6
:102BA000012000FA02F241F8232000BF02B0704772
:102BB00000E100E082B0034600918DF807309DF9F6
:102BC0000730002B0ADB009BDAB20C499DF9073075
:102BD0005201D2B20B4483F800230BE0009BDAB21F
:102BE00007499DF8073003F00F03043B5201D2B2AE
:102BF0000B441A7600BF02B0704700BF00E100E04E
:102C000000ED00E082B00190019B1B0B5BB2184607
:102C100002B0704700B583B003460A468DF807300E
:102C200013468DF806309DF80630012B03D99DF828
:102C30000630032B0BD99DF80630042B03D99DF8E1
:102C40000630072B03D907496B20F9F75BF89DF88D
:102C500006209DF9073011461846FFF7ABFF00BF6D
:102C600003B000BDC4CB030000B583B003468DF8AC
:102C700007309DF907301846FFF782FF00BF03B009
:102C800000BD00B583B00346ADF80630BDF8063090
:102C9000184600F024F803461B68012B0CBF0123E3
:102CA0000023DBB2184603B000BD00B585B0034673
:102CB000ADF80630BDF80630184600F010F80346AF
:102CC0001A4600231360BDF80630184600F007F8D6
:102CD00003461B680393039B00BF05B000BD82B091
:102CE0000346ADF80630BDF8063003F1804303F526
:102CF000C043184602B0704782B00190034A019B5E
:102D0000C2F8043300BF02B0704700BF006000404B
:102D100082B00190034BD3F80423019B1340184663
:102D200002B070470060004082B00190084A019BE9
:102D300003F5A27352F82330054943F00102019BC9
:102D400003F5A27341F8232000BF02B0704700BF13
:102D50000060004084B00390029113468DF8073064
:102D6000144A039B03F5A27352F82330114923F44C
:102D70004F3323F44073039A02F5A27241F82230D4
:102D80000C4A039B03F5A27352F82320029B1B02FB
:102D900003F47C519DF807301B0403F440330B43CC
:102DA00004491A43039B03F5A27341F8232000BF93
:102DB00004B070470060004082B00190054A019B5A
:102DC00003F5A27352F823301B0A03F03F031846A1
:102DD00002B070470060004082B00190064A019B3B
:102DE00003F5A27352F823301B0C03F00303DBB28C
:102DF000184602B0704700BF0060004000B583B0C5
:102E00000190019B1B68184600F021F90346002B36
:102E100004D10B494FF4F670F8F774FF019B1B685F
:102E20001F2B02D84FF0A04306E0019B1B6803F064
:102E30001F02019B1A60034B184603B000BD00BF80
:102E4000F4CB03000003005000B585B001900846A4
:102E500011461A4603468DF803300B468DF80230B2
:102E600013468DF8013001AB1846FFF7C7FF0390FA
:102E70009DF803209DF802305B001A439DF8013055
:102E80009B001A439DF818301B0242EA03019DF88B
:102E90001C301B04019A1943039B02F5E07243F8AE
:102EA000221000BF05B000BD00B585B003900B46F1
:102EB0008DF80B309DF80B30002201920022009219
:102EC000002200210398FFF7BFFF00BF05B000BD3F
:102ED00000B585B0019001AB1846FFF78FFF039056
:102EE000019A039B02F5E07253F8223023F00203AB
:102EF0000293019A039B02F5E072029943F82210B3
:102F000000BF05B000BD00B585B001900B468DF83F
:102F1000033001AB1846FFF771FF0390019A039B42
:102F200002F5E07253F82230019A23F44031039BFA
:102F300002F5E07243F82210019A039B02F5E07259
:102F400053F822109DF803301B04019A1943039B88
:102F500002F5E07243F8221000BF05B000BD00B5D5
:102F600085B0019001AB1846FFF748FF0390039826
:102F700000F01EF80246019B22FA03F303F001035E
:102F8000184605B000BD00B585B0019001AB1846EC
:102F9000FFF734FF0390019A039B02F5E07253F8A8
:102FA00022301B0C03F00303DBB2184605B000BD52
:102FB00082B00190019BD3F81035184602B07047DB
:102FC00088B0039002910192164A05AB92E8030083
:102FD00083E80300039B079319E0079B9B002033C2
:102FE0006B4453F80C3CD3F82025019B1A60079BD7
:102FF0009B0020336B4453F80C3C019A1268C3F8D1
:103000002025019B04330193079B01330793039A07
:10301000029B1344079A9A42DFD300BF00BF08B057
:10302000704700BF24CC030000B585B0019001AB10
:103030001846FFF7E3FE0390019B012202FA03F317
:103040001A46039BC3F8202500BF05B000BD84B01D
:103050000190019B5B09029300230393029B002BC9
:1030600003D0029B012B04D007E04FF0FF33039302
:1030700003E04FF6FF73039300BF019B03F01F03B0
:103080000193039A019B22FA03F303F00103DBB2DD
:10309000184604B0704784B001900091009B0393E0
:1030A000019BDB080293019B03F0070301930122BC
:1030B000019B02FA03F30399029A0A44127813401F
:1030C000184604B0704784B001900091009B0393B0
:1030D000019BDB080293019B03F007030193039A12
:1030E000029B13441B785AB20121019B01FA03F39E
:1030F0005BB2134359B2039A029B1344CAB21A70CB
:1031000000BF04B07047000082B001900C4A019BE0
:103110001344303393F90030002B09DB084A019B3C
:103120001344303393F90030072B01DC012300E016
:10313000002303F00103DBB2184602B0704700BF62
:103140005860002082B00190064A019B134430333E
:1031500093F90030072BCCBF01230023DBB21846C4
:1031600002B070475860002082B00190064A019B6F
:103170001344303393F90030DB43DBB2DB09DBB2BD
:10318000184602B0704700BF5860002084B003901A
:10319000029101928DF80330029B59B20E4A039BB3
:1031A000134430330A461A700B49029B019A41F8C6
:1031B00023209DF8033083F00103DBB2002B08D0FD
:1031C000029B083B039A51B2034A13440A4683F810
:1031D000602000BF04B070475860002082B00190AA
:1031E000044A019B13443033FF221A7000BF02B01F
:1031F000704700BF5860002000B583B001900349BC
:103200000198FFF760FF00BF03B000BDBC60002065
:1032100082B00190044A019B1344303393F900308B
:10322000184602B0704700BF5860002082B001907D
:10323000034A019B52F82330184602B0704700BF82
:103240005860002084B00190074A019B134460330A
:1032500093F900308DF80F309DF80F3023F0C00344
:10326000184604B0704700BF5860002084B0019039
:10327000074A019B1344603393F900308DF80F30F7
:103280009DF80F309B09DBB2184604B0704700BFB1
:103290005860002000B589B00390029113468DF864
:1032A0000730FF238DF81F309DF80730002B02D028
:1032B0000023059301E0082305939DF80730002BB8
:1032C00002D00823049301E00C230493059B06938A
:1032D00014E00F4A069B52F82330B3F1FF3F0AD1A6
:1032E0009DF80730029A06990398FFF74FFF069B57
:1032F0008DF81F3006E0069B01330693069A049B67
:103300009A42E6D39DF91F30184609B000BD00BFB0
:103310005860002082B003468DF807309DF80730D2
:10332000094A4FF0FF3142F823109DF80730072B70
:1033300007D99DF80730083B034A1344FF2283F85E
:10334000602000BF02B070475860002000B583B015
:103350002D4B93F86A30002B03D008230093009B79
:103360004EE000238DF8073011E09DF80730184635
:10337000FFF76DFE0346002B04D09DF8073018467A
:10338000FFF72CFF9DF8073001338DF807309DF8CB
:1033900007302F2BE9D900238DF8073009E09DF87D
:1033A00007301846FFF7B6FF9DF8073001338DF858
:1033B00007309DF807300B2BF1D906220021134866
:1033C00007F042FF1248FFF71DFC0346062118468E
:1033D000FFF720FC0E48FFF715FC03461846FFF7E1
:1033E00043FC4FF4BE70FFF760FC4FF00040FFF766
:1033F00083FC054B012283F86A2000230093009B85
:10340000184603B000BD00BF58600020BC6000201B
:1034100000600040044B93F86A30002B14BF012376
:103420000023DBB2184670475860002000B587B013
:103430000390029101920398FFF709FE0346002BC7
:1034400004D136494FF40C70F8F75CFC0023059367
:103450000398FFF789FE0346002B02D0082305934B
:1034600058E0029B9B78C3F34003DBB21A460199F4
:103470000398FFF70FFF03468DF813309DF91330C3
:10348000B3F1FF3F44D0029B9B78C3F38003DBB2D0
:1034900083F00103DBB2002B13D0029B9B7803F077
:1034A0000103DBB2002B03D00398FFF711FD05E009
:1034B000029B5B7819460398FFF7F6FC0398FFF729
:1034C0009BFE029B9B7803F00203DBB2002B08D02B
:1034D0009DF91300029B1B781A460399FFF73AFCEB
:1034E00018E09DF91330083B0D4A134493F960101E
:1034F000029B1B785BB29B015AB29DF91330083BCB
:103500000A4351B2064A13440A4683F8602001E098
:1035100004230593059B184607B000BD34CC030077
:103520005860002000B589B001900B468DF803303B
:103530000198FFF78CFD0346002B04D13C494FF462
:103540001870F8F7DFFB0198FFF70EFE0346002B1B
:1035500004D1374940F26120F8F7D4FB0198FFF716
:10356000F1FD0346002B2ED00198FFF751FE0346D4
:10357000083B1846FFF77AFE03468DF80F309DF89A
:103580000F30032B0DD10198FFF7E9FC0346002B08
:1035900003D003238DF81F300EE002238DF81F3077
:1035A0000AE09DF80F30012B03D102238DF81F3064
:1035B00002E003238DF81F309DF81F301946019853
:1035C000FFF7A1FC30E00198FFF79EFD0346002BBA
:1035D0002AD00198FFF71CFE03460693069B9BB278
:1035E00040339BB29B00ADF81630069B1846FFF7A0
:1035F0009BFBBDF816301846FFF757FB9DF80330CC
:10360000002B11D00198FFF703FE03461846FFF781
:103610000DFE0490049B002B06D00122069B02FAAB
:1036200003F31846FFF768FB00BF09B000BD00BFF9
:1036300034CC030000B585B00190019A022100202E
:10364000FFF7BEFC002303930BE0039B9B00019A52
:1036500013441B68002B01D0012306E0039B0133B8
:103660000393039B012BF0D90023184605B000BD3E
:1036700000B589B00190002307935DE0354A079BB0
:103680001344603393F90030B3F1FF3F50D00798F3
:10369000FFF7D8FD059001990598FFF7FCFC03465C
:1036A000002B46D00798FFF7E1FD03468DF8133055
:1036B0000598FFF768FC03468DF812309DF812302C
:1036C000022B03D103238DF81B3002E002238DF877
:1036D0001B309DF81B3019460598FFF714FC059820
:1036E000FFF7A2FC0598FFF793FD03461846FFF786
:1036F0009DFD0390039B002B1BD09DF81330032BE3
:103700000FD09DF81230022B03D19DF81330012BFE
:1037100007D09DF81230032B0BD19DF81330022BEC
:1037200007D19DF81320039B11460598984700E0A8
:1037300000BF079B01330793079B032B9ED901987A
:10374000FFF778FF0346002B95D100BF00BF09B0FB
:1037500000BD00BF5860002000B58BB00023089367
:1037600001AB00221A605A604FF48073ADF81A3032
:10377000012309930023079321E0BDF81A3018466E
:10378000FFF77FFA0346002B0ED00998FFF7C0FA27
:103790000346002B08D0BDF81A301846FFF785FA0B
:1037A000089A099B13430893099B5B000993BDF892
:1037B0001A300433ADF81A30079B01330793079B87
:1037C000072BDAD94FF4BE70FFF75BFA0346002BE4
:1037D0000DD04FF4BE70FFF768FA089B43F000432A
:1037E000089301AB1A4602210020FFF7E9FB089B72
:1037F000DBB2002B29D0012309930023079321E09A
:10380000099A089B1340002B16D00798FFF7D4FAAB
:1038100005900798FFF7E0FA03468DF813300798F4
:10382000FFF704FD0390039B002B05D09DF81320A8
:10383000039B114605989847099B5B000993079BDA
:1038400001330793079B072BDAD9089B002B03DA78
:1038500001AB1846FFF70CFF00BF0BB000BD000026
:1038600008B5064B1B68002B03D105495120F8F71A
:1038700049FA024B1B68984708BD00BFC46000208E
:1038800080CC030082B00190019B044A934201D195
:10389000034B00E00023184602B0704700200040B0
:1038A000C460002000B587B001900091019B002BFF
:1038B00003D11B497720F8F725FA0198FFF7E2FFBB
:1038C0000590059B002B25D000238DF81330002395
:1038D0008DF80B300DF10B03184602F037FA059BFB
:1038E0001B79002B03D001238DF8133005E0059BD5
:1038F000009A1A60059B01221A719DF80B30184638
:1039000002F038FA9DF81330002B03D011230393F3
:10391000039B02E000230393039B184607B000BDFE
:1039200080CC030000B585B00190019B002B03D132
:1039300009499B20F8F7E6F90198FFF7A3FF0390E8
:10394000039B002B05D0039B00221A60039B0022DF
:103950001A7100BF05B000BD80CC030082B00346E1
:103960008DF807309DF90730002B0CDB9DF80730F0
:1039700003F01F0205499DF907305B09012000FA99
:1039800002F241F8232000BF02B0704700E100E0DE
:1039900082B0034600918DF807309DF90730002B67
:1039A0000ADB009BDAB20C499DF907305201D2B212
:1039B0000B4483F800230BE0009BDAB207499DF823
:1039C000073003F00F03043B5201D2B20B441A76C6
:1039D00000BF02B0704700BF00E100E000ED00E072
:1039E00000B583B003460A468DF8073013468DF8BC
:1039F00006309DF80630012B03D99DF80630032BC5
:103A00000BD99DF80630042B03D99DF80630072BFF
:103A100003D907496B20F8F775F99DF806209DF941
:103A2000073011461846FFF7B3FF00BF03B000BDD3
:103A3000C8CC030000B583B003468DF807309DF96C
:103A400007301846FFF78AFF00BF03B000BD000033
:103A500000B585B00190019B002B0AD0064B43F0C6
:103A600001030393019B9B010293039B02989847D8
:103A700000E000BF05B000BD80CD030082B003466A
:103A80008DF807309DF8073003F1804303F5E043DC
:103A900001221A6000BF02B0704782B00346ADF841
:103AA0000630BDF8063003F1804303F5E0431B68A0
:103AB000002B14BF01230023DBB2184602B070476D
:103AC00084B00346ADF80630BDF8063003F18043FC
:103AD00003F5E04300221A60BDF8063003F180438D
:103AE00003F5E0431B680393039B00BF04B07047DA
:103AF00082B003468DF807300B468DF8063013462A
:103B00008DF805300A499DF807309DF8052051339E
:103B10001B010B4404331A6005499DF807309DF8DA
:103B2000062051331B010B441A6000BF02B07047DE
:103B30000070004082B00190034A019BC2F8043338
:103B400000BF02B0704700BF0070004082B001901B
:103B5000034A019BC2F8083300BF02B0704700BFA0
:103B600000700040024B0122C3F8002500BF7047DF
:103B70000070004082B001900091054A019BC2F89C
:103B80002C36034A009BC2F8303600BF02B07047A3
:103B90000070004082B003468DF80730034A9DF85C
:103BA0000730C2F8F03500BF02B070470070004027
:103BB00082B003468DF80730034A9DF80730C2F8FB
:103BC000F43500BF02B0704700700040024BD3F8DC
:103BD000F435DBB2184670470070004000B583B082
:103BE000034600918DF80730009B1B7803F0030219
:103BF000009B5B781B0103F030031A43009B9B780A
:103C00001B0203F4E0631A43009BDB781B0303F4FD
:103C100080531A43009B1B791B0403F4E0231A43CF
:103C2000009B5B791B0503F4801342EA0301009BB0
:103C30009B791B0603F080720A489DF807300A43FF
:103C40001B01034403F5A3631A60009BD979009B11
:103C50001A7A9DF807301846FFF74AFF00BF03B0F5
:103C600000BD00BF0070004000B58FB04FF48270FF
:103C7000FFF713FF0346002B46D04FF48270FFF787
:103C80001FFF8E4B93F82E3083F00103DBB2002B25
:103C900004D18A4B93F82F30002B35D000238DF8B8
:103CA0001C30864B5B680893844B1B899BB2ADF834
:103CB0002430824BDB68002B03D1804B00221A7426
:103CC00019E07E4B1A8B7D4B5A837C4BDB687B4A19
:103CD00053607A4B1A8B794B1A81784B0022DA6049
:103CE000764B93F82E3083F00103DBB2002B02D029
:103CF0000020FFF7C3FE714B1B6807AA10469847C8
:103D00006E4B002283F82F206C4B93F82E30002B43
:103D10005ED04FF48070FFF7C0FE0346002B57D0F3
:103D20004FF48070FFF7CCFE644B5B8B634A92F8D4
:103D30002D2093421BD9614B5B8B604A92F82D205A
:103D40009B1A9AB25D4B5A835C4B5A685B4B1B893A
:103D50009BB21946594B5B8BCB1A5B001344574AF5
:103D600092F82D2011461846FFF704FF29E0534B27
:103D70005B8B524A92F82D20934214D14F4BDB6853
:103D8000002B10D04D4B012283F82F204B4B0022EB
:103D90005A834A4BDB68494A92F82D20114618464F
:103DA000FFF7E8FE0DE0454B5B8B444A92F82D206F
:103DB000934206D1414B012283F82F203F4B002232
:103DC0005A834FF48270FFF77BFE0420FFF756FE04
:103DD0004FF48870FFF761FE0346002B0ED04FF4BE
:103DE0008870FFF76DFE354B00221A7402238DF8A0
:103DF0001030324B1B6804AA104698474FF48A7063
:103E0000FFF74BFE0346002B07D04FF48A70FFF7F5
:103E100057FE2A4B00221A744CE0284B5B690D9325
:103E200045E00D9B0A930A9B002B01D1202303E060
:103E30000A9BB3FA83F3DBB20C934FF000420C9B66
:103E400022FA03F3DB430D9A13400D930C9B9BB2B4
:103E500046339BB29B00ADF82E30BDF82E3018468D
:103E6000FFF71BFE0346002B21D0BDF82E3018466D
:103E7000FFF726FE01238DF80430BDF82E30A3F5A0
:103E80008C73DB08DBB28DF80830BDF82E30A3F55B
:103E90008C7303F00403C3F3800383F00103DBB2EC
:103EA0008DF80930054B1B6801AA104698470D9BF9
:103EB000002BB6D100BF0FB000BD00BFCC6000200A
:103EC00000B585B001900091019B002B03D13249D0
:103ED000D820F7F717FF009B002B03D12E49DA20DB
:103EE000F7F710FF2D4B93F82C30002B03D008234D
:103EF0000393039B4CE0294A009B1360019B1B78B2
:103F00001846FFF747FE019B5B781846FFF750FE07
:103F1000019BDA78214B83F82E20204B012283F875
:103F20002C201E4B00221A741C4B002283F82D20DB
:103F30001A4B00225A61194B002283F82F206FF090
:103F40000040FFF703FE4FF48270FFF7B9FD4FF416
:103F50008070FFF7B5FD4FF48A70FFF7B1FD019B4C
:103F60009B7819460720FFF73BFD0720FFF762FD0E
:103F70000220FFF7DFFD094B93F82E30002B02D013
:103F80000120FFF7D7FDFFF7EDFD00230393039B0F
:103F9000184605B000BD00BF30CD0300CC60002046
:103FA00000B585B0034600918DF80730384B93F883
:103FB0002C30002B04D137494FF49370F7F7A2FE51
:103FC0009DF80730072B04D9324940F22710F7F744
:103FD00099FEFFF7FBFD0346002B09D02C4B93F80D
:103FE0002D30002B04D02B4940F22910F7F78AFE20
:103FF000009BDB790D2B03D8009BDB79002B04D1D0
:10400000244940F22D10F7F77DFE009B1B7A0D2B03
:1040100004D9204940F22F10F7F774FE1C4B1B7C8B
:10402000DBB2002B03D011230393039B2DE09DF8FB
:104030000730174A0C335B0013441B79002B07D160
:10404000134B93F82D300133DAB2114B83F82D2046
:104050009DF80730009AD1790D4A0C335B00134468
:104060000A461A719DF80730009A117A084A0C33F3
:104070005B0013440A465A719DF8073000991846B0
:10408000FFF7ACFD00230393039B184605B000BD6A
:10409000CC60002030CD030000B589B0034600910C
:1040A0008DF807304F4B1B7CDBB2002B03D0112364
:1040B0000393039B93E04B4B01221A740320FFF7F9
:1040C00045FD01210098FFF755FD464B93F82D3033
:1040D000012B0FD90023079309E0079BDBB20022D5
:1040E00000211846FFF704FD079B01330793079B48
:1040F000072BF2D99DF807303A4A0C335B00134482
:1041000019799DF80730374A0C335B0013445A790C
:104110009DF807301846FFF7EBFC0020FFF7AEFCD8
:104120000420FFF7ABFC00238DF81B3042F2107324
:1041300005934FF48270FFF7B0FC0346002B03D0C9
:1041400001238DF81B3008E00020FFF781FC059B60
:10415000013B0593059B002BEBD19DF81B30002BF9
:1041600004D1214940F2A510F7F7CCFD4FF480703F
:10417000FFF7A6FC4FF48270FFF7A2FC194B93F8EF
:104180002D30012B19D90023049313E0049BD8B2DE
:10419000144A049B0C335B0013441979114A049BA5
:1041A0000C335B0013445B791A46FFF7A1FC049BB8
:1041B00001330493049B072BE8D90A4B93F82E3064
:1041C000002B03D00320FFF7B5FC02E00220FFF72D
:1041D000B1FC044B00221A7400230393039B18467E
:1041E00009B000BDCC60002030CD030000B585B023
:1041F00001900B46ADF802304C4B93F82C30002B5D
:1042000004D14B4940F2C910F7F77CFDBDF80230EC
:10421000464A92F82D2093FBF2F101FB02F29B1A21
:10422000002B04D042494FF4E570F7F76BFD1220E4
:10423000FFF78CFC3D4B1B7CDBB2022B06D112201E
:10424000FFF778FC11230393039B6BE0374B1B7C38
:10425000DBB2012B35D1354BDB68002B06D00220B9
:10426000FFF768FC11230393039B5BE02F4A019B3C
:10427000D3602E4ABDF8023013832C4B93F82E30B6
:1042800083F00103DBB2002B14D000BF4FF4807029
:10429000FFF703FC034683F00103DBB2002BF5D1EB
:1042A0004FF48070FFF70CFCBDF8023019460198FE
:1042B000FFF760FC0220FFF73DFC00230393039B04
:1042C00030E00220FFF736FC184B01221A74174A1F
:1042D000019B5360154ABDF802301381134B002235
:1042E000DA60124B93F82E30002B0BD00F4ABDF83A
:1042F000023053830D4B93F82D3019460198FFF788
:1043000039FC0CE0BDF8023019460198FFF732FC89
:104310004FF48070FFF7D4FB0020FFF7AFFB0023C2
:104320000393039B184605B000BD00BFCC6000207E
:1043300030CD030082B003468DF807309DF9073079
:10434000002B0CDB9DF8073003F01F0205499DF997
:1043500007305B09012000FA02F241F8232000BF78
:1043600002B0704700E100E082B003468DF80730EC
:104370009DF90730002B13DB9DF8073003F01F0277
:1043800009499DF907305B09012000FA02F2203348
:1043900041F82320BFF34F8F00BFBFF36F8F00BFE3
:1043A00000BF02B0704700BF00E100E082B00346EA
:1043B00000918DF807309DF90730002B0ADB009B38
:1043C000DAB20C499DF907305201D2B20B4483F89E
:1043D00000230BE0009BDAB207499DF8073003F099
:1043E0000F03043B5201D2B20B441A7600BF02B055
:1043F000704700BF00E100E000ED00E082B00190F6
:10440000019B1B0B5BB2184602B0704700B583B02E
:1044100003460A468DF8073013468DF806309DF89E
:104420000630012B03D99DF80630032B0BD99DF8DC
:104430000630042B03D99DF80630072B03D9074912
:104440006B20F7F75FFC9DF806209DF907301146B9
:104450001846FFF7ABFF00BF03B000BD88CD0300D7
:1044600000B583B003468DF807309DF90730184634
:10447000FFF760FF00BF03B000BD00B583B0034687
:104480008DF807309DF907301846FFF76DFF00BF24
:1044900003B000BD82B001900B468DF803309DF84B
:1044A0000330019A134401221A6000BF02B0704722
:1044B00084B001900B46ADF80230BDF80230019A8D
:1044C000134400221A60BDF80230019A13441B689D
:1044D0000393039B00BF04B0704782B001900B466A
:1044E000ADF80230BDF80230019A13441B68002B6E
:1044F00014BF01230023DBB2184602B0704782B01C
:1045000001900091019BD3F80022009BDB431A40ED
:10451000019BC3F8002200BF02B0704782B0019037
:104520000091019B009AC3F8042300BF02B07047BA
:1045300082B001900091019B009AC3F8082300BF4C
:1045400002B0704782B00190019B0522C3F800259C
:1045500000BF02B0704782B00190019B0022C3F8F7
:10456000002500BF02B0704784B003900291019211
:10457000039B029AC3F80825039B019AC3F80C25F4
:1045800000BF04B0704782B00190019BD3F808359A
:10459000184602B0704782B00190019BD3F80C35E9
:1045A000184602B0704782B001900091019B009ABA
:1045B000C3F8242500BF02B0704784B00190019B6E
:1045C000D3F8C4340393019B039AC3F8C424039B18
:1045D000184604B0704782B001900B468DF8033046
:1045E0009DF80320019BC3F8882500BF02B07047E7
:1045F00082B00190019BD3F81835DBB2184602B0A7
:10460000704782B001900B468DF803309DF803206F
:10461000019BC3F81C2500BF02B0704782B0019017
:104620000091019B009AC3F8002200BF02B07047BE
:1046300000B583B00190019B1B68184600F05EF83E
:104640000346002B04D10B494FF4F670F7F75AFBE1
:10465000019B1B681F2B02D84FF0A04306E0019B73
:104660001B6803F01F02019B1A60034B184603B03E
:1046700000BD00BFB8CD03000003005000B585B0F9
:104680000190084611461A4603468DF803300B4642
:104690008DF8023013468DF8013001AB1846FFF754
:1046A000C7FF03909DF803209DF802305B001A437A
:1046B0009DF801309B001A439DF818301B0242EA16
:1046C00003019DF81C301B04019A1943039B02F55A
:1046D000E07243F8221000BF05B000BD00B585B000
:1046E0000390002301930023009300230122002163
:1046F0000398FFF7C3FF00BF05B000BD84B0019071
:10470000019B5B09029300230393029B002B03D0C0
:10471000029B012B04D007E04FF0FF33039303E02B
:104720004FF6FF73039300BF019B03F01F03019338
:10473000039A019B22FA03F303F00103DBB218464C
:1047400004B0704784B0019003230393019B03F0EE
:104750000103002B02D04FF402430393019B03F0AB
:104760000203002B02D048F201230393019B03F0C4
:104770000403002B02D048F202230393039B184644
:1047800004B0704700B583B001900091009B5A6B54
:10479000009B9B6A9A4207D00198FFF7DCFE0198C4
:1047A000FFF7D0FE002300E00123184603B000BD50
:1047B00000B58BB00590049103920293049B002BEB
:1047C00003D14C49AA20F7F79DFA049B1A68049B71
:1047D0005B689A4203D14749AB20F7F793FA059BF0
:1047E0001B791A4613461B019B1A9B00424A13442D
:1047F0000893089B93F82E30002B03D008230793CF
:10480000079B74E0059B1A68059B1B7919463B4B77
:1048100053F8213019461046FFF744F80346002BA1
:1048200003D011230793079B61E0089B039A1A604A
:10483000089B029A5A60089B00229A60089B0022FB
:1048400083F82D20089B002283F83120089B00224A
:1048500083F83020049B5A7B089B83F83820049B04
:1048600018680023019306230093032300220021EC
:10487000FFF704FF049B586800230193062300936D
:10488000032300220021FFF7F9FE059B1B68099313
:10489000049B1968049B5B681A460998FFF764FE3D
:1048A000049B9B6819460998FFF77DFE089B1B68CF
:1048B000002B15D0059B1B681846FFF79FFD03468C
:1048C0001A46049B1B7B19461046FFF79FFD059B6C
:1048D0001B681846FFF792FD03461846FFF7C0FD18
:1048E000089B012283F82E2000230793079B18467C
:1048F0000BB000BDECCD0300FC60002030CE030007
:1049000000B585B00190019B1B791A4613461B0127
:104910009B1A9B001C4A13440393039B1B68002BA8
:1049200008D0019B1B681846FFF768FD0346184630
:10493000FFF7A3FD019800F051F8019B1B68184692
:10494000FEF7F0FF039B93F8383083F00103DBB2EE
:10495000002B11D0019B1B681846FFF714FE03467D
:104960001846FFF7BBFE019B1B681846FFF713FEB6
:1049700003461846FFF7B2FE039B002283F82E2061
:1049800000BF05B000BD00BFFC60002000B585B0D1
:104990000190019B1B791A4613461B019B1A9B0031
:1049A0000C4A13440393039B93F82E30012B04D03D
:1049B00009494FF48570F7F7A5F9019B1B6802932D
:1049C0000298FFF7BFFD039B022283F82E2000BF51
:1049D00005B000BDFC600020ECCD030000B585B043
:1049E0000190019B1B791A4613461B019B1A9B00E1
:1049F0000B4A13440393019B1B68029309490298D5
:104A0000FFF796FD03210298FFF779FD0298FFF763
:104A1000A2FD039B012283F82E2000BF05B000BD3C
:104A2000FC6000208642040000B583B00190009134
:104A3000009B5A6B009B9B6A9A420AD2009B5A6A5F
:104A4000009B5B6B13441B7819460198FFF7D9FD57
:104A50001EE0009B93F82C30002B05D01C21019800
:104A6000FFF718FD002314E0009B1B6A03F04003CE
:104A7000002B09D01C210198FFF70CFD009B01229F
:104A800083F82D20002304E014210198FFF702FD94
:104A90000123184603B000BD10B582B0019000910B
:104AA000009B5A6B009B9B6A9A4244D2009B5A6AB5
:104AB000009B5B6BD4180198FFF79AFD03462370A7
:104AC000009B5B6B5A1C009B5A63009B5A6B009BBC
:104AD0009B6A013B9A420AD1009B1B6A03F0400388
:104AE000002B04D102210198FFF798FD1FE0009BE5
:104AF0005A6B009B9B6A9A4207D1009B1B6A03F08A
:104B00004003002B01D1012316E0009B5A6B009B50
:104B10009B6A9A420BD1009B1B6A03F04003002B57
:104B200005D0009B022283F82D20002304E02021E1
:104B30000198FFF7AFFC0123184602B010BD00B585
:104B400085B00190009100238DF80F304FF48271F1
:104B50000198FFF7C2FC0346002B07D04FF4827187
:104B60000198FFF7A5FC01238DF80F30009B93F807
:104B70002F30002B0FD04FF492710198FFF798FC63
:104B80004FF48E710198FFF793FC4FF484710198F4
:104B9000FFF78EFC78E04FF492710198FFF79DFCCF
:104BA0000346002B0DD04FF492710198FFF780FC63
:104BB00014210198FFF76EFC009B012283F82F203F
:104BC00062E04FF48E710198FFF787FC0346002BDB
:104BD0002BD04FF48E710198FFF76AFC009B5B6B42
:104BE0005A1C009B5A634FF492710198FFF775FCB1
:104BF0000346002B0DD04FF492710198FFF758FC3B
:104C000014210198FFF746FC009B012283F82F2016
:104C10003AE000990198FFF707FF034683F001038C
:104C2000DBB2002B30D0002354E04FF484710198A4
:104C3000FFF753FC0346002B26D04FF484710198F4
:104C4000FFF736FC4FF492710198FFF746FC0346DC
:104C5000002B0DD04FF492710198FFF729FC14211D
:104C60000198FFF717FC009B012283F82F200BE02F
:104C700000990198FFF710FF034683F00103DBB2B0
:104C8000002B01D0002325E09DF80F30002B20D011
:104C9000009B002283F82D20009B93F82F3083F097
:104CA0000103DBB2002B12D000990198FFF76AFDD7
:104CB0000346002B14BF01230023DBB283F0010362
:104CC000DBB203F00103DAB2009B83F82F2000234C
:104CD00000E00123184605B000BD000000B587B014
:104CE0000190009100230593374B03934FF4827199
:104CF0000198FFF7DDFB4FF492710198FFF7D8FBA5
:104D00004FF48E710198FFF7D3FB4FF48471019833
:104D1000FFF7CEFB00210198FFF780FC009B0022EB
:104D20005A63009B002283F82F2020210198FFF76F
:104D3000B1FB009B93F82D30012B03D00821019883
:104D4000FFF7A8FB00990198FFF76EFE009B1B6818
:104D5000002B0DD0009B40F286229A60009B9B683E
:104D600019460198FFF7DAFB2AE0039B013B039306
:104D7000039B002B06DD00990198FFF7E0FE034638
:104D8000002BF2D1009B93F82F30002B0DD001980F
:104D9000FFF713FC0490049B002B04D00498FFF74A
:104DA000D1FC059001E003230593039B002B07DC56
:104DB0000198FFF7D0FB0198FFF7C4FB032305938D
:104DC000059B184607B000BDA086010000B587B05E
:104DD00001900091002305933D4B03934FF48271A2
:104DE0000198FFF765FB4FF492710198FFF760FBA4
:104DF0004FF48E710198FFF75BFB4FF484710198BB
:104E0000FFF756FB009B00225A63009B002283F8A9
:104E10002F20009B9B6A012B0AD1009B1B6A03F089
:104E20004003002B04D102210198FFF7F7FB03E0B8
:104E300001210198FFF7F2FB20210198FFF72AFBDF
:104E4000009B93F82D30022B03D000210198FFF72F
:104E500021FB009B1B68002B0DD0009B40F286229B
:104E60009A60009B9B6819460198FFF757FB2AE060
:104E7000039B013B0393039B002B06DD00990198E4
:104E8000FFF75DFE0346002BF2D1009B93F82F3015
:104E9000002B0DD00198FFF790FB0490049B002B92
:104EA00004D00498FFF74EFC059001E0032305931E
:104EB000039B002B07DC0198FFF74DFB0198FFF7E0
:104EC00041FB03230593059B184607B000BD00BFB7
:104ED000A086010030B587B0039002910192009343
:104EE00000230593029B93F82D30012B05D1019BE4
:104EF0001B78012B01D108236DE0029B93F82D3024
:104F0000022B05D1019B1B78012B01D0082362E005
:104F100032490398FFF70CFB029B93F83030DBB269
:104F2000002B09D0029B9B6819460398FFF7F6FAFD
:104F300011230593059B4EE0009B03F00403C3F38C
:104F4000800383F00103DAB2029B83F83020029BD6
:104F5000009A1A62029B019A03F10C0415460FCDC8
:104F60000FC42B682360019B5A68029B9A62019BC5
:104F7000DA68029B5A62019B5B7819460398FFF737
:104F80002AFB019B1B78012B17D0019B1B78002B60
:104F900004D1009B03F02003002B01D0012300E08B
:104FA000002303F00103DAB2029B83F82C2002995C
:104FB0000398FFF793FE059004E002990398FFF72A
:104FC00005FF0590029B1B68002B03D1029B00226A
:104FD00083F83020059B184607B030BD8642040098
:104FE00000B587B003900291019200230593039BC3
:104FF0001B791A4613461B019B1A9B00144A134443
:105000000493049B1B68002B08D1029B1B78022B86
:1050100004D1104940F28620F6F774FE049B1B6809
:10502000002B08D1029B1B78032B04D1094940F2C5
:105030008720F6F767FE039B1868019B029A049984
:10504000FFF748FF0590059B184607B000BD00BF5D
:10505000FC600020ECCD030000B58BB00390019202
:1050600000930B468DF80B3000238DF814309DF81B
:105070000B308DF81530009B069300230793019B9E
:105080000893002309939DF83030002B01D0202293
:1050900000E0002205AB19460398FFF7A1FF034685
:1050A00018460BB000BD00B58BB003900192009381
:1050B0000B468DF80B3001238DF814309DF80B3022
:1050C0008DF81530009B069300230793019B0893EE
:1050D0000023099305AB002219460398FFF780FFD0
:1050E000034618460BB000BD30B58BB0019000915F
:1050F000009B1B68002B04D1494940F2BA20F6F707
:1051000001FE00990198FFF71AFD0346002B40F0BD
:105110008480009B93F82F3083F00103DBB2002BD7
:1051200031D0009B1B7B022B03D0009B1B7B032BEE
:1051300029D1009B5A6A009B9B699A4223D1009B0C
:10514000DA69009B5A62009B5A69009B9A62009B35
:105150001B6A03F02003C3F34013DAB2009B83F809
:105160002C20009B002283F82D20009B1B7B032B0F
:1051700004D100990198FFF7B1FD4FE00099019823
:10518000FFF724FE4AE0009B04AC03F10C050FCDB1
:105190000FC42B682360009B93F82F30002B22D084
:1051A0000198FFF70AFA0990099B03F00203002B0C
:1051B00003D001238DF80C3018E0099B03F00403A1
:1051C000002B03D002238DF80C300FE0099B03F075
:1051D0000103002B03D003238DF80C3006E00423D9
:1051E0008DF80C3002E000238DF80C30009B00227B
:1051F00083F83020009B1B6A03F00403002B04D0CB
:10520000009B93F82F30002B08D0009B1B68009A5E
:10521000516803AA1046984700E000BF0BB030BDAC
:10522000ECCD030008B503490348FFF75DFF00BF5D
:1052300008BD00BFFC6000200030004086B0039035
:105240000291019201238DF817309DF81730204A02
:10525000039B13601E4A029B53601D4A019B93608F
:10526000039B44F20102934212D0039B44F20202D8
:10527000934220D1019B164AD360154BDB681B6813
:10528000134A9361124BDB685B68114AD36112E0E9
:10529000019B0F4A13610E4B1B699B680C4A5361BB
:1052A0000B4B1B691B680A4A9361094B1B695B68BE
:1052B000074AD36100BF72B600BF00BF9DF8173028
:1052C000DBB2002BFAD162B600BF00BF06B0704758
:1052D0003861002000B583B002900091019244F241
:1052E000010071466A4600F003F803B000BD00BF3C
:1052F00030B58BB007900691059272B600BF04F0EE
:1053000043FB04F0FDF80346002BFAD1079B44F25F
:10531000020293422FD0079B44F20202934269D8C3
:10532000079B44F20102934237D0079B44F20102EB
:1053300093425FD8079B012B05D0079B41F20102E6
:1053400093420CD056E0394A394BD31ADB081B0480
:1053500043F001033749184604F04AF857E0334A4E
:10536000334BD31ADB081B0443F0010332491846C0
:1053700004F03EF84BE0059B09932C4A2C4BD31AC2
:10538000DB081B0443F00100099B5B681A46099B7C
:105390001B682A4904F049F839E0059B0893234A21
:1053A000234BD31ADB081B0443F00104089B9D68C0
:1053B000089B9B68184603F079FB03461846089B38
:1053C0005B681946089B1B68069A0292019300913C
:1053D00003462A461A49204604F04FF8134A144B54
:1053E000D31ADB081B0443F001031649184603F0E7
:1053F000FFFF0CE00D4A0E4BD31ADB081B0443F0F1
:105400000103069A1049184603F0FFFF00BF0F4B37
:105410001B6803F00103002B00D000BE059A06991B
:105420000798FFF70BFF00BF0BB030BDA4B403001B
:105430007CB4030034CE030054CE030078CE0300C6
:1054400094CE0300BCCE0300D0CE0300F0ED00E00C
:105450002DE9F04383B0144801F070F803460022B0
:105460001C461546114BD3E9002314EB020845EB0B
:105470000309CDE900890E4BD3E90023DDE90001E2
:10548000904271EB030307D2DDE9002312F180762D
:1054900043F10007CDE90067DDE900231046194616
:1054A00003B0BDE8F08300BF885400206061002095
:1054B0006861002088B001900091019B0793009BD8
:1054C0000693079BD3E90223CDE90423069BD3E986
:1054D0000223CDE90223DDE90423DDE90201904244
:1054E00071EB03032CBF01230023DBB2184608B085
:1054F00070470000F0B585B00190019B5B69002BFF
:1055000003D14349A520F6F7FDFB00238DF80F30AA
:10551000404B1B78002B75D0019B002B72D0FFF7FE
:1055200097FF019BD3E90223904271EB030358D309
:1055300000238DF80D300DF10D03184600F006FC28
:10554000019B1B69002B06D101994FF0FF324FF0F0
:10555000FF33C1E902239DF80D30184600F00AFC24
:10556000019B5B69019A92691046984700238DF868
:105570000C3003AB184600F0E9FB019B1B69002BC4
:105580001AD0019BD3E90223B3F1FF3F08BFB2F168
:10559000FF3F11D0019BD3E9022301990969002043
:1055A0000C460546161943EB0507019BC3E9026744
:1055B00001238DF80E3002E000238DF80E309DF8A7
:1055C0000C30184600F0D6FB9DF80E30002B19D099
:1055D000019B1946104803F0CBF901238DF80F30D9
:1055E00010E0019BD3E90223B3F1FF3F08BFB2F102
:1055F000FF3F07D0019B1946074803F0B9F9012383
:105600008DF80F309DF80F30184605B0F0BD00BF83
:10561000F4CE03005C61002040CF030030B58BB0B6
:10562000019000910D230993009B00221A70019BA9
:10563000D3E90223CDE90623FFF70AFFDDE90623BC
:10564000141A63EB0105CDE90245DDE90223012AC5
:1056500073F1000319DB029BB3F5350F06D300F09D
:10566000FBFA0246154B1344059301E0069B059394
:105670004FF49603059A0021114800F059FE099055
:10568000099B002B05D1012314E000210C4800F0F8
:1056900023FF099B0D2B07D10198FFF72BFF034632
:1056A0001A46009B1A7004E006494FF48670F6F71C
:1056B00029FB002318460BB030BD00BFFFFFB4002C
:1056C00088540020F4CE030000B583B0034803F0F3
:1056D00087F90190019B184603B000BD40CF03003D
:1056E00000B583B0034803F09BF90190019B184675
:1056F00003B000BD40CF030000B583B0FFF7E4FF67
:105700000190019B002B06D001994FF0FF324FF022
:10571000FF33C1E90223019B002BEFD100BF00BF83
:1057200003B000BD054BD3E9002312F1807043F1B3
:105730000001024BC3E9000100BF70476061002017
:1057400010B582B00190124B1B68002B1DD0019840
:1057500000F0F4FE04460021019800F0E1FE03464B
:105760001946204600F06CFA0346B3F5960F04D3B1
:10577000084940F24110F6F7C5FA054B1B68184678
:10578000FFF7B8FE024B00221A6000BF02B010BD46
:1057900058610020F4CE030000B583B00190FFF7FC
:1057A00057FE02460B460349C1E9002300BF03B080
:1057B00000BD00BF6861002000B587B00190FFF711
:1057C0008FFF049000238DF81730049B002B58D0D6
:1057D000049BD3E90223B3F1FF3F08BFB2F1FF3FBF
:1057E00002D1FFF771FF54E02D4B1B68002B03D152
:1057F00001238DF817301DE0049BD3E90201284BEB
:105800001B68D3E90223904271EB030312D20123F8
:105810008DF81730224B1B68D3E90223B3F1FF3F09
:1058200008BFB2F1FF3F05D01D4B1B6819461D484C
:1058300003F09EF89DF81730002B2BD0FFF744FFA4
:1058400004900DF10F0319460498FFF7E7FE034695
:10585000002B12D0124B1B68002B02D1019800F0D4
:1058600079FC0F4A049B13609DF80F3083F001030D
:10587000DBB2002BA3D000BF0FE0094B00221A605F
:105880009DE7074B1B68002B06D1019800F078FCC0
:1058900002E094E700BF00E000BF00BF07B000BD1A
:1058A0005861002040CF030000B587B001902A4A1C
:1058B00003AB1946104600F071FF049045E0049BCD
:1058C0001B78022B2BD0022B2FDC002B02D0012BBC
:1058D00011D02AE0049B5B68D3E90223B3F1FF3FB8
:1058E00008BFB2F1FF3F22D0049B5B6819461B48FA
:1058F00003F03EF81BE0049B5A68194B1B689A4260
:1059000003D1174B00221A6012E0049B5B68194612
:10591000124803F097F803468DF8173008E0FFF7B8
:10592000EBFE104B01221A7002E000BF00E000BF46
:10593000094A03AB1946104600F048FF064A03AB7C
:105940001946104600F02AFF0490049B002BB6D1A4
:1059500000BF00BF07B000BDC861002040CF0300FA
:10596000586100205C61002000B583B0019001986F
:1059700000F0A6FD0346002B01D0FFF7D3FE002167
:10598000019800F0B9FD0346002B02D00198FFF703
:10599000D7FE0121019800F0AFFD0346002B02D095
:1059A0000198FFF7F9FE0198FFF77EFF0198FFF7D6
:1059B00003FF00BF03B000BD08B5024800F0CAFDF8
:1059C00000BF08BD8854002000B585B00346009193
:1059D0008DF80730104A02AB1946104600F0B3FEAE
:1059E0000390039B002B13D0039B9DF807201A7094
:1059F000039B009A5A60084A02AB1946104600F011
:105A0000BAFE0346002B01D0FFF7D6FF002300E0CB
:105A10000423184605B000BDC861002000B583B05E
:105A2000154B1B680093154808235822144900F0B1
:105A300044FE0190019B002B01D0019B19E06B46B5
:105A4000104A1946104800F009FB0190019B002BF9
:105A500001D0019B0DE001210B4800F021FD012345
:105A60000A4A0121084800F0A1FB094B01221A70E3
:105A7000019B184603B000BD3CCF0300C861002065
:105A8000706100206959030088540020FFFF7F00E7
:105A90005C61002000B587B003900B4601928DF841
:105AA0000B30039B002B04D1164940F25A20F6F725
:105AB00029F9019B002B04D1124940F25B20F6F733
:105AC00021F9019B002B01D1072317E0039B1B68E1
:105AD000059305994FF0FF324FF0FF33C1E90223E0
:105AE000059B019A5A619DF80B30012B0CBF0123D5
:105AF0000023DBB21A46059B1A610023184607B043
:105B000000BD00BFF4CE0300F0B589B00390029150
:105B10000192039B002B04D1264940F26B20F6F73B
:105B2000F1F8039B069300238DF817300DF117034E
:105B3000184600F00BF9069BD3E90223B3F1FF3FAF
:105B400008BFB2F1FF3F11D1FFF782FC02460B46BE
:105B5000029900200C460546161943EB0507069BE3
:105B6000C3E9026701238DF81F3002E000238DF89E
:105B70001F309DF81730184600F0FCF89DF81F30D4
:105B800083F00103DBB2002B01D000230EE0069B63
:105B9000019A9A61069B1B69002B02D0069B029A10
:105BA0001A6106990020FFF70FFF0346184609B057
:105BB000F0BD00BFF4CE030000B587B00190019B9B
:105BC000002B04D11D4940F29320F6F79BF8019B6E
:105BD000049300238DF80F300DF10F03184600F0E9
:105BE000B5F8049BD3E90223B3F1FF3F08BFB2F13C
:105BF000FF3F03D100238DF8173009E004994FF0DF
:105C0000FF324FF0FF33C1E9022301238DF8173033
:105C10009DF80F30184600F0ADF89DF8173083F06E
:105C20000103DBB2002B01D0002304E00499012022
:105C3000FFF7CAFE0346184607B000BDF4CE0300C6
:105C400082B001900091019A009BD31A23F07F4308
:105C5000184602B07047000008B5034800F06EFC1B
:105C60000346184608BD00BF8854002082B0EFF3F9
:105C700010830093009B019372B600BF019B1846EE
:105C800002B0704762B600BF00BF704700B585B074
:105C90000190FFF7EBFF0390154B9B68002B1BD186
:105CA000134B01229A60134BD3F88020124B134000
:105CB0000F4A13600F4B104AC3F880200D4BD3F8E6
:105CC00084300B4A53600B4B4FF0FF32C3F88420F3
:105CD000019B00221A7002E0019B01221A70039BB3
:105CE000002B01D1FFF7CEFF0023184605B000BD01
:105CF000DC61002000E100E0FC06FFBD00B585B0DE
:105D000003468DF807300F4B9B68002B16D09DF88B
:105D10000730002B12D1FFF7A9FF03900A4A094B65
:105D20001B681360084A074B5B685360054B0022F1
:105D30009A60039B002B01D1FFF7A4FF00231846B4
:105D400005B000BDDC61002000E100E000B583B0DB
:105D5000019000F027F80346012B03D004494320AB
:105D6000F5F7D0FF0198FFF791FF00BF03B000BD2A
:105D70004CCF030000B583B003468DF8073000F028
:105D800011F80346012B03D005495120F5F7BAFF5E
:105D90009DF807301846FFF7B1FF00BF03B000BD04
:105DA0004CCF030084B0EFF305830193019BC3F351
:105DB00008030393039B002B0DD1EFF3148300938F
:105DC000009B0293029B03F00103C3F3000383F0E3
:105DD0000103DBB200E00123184604B07047000065
:105DE00082B003468DF807309DF90730002B0CDB9D
:105DF0009DF8073003F01F0205499DF907305B0944
:105E0000012000FA02F241F8232000BF02B07047DF
:105E100000E100E082B003468DF807309DF90730BD
:105E2000002B0DDB9DF8073003F01F0206499DF99A
:105E300007305B09012000FA02F2403341F82320C9
:105E400000BF02B0704700BF00E100E082B003462F
:105E500000918DF807309DF90730002B0ADB009B7D
:105E6000DAB20C499DF907305201D2B20B4483F8E3
:105E700000230BE0009BDAB207499DF8073003F0DE
:105E80000F03043B5201D2B20B441A7600BF02B09A
:105E9000704700BF00E100E000ED00E000B583B016
:105EA00003460A468DF8073013468DF806309DF8F4
:105EB0000630012B03D99DF80630032B0BD99DF832
:105EC0000630042B03D99DF80630072B03D9074968
:105ED0006B20F5F717FF9DF806209DF90730114656
:105EE0001846FFF7B3FF00BF03B000BD9CCF03000F
:105EF00000B583B003468DF807309DF9073018468A
:105F0000FFF76EFF00BF03B000BD000000B585B015
:105F10000190019B002B0AD0064B43F00103039331
:105F2000019B9B010293039B0298984700E000BFEE
:105F300005B000BD90D0030084B00390029101929F
:105F4000039B029A02F5A872019943F8221000BF40
:105F500004B0704782B001900091019B009A02F555
:105F6000A87253F82230184602B0704782B00190F0
:105F70000091019B009AC3F8042300BF02B0704750
:105F800082B001900091019B009AC3F8082300BFE2
:105F900002B0704782B001900B46ADF80230BDF8F8
:105FA0000230019A13441B68184602B0704784B04F
:105FB00001900B46ADF80230BDF80230019A13444F
:105FC00000221A60BDF80230019A13441B68039343
:105FD000039B00BF04B0704782B00190019BD3F8CF
:105FE0000435184602B0704700B583B001900091A7
:105FF000009BB3F5805F04D305494FF4BE70F5F7FD
:1060000081FE019B009AC3F8082500BF03B000BDC4
:10601000CCCF030082B001900B468DF803309DF881
:106020000320019B13441A460123136000BF02B0F2
:10603000704782B001900091019B009AC3F84423FD
:1060400000BF02B0704782B001900091019B009A9E
:10605000C3F8482300BF02B07047000000B587B006
:10606000039002910192039B002B03D132495520EA
:10607000F5F748FE029B002B03D12F495620F5F778
:1060800041FE019B002B03D12B495720F5F73AFE27
:10609000039B5B791946294A019B42F82130039BF7
:1060A0005B79274ADB0013441B79002B0ED00823B1
:1060B0000593244A244BD31ADB081B0443F0020344
:1060C0002249184603F094F9059B32E0039B1A68B5
:1060D000029B1B8819461046FFF786FF039B93F926
:1060E0000420029B9B7819461046FFF7D7FE039BBE
:1060F00093F904301846FFF7FBFE039B5B79104AC7
:10610000DB00134401221A71039B5B7919460C4A88
:10611000039B42F83130002305930A4A0A4BD31AF5
:10612000DB081B0443F003030949184603F060F938
:10613000059B184607B000BDFCCF0300E8610020B6
:10614000EC610020ACB403007CB4030040D0030039
:1061500064D0030000B583B00190019B002B03D1F4
:1061600006498720F5F7CEFD019B1B6800211846E4
:10617000FFF750FF00BF03B000BD00BFFCCF03001E
:1061800000B583B00190019B002B03D106498D20FF
:10619000F5F7B8FD019B1B6804211846FFF73AFF8D
:1061A00000BF03B000BD00BFFCCF030000B587B047
:1061B0000390029101928DF80330039B002B03D1D1
:1061C00020499620F5F79EFD4FF48032029B02FA9B
:1061D00003F30593029B50339BB29B00ADF8123042
:1061E000019B23F07F430193039B1B68059918468D
:1061F000FFF7C6FE039B1B6805991846FFF723FFB0
:10620000039B1B68BDF8122011461846FFF7CFFE0E
:10621000039B1B68019A02991846FFF78DFE039BAA
:106220001B6805991846FFF704FF9DF80330002B03
:1062300005D0039B1B6805991846FFF797FE00BF22
:1062400007B000BDFCCF030000B585B003900291FC
:1062500013468DF80730039B002B03D10B49A9206F
:10626000F5F750FD039B1B6802991846FFF7E1FE06
:106270009DF80730002B05D0039B1B680299184638
:10628000FFF774FE00BF05B000BD00BFFCCF0300E8
:1062900000B583B001900091019B002B03D1094907
:1062A000B320F5F72FFD019B1B6800991846FFF7F7
:1062B000CAFE019B1B6800991846FFF761FE00BFEC
:1062C00003B000BDFCCF030000B583B001900B46C6
:1062D000ADF80230019B002B03D10E49BA20F5F72F
:1062E00011FD019B1B68BDF8022011461846FFF7FF
:1062F00051FE0346002B09D0019B1B68BDF802200C
:1063000011461846FFF753FE012300E0002318460C
:1063100003B000BDFCCF030082B001900091019A50
:10632000009BD31A23F07F43184602B07047000049
:1063300000B58BB00390029101920093039B002B58
:1063400003D15649CD20F5F7DDFC4FF48032029B96
:1063500002FA03F30993029B50339BB29B00ADF802
:106360002230019B23F07F43019309990398FFF7A3
:106370008FFF039B1B681846FFF72EFE0790039BB9
:106380001B6802991846FFF7E5FD0690039B1B6802
:10639000079A02991846FFF7CFFD039B1B68BDF8CB
:1063A000222011461846FFF702FE07990698FFF7CC
:1063B000B3FF0346012B0AD11020FFF7A7FD039B73
:1063C0001B68BDF8222011461846FFF7F0FD039B1D
:1063D0001B681846FFF700FE079007990198FFF722
:1063E0009BFF0590039B1B6809991846FFF721FE48
:1063F000059B012B15D1039B1868019B01331A469D
:106400000299FFF799FD1020FFF780FD039B1B68A1
:106410001846FFF7E1FD0246079B934235D00D2356
:1064200039E0039B1B68019A02991846FFF784FD27
:10643000039B1B681846FFF7CFFD0790019B013BAC
:1064400007991846FFF768FF0590009BC3F1FF13FB
:1064500003F57F43059A9A4201D90D231BE0059B62
:10646000002B12D1039B1868019B01331A46029935
:10647000FFF762FD039B1B681846FFF7ADFD024660
:10648000079B934201D00D2305E00122099903984F
:10649000FFF7DAFE002318460BB000BDFCCF030067
:1064A00000B583B001900B468DF803309DF80330A2
:1064B0001A4602210198FFF7C7FE00BF03B000BDD6
:1064C00000B583B001904FF482710198FFF7FCFE94
:1064D0000346184603B000BD00B583B0019000919B
:1064E0004FF48032009B02FA03F319460198FFF73C
:1064F000CFFE00BF03B000BD00B585B00190009194
:10650000009B50339BB29B00ADF80E30BDF80E30AF
:1065100019460198FFF7D8FE0346184605B000BD9E
:1065200000B583B001900091019B1B68009918464B
:10653000FFF710FD0346184603B000BD00B583B059
:106540000190019B1B681846FFF746FD034618465D
:1065500003B000BD00B583B00190019B93F90430F6
:106560001846FFF757FC00BF03B000BD08B5044B49
:106570001B68044A12681046984700BF08BD00BF58
:10658000E8610020EC61002086B001900091019B41
:1065900053E8011F8AB2D88902449889824228BFF1
:1065A000121A1889824202BFBFF32F8F002307E01F
:1065B000C2EA010243E801200028E9D14FF00103BB
:1065C0008DF80F30059002910492029A009B1A6098
:1065D0009DF80F30DBB2184606B0704784B00190CA
:1065E000019951E8013FC3EA034341E80132002A1F
:1065F000F7D10392029300BF04B0704786B00190B8
:106600000091019B53E8021F1FFAA1F2D888824231
:1066100002BFBFF32F8F00230DE0D8890244988971
:10662000824228BF121AC1EA024243E8022000282F
:10663000E8D14FF001038DF80F30059002910492DC
:10664000029A009B1A609DF80F30DBB2184606B024
:10665000704784B00190019951E8023FC3EA234397
:1066600041E80232002AF7D10392029300BF04B03E
:10667000704786B00190019B53E8021FDA88B1EBA6
:10668000314F4FF0000017BF89B242EA024241EA9F
:10669000024204E05968B1EB314F08BF012043E8E2
:1066A00002210029E8D18DF80F00059104929DF890
:1066B0000F30DBB2184606B0704784B003900291E9
:1066C00011461A460B46ADF806301346ADF80430B5
:1066D000029B002B01D10E231FE0BDF80630BDF850
:1066E0000420B3FBF2F101FB02F29B1A9BB2002BD8
:1066F00001D0092311E0039B029A1A60039B002238
:106700005A60039B00229A60039BBDF806209A8181
:10671000039BBDF80420DA810023184604B07047BB
:1067200000B585B001900198FFF7A3FF03468DF8EF
:106730000F309DF80F30002B01D0002300E0112313
:10674000184605B000BD00B585B001900091009BD2
:1067500019460198FFF718FF0346002B07D0019B4D
:106760001B68009A128813440393039B00E00023E4
:10677000184605B000BD00B583B001900091009BA4
:106780001A88009B5B889A4204D10198FFF726FF84
:10679000012300E00023184603B000BD00B585B01A
:1067A00001900091009B19460198FFF727FF0346CF
:1067B000002B07D0019B1B68009A52881344039357
:1067C000039B00E00023184605B000BD00B583B070
:1067D00001900091009B1A88009B5B889A4204D12B
:1067E0000198FFF736FF012300E00023184603B0AD
:1067F00000BD00B585B001900091009B5B099B0036
:10680000019A1A44009B03F01F03012101FA03F3CC
:106810001946104600F05FF8039000BF05B000BDB8
:1068200000B585B001900091009B5B099B00019A27
:106830001A44009B03F01F03012101FA03F3DB4319
:106840001946104600F075F8039000BF05B000BD72
:1068500082B001900091009B5B099B00019A134458
:106860001A68009B03F01F0322FA03F303F00103ED
:10687000C3F30003DBB2184602B0704710B487B010
:1068800001900091019B009A53E8004F104643E8A5
:10689000000191F0000FF7D1059404900391059B3E
:1068A000184607B010BC704710B487B00190009133
:1068B000019B009A53E8004F44EA020043E80001BC
:1068C00091F0000FF6D1059404900391059B1846B2
:1068D00007B010BC704710B487B001900091019BC5
:1068E000009A53E8004F44EA020043E8000191F0A7
:1068F000000FF6D1059404900391049B184607B04D
:1069000010BC704710B487B001900091019B009AB1
:1069100053E8004F04EA020043E8000191F0000F41
:10692000F6D1059404900391059B184607B010BC5E
:10693000704710B487B001900091019B009A53E812
:10694000004F04EA020043E8000191F0000FF6D185
:10695000059404900391049B184607B010BC70473F
:1069600010B487B001900091019B009A53E8004F4A
:1069700004EB020043E8000191F0000FF6D105940A
:1069800004900391049B184607B010BC704710B4E4
:1069900087B001900091019B009A53E8004FA4EB4F
:1069A000020043E8000191F0000FF6D10594049035
:1069B0000391049B184607B010BC704700B583B024
:1069C000019001210198FFF76FFF0346184603B0BD
:1069D00000BD00B583B0019001210198FFF77BFF56
:1069E0000346184603B000BD00B583B001900021F6
:1069F0000198FFF787FF0346184603B000BD00006B
:106A000000B583B001900B468DF80330019B002B3D
:106A100003D10849E820F5F775F9019BDA689DF87C
:106A200003300199098A01FB03F31344184603B0AC
:106A300000BD00BF98D0030000B583B00190009165
:106A4000019B002B03D10849F520F5F75BF9009B6A
:106A5000019AD2689B1A019A128AB3FBF2F3DBB255
:106A6000184603B000BD00BF98D0030000B585B044
:106A70000190019B002B01D10E234CE0019B1B6870
:106A8000002B03D12549FF20F5F73CF9019B5B68FA
:106A9000002B04D121494FF48070F5F733F9019BA5
:106AA0009B68002B04D11D4940F20110F5F72AF92B
:106AB000019BDB68002B04D118494FF48170F5F776
:106AC00021F9019B1B8A002B04D1144940F20310C9
:106AD000F5F718F9019B9A68019B5B68D31A8DF84A
:106AE0000F30019B1B68019A52681A6007E0019BF6
:106AF0001A681368591C11609DF80F201A709DF8D0
:106B00000F305A1E8DF80F20002BF0D1019B1B680F
:106B100000221A710023184605B000BD98D003006A
:106B200000B585B00190019B002B04D11F494FF4A3
:106B30009270F5F7E7F80023039300238DF80A30ED
:106B40000DF10A031846FFF701F9019B1B681A684B
:106B5000019B5B689A421FD9019B1B681A68013A26
:106B60001A601B681B7819460198FFF749FF0390CC
:106B7000019B9A68019B1B681B68D31A8DF80B3028
:106B8000019B1B681B799DF80B209A4204D9019B3D
:106B90001B689DF80B201A719DF80A301846FFF704
:106BA000E9F8039B184605B000BD00BF98D003006C
:106BB00010B584B001900091019B002B04D11549C0
:106BC00040F24710F5F79EF8009B002B04D11149C5
:106BD0004FF4A470F5F796F8009B039300238DF80B
:106BE0000B300DF10B031846FFF7B0F8019B1B6843
:106BF0001C68621C1A6003990198FFF71DFF034689
:106C000023709DF80B301846FFF7B4F800BF04B0AE
:106C100010BD00BF98D0030000B583B00190019B68
:106C2000002B03D10B493120F5F76CF8019B9B68D1
:106C3000002B0CD0019B5B69019A1069019A1168C5
:106C4000019A92689847019B00229A6000E000BF79
:106C500003B000BDE0D003000EB400B584B00190D5
:106C6000019B002B03D118494220F5F74BF8019BFB
:106C70005B69002B03D114494320F5F743F8019BCE
:106C80001B68002B03D110494420F5F73BF8019B0A
:106C90005B68002B03D10C494520F5F733F8059BC1
:106CA000002B0AD00023039306AB039303AB1A46D1
:106CB0000599019800F0B4F900E000BF04B05DF858
:106CC00004EB03B0704700BFE0D0030000B583B011
:106CD00001900B468DF803309DF803300A2B03D149
:106CE0000D210198FFF7F2FF019B1A68019B9B6839
:106CF000581C0199886013449DF803201A70019B69
:106D00009A68019B5B689A4202D30198FFF784FF5F
:106D100000BF03B000BD00B587B00390029101929F
:106D2000009300230593009B03F00103002B24D064
:106D30000BE0029B01330293059B013305939DF801
:106D4000133019460398FFF7C1FF029B1B788DF89B
:106D500013309DF81330002BEBD106E0019B013B73
:106D6000019320210398FFF7B1FF019A059B9A42F6
:106D70002ED9019B002BF1D12AE0029B002B0BD0D6
:106D8000029804F0F2F9059006E0019B013B0193A3
:106D900020210398FFF79AFF019A059B9A420FD989
:106DA000019B002BF1D10BE0029B01330293059B69
:106DB000013305939DF8133019460398FFF786FFBA
:106DC000029B1B788DF813309DF81330002BEBD10C
:106DD00000BF07B000BD000000B589B0039002916C
:106DE00001920093029B07930123069307E0079A01
:106DF000019BB2FBF3F30793069B01330693079ABB
:106E0000019B9A42F3D2009A069B9A4201D9009BB9
:106E100006930B9B03F00103002B22D10A9B002B4E
:106E20001FD00B9B03F00203002B06D0009B002B0E
:106E300003D130238DF8173002E020238DF817306E
:106E400008E00A9B013B0A939DF817301946039806
:106E5000FFF73CFF0A9B002B03D0069A0A9B9A423D
:106E6000EFD301230793009B012B03D9009B013B28
:106E7000009309E0029A079BB2FBF3F30493049A90
:106E8000019B9A4200D205E0079B019A02FB03F3A3
:106E90000793E8E7029A079BB2FBF3F30493049B82
:106EA000079A02FB03F3029AD31A0293144A049B33
:106EB00013441B7819460398FFF708FF079A019BB4
:106EC000B2FBF3F30793079B002BE3D10B9B03F07B
:106ED0000103002B11D00A9B002B0ED006E00A9B69
:106EE000013B0A9320210398FFF7F0FE0A9B002B39
:106EF00003D0069A0A9B9A42F1D300BF09B000BDA5
:106F000068D1030000B589B0059004910392029303
:106F1000049B002BB8BF5B4206930123079307E055
:106F2000039B069A92FBF3F30693079B01330793A7
:106F3000039B069A9A42F3DA029A079B9A4201D976
:106F4000029B07930A9B002B0AD0049B002B04DBB7
:106F50000B9B03F00403002B02D00A9B013B0A9316
:106F60000B9B03F00203002B02D0029B002B16D0D8
:106F70000B9B03F00103002B11D10A9B002B0ED0B9
:106F800006E00A9B013B0A9320210598FFF79EFE2D
:106F90000A9B002B03D0079A0A9B9A42F1D3049BC9
:106FA000002B07DA049B5B4204932D210598FFF721
:106FB0008DFE08E00B9B03F00403002B03D02B2174
:106FC0000598FFF783FE0B9B03F00203002B19D0FB
:106FD0000B9B03F00103002B14D1029B002B11D15A
:106FE0000A9B002B0ED006E00A9B013B0A9330213E
:106FF0000598FFF76BFE0A9B002B03D0079A0A9BAC
:107000009A42F1D304990B9B01930A9B0093029B34
:10701000039A0598FFF7E0FE00BF09B000BD00002D
:1070200000B58FB0059004910392059B002B04D10D
:107030009E4940F25220F4F765FE059B5B69002BE8
:1070400004D19A494FF41570F4F75CFE059B1B6858
:10705000002B04D1954940F25520F4F753FE059BCF
:107060005B68002B04D1914940F25620F4F74AFEA8
:10707000049B002B00F06381049B1B788DF8373054
:10708000049B013304939DF83730002B00F04E81B0
:107090009DF83730252B40F03D8100230A930123D2
:1070A0000C93049B1B788DF837309DF83730302BCC
:1070B0000DD0302B1BDC2B2B11D02D2B17D10A9B85
:1070C00043F001030A93049B0133049312E00A9BEB
:1070D00043F002030A93049B013304930AE00A9BE2
:1070E00043F004030A93049B0133049302E000235A
:1070F0000C9300BF0C9B002BD3D1002309939DF868
:1071000037302A2B0CD1039B1B68191D039A116081
:107110001B68099A13440993049B013304931AE0F2
:10712000049B1B788DF837309DF837302F2B12D900
:107130009DF83730392B0ED8049B01330493099AFC
:1071400013469B0013445B001A469DF837301344E6
:10715000303B0993D3E700230B93049B1B788DF8F6
:1071600037309DF837302E2B1DD1049B013304930B
:10717000049B1B788DF837309DF837302F2B12D9B0
:107180009DF83730392B0ED8049B013304930B9AAA
:1071900013469B0013445B001A469DF83730134496
:1071A000303B0B93E4E7049B1B788DF837309DF858
:1071B00037306C2B03D09DF83730682B07D1049BF8
:1071C00001330493049B1B788DF83730EFE79DF86B
:1071D0003730782B58D0782B00F39780752B41D01F
:1071E000752B00F39280732B62D0732B00F38D808C
:1071F000702B6BD0702B00F38880692B20D0692B0B
:1072000000F38380642B1BD0642B7EDC632B06D0C1
:10721000632B7ADC252B73D0582B35D075E0039B7C
:107220001B68191D039A11601B680C930C9B8DF849
:107230001F309DF81F3019460598FFF747FD65E0A0
:10724000039B1B68191D039A11601B680C930A9B12
:107250000193099B00930B9B0A220C990598FFF759
:1072600051FE53E0039B1B68191D039A11601B68B4
:107270000C930C990A9B0193099B00930B9B0A2288
:107280000598FFF7A9FD41E0039B1B68191D039AB0
:1072900011601B680C930C990A9B0193099B009346
:1072A0000B9B10220598FFF797FD2FE020D10300DC
:1072B000039B1B68191D039A11601B6808930A9BA6
:1072C000099A08990598FFF726FD1FE0039B1B68A4
:1072D000191D039A11601B680C9330210598FFF764
:1072E000F5FC78210598FFF7F1FC0C990023019338
:1072F00008230093082310220598FFF76DFD05E091
:1073000025210598FFF7E2FC00E000BF049B013354
:10731000049305E09DF8373019460598FFF7D6FC31
:10732000049B1B78002B7FF4A7AE00E000BF059BF9
:107330001B7B002B04D00598FFF76EFC00E000BF1C
:107340000FB000BD00B587B0059004910392059B76
:10735000002B10D1184A194BD31ADB081B0443F039
:107360000100174A17490E2300930B46164902F0F5
:107370006FF80E231DE0049B002B10D10E4A0F4B1B
:10738000D31ADB081B0443F00100104A0D490E23F9
:1073900000930B460C4902F05BF80E2309E0059BB5
:1073A000049A1A60059B1B681B6803990598984707
:1073B0000346184607B000BDECB403007CB40300DC
:1073C00088D103002CD3030090D10300BCD103006B
:1073D00010B586B00590049103920293059B002B93
:1073E00010D1454A454BD31ADB081B0443F001007A
:1073F000434A44490E2300930B46434902F028F8C0
:107400000E2375E0039B002B10D13B4A3B4BD31A54
:10741000DB081B0443F001003C4A3A490E23009369
:107420000B46394902F014F80E2361E0059B1B68F6
:10743000002B10D1304A314BD31ADB081B0443F028
:107440000100334A2F49082300930B462E4901F0CF
:10745000FFFF08234CE0029B002B10D1264A274B4C
:10746000D31ADB081B0443F001002A4A25490923EB
:1074700000930B46244901F0EBFF092338E0049800
:1074800000F024FA0346002B10D11B4A1B4BD31AE1
:10749000DB081B0443F001001F4A1A491023009324
:1074A0000B46194901F0D4FF102321E0029A0499F8
:1074B000059800F0F1F90346002B10D10E4A0F4B4E
:1074C000D31ADB081B0443F00100144A0D491023B2
:1074D00000930B460C4901F0BBFF102308E0059B0D
:1074E0001B689C68029B039A04990598A047034671
:1074F000184606B010BD00BFECB403007CB4030016
:1075000088D1030040D3030090D10300D0D1030001
:10751000C4D10300D8D10300DCD10300F4D10300AF
:1075200010B586B00590049103920293059B002B41
:1075300010D1604A604BD31ADB081B0443F00100F2
:107540005E4A5F490E2300930B465E4901F080FFBF
:107550000E23ABE0039B002B10D1564A564BD31A97
:10756000DB081B0443F00100574A55490E230093E2
:107570000B46544901F06CFF0E2397E0059B1B68F6
:10758000002B10D14B4A4C4BD31ADB081B0443F0A1
:1075900001004E4A4A49082300930B46494901F02D
:1075A00057FF082382E0029B002B10D1414A424B37
:1075B000D31ADB081B0443F00100454A4049092364
:1075C00000930B463F4901F043FF09236EE0059B02
:1075D0005B685A68029BB3FBF2F101FB02F29B1A53
:1075E000002B10D0334A344BD31ADB081B0443F072
:1075F0000100384A3249092300930B46314901F012
:1076000027FF092352E0049800F060F90346002B9D
:1076100010D1284A284BD31ADB081B0443F0010081
:107620002D4A2749102300930B46264901F010FFED
:1076300010233BE0039B184600F048F90346002B5B
:1076400010D11C4A1C4BD31ADB081B0443F0010069
:10765000224A1B49102300930B461A4901F0F8FEF9
:10766000102323E0029A0499059800F015F90346C7
:10767000002B10D10F4A104BD31ADB081B0443F028
:107680000100174A0E49102300930B460D4901F0E3
:10769000DFFE10230AE0059B1B68DC68089B009353
:1076A000029B039A04990598A0470346184606B022
:1076B00010BD00BFECB403007CB4030088D103000C
:1076C00054D3030090D103001CD20300C4D10300A3
:1076D000D8D1030024D2030050D2030068D20300A3
:1076E0008CD2030010B586B00590049103920293EA
:1076F000059B002B10D13E4A3E4BD31ADB081B04DE
:1077000043F001003C4A3D490E2300930B463C499F
:1077100001F09EFE0E2368E0059B1B68002B10D134
:10772000334A344BD31ADB081B0443F00100354ABB
:107730003249082300930B46314901F089FE0823A2
:1077400053E0039B002B10D1294A2A4BD31ADB08A4
:107750001B0443F001002C4A2849092300930B46DF
:10776000274901F075FE09233FE00499059800F0D0
:10777000BAF80346002B10D11D4A1E4BD31ADB0862
:107780001B0443F00100214A1C49102300930B46BF
:107790001B4901F05DFE102327E0059B5B681B6819
:1077A000039A02FB03F31A460499059800F074F853
:1077B0000346002B10D10E4A0E4BD31ADB081B04D4
:1077C00043F00100124A0D49102300930B460C4967
:1077D00001F03EFE102308E0059B1B681C69029B1C
:1077E000039A04990598A0470346184606B010BDB1
:1077F000ECB403007CB4030088D1030068D3030019
:1078000090D10300C4D10300D8D10300B4D2030047
:10781000DCD2030000B585B00190019B002B03D0A2
:10782000019B1B68002B28D10023039319E0039AC6
:1078300013469B0013449B001A46144B13440193B8
:10784000019B1B68002B09D0019B1B68DB69019819
:1078500098470346002B01D0012314E0039B01331A
:1078600003930B4A094BD31A0A4AA2FB03231B09B1
:10787000039A9A42DBD3002305E0019B1B68DB6976
:10788000019898470346184605B000BD084B0020F4
:107890001C4B0020CDCCCCCC84B003900291019243
:1078A000039BDB68029A9A4209D3029A019B134414
:1078B0005A1E039B1B699A4201D8012300E0002352
:1078C00003F00103DBB2184604B0704782B00190A8
:1078D000019B03F00303002B0CBF01230023DBB249
:1078E000184602B0704782B001900091019B5B681E
:1078F0001B685A1E009B1340002B0CBF0123002362
:10790000DBB2184602B0704729DF704700BF184647
:1079100028DF704700BF184600B589B0019000917C
:10792000019B1B689B68002B35D002AB00221A60BC
:107930005A609A60DA601A615A61009B0393019B56
:107940009B680793019B1B79002B02D0012B0DD064
:107950001AE001238DF80830019B1B690493019BF9
:10796000DB680593019B5B6906930DE002238DF8AC
:107970000830019BDB684FF4805202FB03F3049351
:10798000019B5B69069300BF019B1B689B6802AA71
:107990001046984700E000BF09B000BD00B587B0B1
:1079A0000190019B5A69019B9B69D31AB3F5805FD3
:1079B00028BF4FF4805305930422059BB3FBF2F3D9
:1079C000012B38BF01230593019B1A69019B9B6919
:1079D00013440493019BDB681A46019B9B69134483
:1079E0000393059A03990498FFF78EFF0346184600
:1079F00007B000BD00B583B00190019BDA68019B20
:107A00001B6913441846FFF783FF0346184603B06B
:107A100000BD000008B5034B03491846FEF7D6FE2B
:107A200000BF08BD80620020A862002008B5084B96
:107A300008491846FEF7B2FE0346074A1360064B94
:107A40001B68002B14BF01230023DBB2184608BDBE
:107A500080620020A8620020A462002000B583B0EC
:107A60002A4B1B7A002B0BD1FFF7E0FF034683F074
:107A70000103DBB2002B03D0244B00225A6042E00A
:107A8000224B02221A72224B1B681B79002B02D058
:107A9000012B07D00DE01E4B1B681846FFF77EFF39
:107AA000019009E01A4B1B681846FFF7A3FF0190ED
:107AB00002E00323019300BF019B002B03D0019B35
:107AC000112B0CD00FE0114B1B7C83F00103DBB2B8
:107AD000002B17D00021022000F05CF912E00B4BC4
:107AE00001221A720FE00A4B1B6803211846FFF7A8
:107AF00013FF064B00221A72044B00225A60FFF754
:107B000089FF00E000BF03B000BD00BF906200200D
:107B1000A462002008B50848FEF750FF0346002B7A
:107B200008D1064B5B7C83F00103DBB2002B01D054
:107B3000FFF794FF00BF08BD946200209062002010
:107B400084B001901B4B0022DA60019B1B79002B53
:107B500002D0012B19D028E0019B5A69019B9B6937
:107B6000D31AB3F5805F28BF4FF480530393019B72
:107B70009A69039B1A44019B9A61019B9A69019B34
:107B80005B699A420ED1012310E0019B1B695A1CCC
:107B9000019B1A61019B1A69019B5B699A4203D19F
:107BA000012303E000BF00E000BF0023184604B03B
:107BB000704700BF9062002082B00190084BDB68E4
:107BC0000133074AD360064BDB68082B04D9044B0A
:107BD0000022DA60012300E00023184602B070475B
:107BE0009062002000B583B001900091019B0C4A87
:107BF0005A600C48FEF7E2FE0346002B0BD102F060
:107C000057FC03461A46074B1A7407481C238C225C
:107C10000649FEF752FD0023184603B000BD00BF21
:107C20007CD303009062002080620020F461002079
:107C300000B583B00190009114220021054803F0A3
:107C400003FB054B1846FEF76BFD0023184603B0F7
:107C500000BD00BF906200208062002000B587B0A8
:107C60000390029101920093174A04AB1946104603
:107C7000FEF769FD0590059B002B01D104231FE051
:107C80001C220021059803F0DFFA059B00221A71DF
:107C9000059B039A1A60059B089A9A60059B029AB5
:107CA0001A61059B019ADA60059B009A5A61064A9F
:107CB00004AB19461046FEF75EFDFFF72BFF0023CD
:107CC000184607B000BD00BF8062002000B585B037
:107CD0000390029101920093029B009A1946019829
:107CE00003F080FA0023184605B000BD00B587B048
:107CF0000390029101920093174A04AB1946104673
:107D0000FEF721FD0590059B002B01D1042320E007
:107D10001C220021059803F097FA059B01221A7195
:107D2000059B039A1A60059B009A9A604FF4805253
:107D3000029BB3FBF2F2059BDA60059B019A5A6144
:107D4000054A04AB19461046FEF715FDFFF7E2FEA3
:107D50000023184607B000BD8062002082B0019069
:107D60000091009B184602B0704782B001900091CC
:107D70000023184602B0704782B00190044B1B7A72
:107D8000002B14BF01230023DBB2184602B070475A
:107D90009062002000B585B001900091019B022BFC
:107DA00002D0019B032B48D1264B1B7A022B05D016
:107DB000022B35DC002B42D0012B31E000238DF863
:107DC0000F30019B022B03D0019B032B09D011E044
:107DD0001D4B1B681846FFF7B3FE03468DF80F30A6
:107DE00008E0194B1B681846FFF7E6FE03468DF8BE
:107DF0000F3000BF9DF80F30002B10D0114B002228
:107E00001A72114B1A68019B022B01D1002300E06A
:107E10000D2319461046FFF77FFDFFF7FBFD00BF5E
:107E2000084B5B7C83F00103DBB2002B02D0FFF731
:107E300015FE05E002F020FB02E000BF00E000BFFD
:107E400005B000BD90620020A462002082B003460D
:107E500000918DF80730064B01225A74044B1B7AAF
:107E6000002B0CBF01230023DBB2184602B0704781
:107E70009062002000B583B0034600918DF8073072
:107E80009DF80730012B03D09DF80730032B0DD14F
:107E9000084B00225A749DF80730012B0CBF0123B8
:107EA0000023DAB2034B1A74FFF7D8FD00BF03B00A
:107EB00000BD00BF9062002000B583B00190019822
:107EC000FEF7D4FD0346184603B000BD00B58BB0E5
:107ED00001900091019B1B8A043B0793009A079B2A
:107EE0001344DA1C079BB2FBF3F38DF81B300198A7
:107EF000FEF716FE0590059B002B01D1002338E00C
:107F0000059B00221A71059B01225A71079B9AB2A8
:107F1000059BDA80059B09939DF81B30013B049378
:107F2000099B019A1A60002308931DE00198FEF74F
:107F3000F7FD0390039B002B0ED0059B5B7901336B
:107F4000DAB2059B5A71099B039A1A60039B019A46
:107F50001A60039B099304E0059800F00DF80023D4
:107F600007E0089B01330893089A049B9A42DDD3EB
:107F7000059B18460BB000BD00B58BB00190019B6E
:107F80000793079B5B798DF81B30019B08939DF845
:107F90001B30013B05930023099305E0089B1B68F8
:107FA0000893099B01330993099A059B9A42F5D3DB
:107FB000089B1B680493019B0893002309930BE023
:107FC000089B1B68039308990498FEF7F1FD039B37
:107FD0000893099B013309939DF81B30099A9A4233
:107FE000EED300BF00BF0BB000BD00B585B001905F
:107FF000019B0393039B043301211846FEF7B0FC59
:1080000000BF05B000BD00B587B00190019B05938E
:10801000059B043301211846FEF7B9FC0346039380
:1080200003AB0493049B1B78002B02D10198FFF74C
:10803000A3FF00BF07B000BD00B591B0039002914F
:1080400001920093039B002B03D14349B620F3F721
:1080500059FE039B0993039B0F93099BDB881A46E8
:10806000099B5B7902FB03F3043B0893009A089B8E
:108070009A4203D33849C420F3F744FE099BDB88B6
:108080000793009B1A1D079BB2FBF3F30E93009B13
:108090000433079AB3FBF2F2079901FB02F29B1A31
:1080A0000D93019B1A68009B1344089A9A4204D2CC
:1080B000089A009BD31A0C9302E0019B1B680C9357
:1080C000019B0C9A1A6005E00F9B1B680F930E9B97
:1080D000013B0E930E9B002BF6D100230B93079AC6
:1080E0000D9BD31A0A930A9A0C9B934228BF1346FE
:1080F0000A932AE0029A0B9B134406930F9A0D9B56
:108100001344043305939DF84830002B05D00A9A98
:108110000599069803F066F804E00A9A069905980E
:1081200003F060F800230D930F9B1B680F930C9ACC
:108130000A9BD31A0C930B9A0A9B13440B93079A2E
:108140000C9B934228BF13460A930C9B002BD1D162
:1081500000BF00BF11B000BDA8D3030000B589B0B7
:108160000590049103920293039B079307AA0023AF
:108170000093029B04990598FFF75EFF079B039A03
:108180009A4203D00349F620F3F7BCFD00BF09B0C3
:1081900000BD00BFA8D3030000B589B005900491CD
:1081A00003920293039B079307AA01230093029B68
:1081B00004990598FFF740FF079B039A9A4204D061
:1081C00003494FF48070F3F79DFD00BF09B000BD77
:1081D000A8D3030082B003468DF807309DF907301D
:1081E000002B0DDB9DF8073003F01F0206499DF9B7
:1081F00007305B09012000FA02F2603341F82320C6
:1082000000BF02B0704700BF00E100E0BFF34F8F36
:1082100000BF064BDB6803F4E0620449044B1343E0
:10822000CB60BFF34F8F00BF00BFFDE700ED00E064
:108230000400FA0500B583B00190019B002B03D127
:108240000449C420F3F75EFD019B5B68184603B048
:1082500000BD00BFF0D3030000B583B00190019BC7
:10826000002B03D106497220F3F74CFD019B00223D
:108270001A60BFF35F8F00BF00BF03B000BD00BF37
:1082800044D4030000B585B00190019B002B03D1BD
:108290000A498520F3F736FD01210198FEF7EEFA31
:1082A0000390BFF35F8F00BF039B002B0CBF012324
:1082B0000023DBB2184605B000BD00BF44D4030064
:1082C00000B583B00190019B002B03D10A49922095
:1082D000F3F718FD019B1B68012B03D0064993207F
:1082E000F3F710FDBFF35F8F00BF019B00221A6000
:1082F00000BF03B000BD00BF44D4030033DF7047AC
:1083000000BF184641DF704700BF18464FF080435A
:108310000122C3F80025BFF34F8F00BF20BFFDE748
:1083200000B585B000238DF807300DF1070318461E
:10833000FDF70CFDF1EE103A0393039B23F09F032E
:108340000293029BE1EE103A00BFBFF35F8F00BFC4
:108350002620FFF73FFF9DF807301846FDF70AFD7E
:10836000039B03F00703002B03D003497D20F3F7A1
:10837000C9FC00BF05B000BD88D4030008B5064B9A
:1083800000221A700548FFF767FF0549054800F00D
:1083900095FA0023184608BDB4620020B0620020A0
:1083A000D4D40300B862002000B583B0FFF7B8FF53
:1083B00002F07EF80346002B0ED0FFF7A3FF0190DA
:1083C000019B002B0BD0019B022B08D005494FF4D9
:1083D000B070F3F797FC02E020BF40BF20BF00BFA2
:1083E00003B000BD88D4030000B583B00FE021487E
:1083F000FFF720FF0190019B1B681F4A127810466F
:1084000098470346002B31D01A4800F081FA1948EA
:10841000FFF710FF0346002BE9D101F0B5FA01F098
:108420006FF80346002BFAD1134B1B78032B03D0B4
:10843000114B1B78022B01D1FFF7E8FE02F038F850
:108440000346002B0FD0FFF759FF0090009B002B35
:1084500007D0009B022B04D008494FF4D170F3F7EA
:1084600051FC20BFFDE7FFF751FF00E000BF03B064
:1084700000BD00BFB8620020AC62002088D40300B9
:1084800000B583B003468DF807301748FFF7FAFEB2
:10849000034683F00103DBB2002B21D19DF80730A6
:1084A000042B0ED0114B1B78002B03D00E48FFF786
:1084B00007FF16E00E4A9DF8073013700B4B0122A0
:1084C0001A700A4B1B78002B04D10A4940F2D510D0
:1084D000F3F718FCFFF788FF0348FFF7F1FE00E011
:1084E00000BF03B000BD00BFB0620020B462002036
:1084F000AC62002088D4030082B00190019B9B688D
:10850000024A12781344184602B0704726D5030079
:1085100000B583B001900091019B002B03D1084965
:108520008320F3F7EFFB019B9B68009A9A4202D2EB
:10853000009B013300E00023184603B000BD00BFDC
:10854000E0D4030000B585B00190019B1B681B6857
:108550000393019B1B685B680293029A039B9A42F8
:1085600003D3029A039BD31A07E00198FFF7C4FFD5
:108570000246039BD21A029B1344184605B000BD65
:1085800000B585B00190019B002B03D10C499820C8
:10859000F3F7B8FB019B1B681B680393019B1B68E7
:1085A0005B68029302990198FFF7B2FF0246039BB2
:1085B00093420CBF01230023DBB2184605B000BD77
:1085C000E0D4030010B588B0019000910023079318
:1085D000019B002B03D15149A320F3F793FB009B90
:1085E000002B03D14D49A420F3F78CFB00238DF819
:1085F0000F300DF10F031846FDF7A8FB0198FFF7A8
:10860000BFFF03468DF81B309DF81B3083F001033C
:10861000DBB2002B03D1019B1B7C002B71D1019B92
:108620001B685B680593019B1B685A68019B1C686B
:1086300011460198FFF76CFF034663609DF81B30FD
:10864000002B0AD0019B1B681A68019B1C6811460D
:108650000198FFF75DFF03462360019BDB68082B51
:1086600024D0082B2DD8042B17D0042B29D8012B6C
:1086700002D0022B08D024E0019B5A68059B1344CA
:10868000009A12781A702DE0019B5A68059B5B00D6
:108690001344009A12881A8024E0019B5A68059BB3
:1086A0009B001344009A12681A601BE0019B5A68F1
:1086B000059BDB00D118009BD3E90023C1E900230F
:1086C00010E0019B5B681946019BDB68059A02FB81
:1086D00003F30B441846019BDB681A46009902F02D
:1086E00081FD00BF0198FFF72DFF0490019B1B68DF
:1086F0009B68049A9A4207D9019B1B68049A9A6066
:1087000002E00423079300E000BF9DF80F301846F5
:10871000FDF730FB079B184608B010BDE0D40300FE
:1087200010B588B00390029113468DF807300023EE
:108730000793039B002B03D14049E720F3F7E2FAAC
:10874000029B002B03D13D49E820F3F7DBFA00231D
:108750008DF817300DF117031846FDF7F7FA039857
:1087600000F06EF8034683F00103DBB2002B5AD011
:10877000039B1B681B6806939DF8073083F0010379
:10878000DBB2002B0AD0039B1B681A68039B1C6892
:1087900011460398FFF7BCFE03462360039BDB688A
:1087A000082B24D0082B2DD8042B17D0042B29D824
:1087B000012B02D0022B08D024E0039B5A68069BB1
:1087C00013441A78029B1A702FE0039B5A68069B89
:1087D0005B0013441A88029B1A8026E0039B5A68A8
:1087E000069B9B0013441A68029B1A601DE0039BC2
:1087F0005A68069BDB001344D3E900230299C1E9C0
:10880000002312E0039B5B681946039BDB68069A12
:1088100002FB03F30B441946039BDB681A460298DC
:1088200002F0E0FC01E0052307939DF8173018469D
:10883000FDF7A0FA079B184608B010BDE0D403006E
:1088400000B585B00190019B002B04D10B4940F28B
:108850002B20F3F757FA019B1B681B680393019BBE
:108860001B685B680293039A029B9A420CBF012328
:108870000023DBB2184605B000BD00BFE0D4030002
:1088800082B00190019B9B6800229A60019B9B68CB
:1088900000221A61019B9B6800225A61019B9B6820
:1088A0000022DA60019B9B6800225A60019B9B6852
:1088B00000221A6000BF02B07047000000B583B00C
:1088C00001900091019B002B03D110495020F3F738
:1088D00019FA009B002B03D10C495120F3F712FA2F
:1088E000019B009A1A60019B1B681A68019B5A60E1
:1088F000019B5A68019B1B685B689A4202D1019BED
:1089000000225A6000BF03B000BD00BF28D503009D
:1089100000B583B00190019B002B03D11349632064
:10892000F3F7F0F9019B1B68002B03D10F4964207A
:10893000F3F7E8F9019B5B68002B14D0019B5B689F
:108940001A46019B1B689B6813441A46019B5A6098
:10895000019B5A68019B1B685B689A4204D1019B8A
:1089600000225A6000E000BF03B000BD28D503001C
:1089700000B585B001900091019B002B03D11749F0
:108980003A20F3F7BFF9009B002B03D113493B209A
:10899000F3F7B8F9019B5B6803930FE0019B9B68B9
:1089A000039A1268009910469847034683F0010322
:1089B000DBB2002B07D1039B1B680393039B1B684F
:1089C000002BEBD100E000BF039B1A68009B1A60EC
:1089D000039B009A1A6000BF05B000BD98D5030044
:1089E00000B585B00190019B002B03D10B495120AC
:1089F000F3F788F9019B5B681B680393019B5B6835
:108A00001B68002B06D0019B5B681A68019B5B68A2
:108A100012681A60039B184605B000BD98D5030084
:108A200000B583B00190019B002B03D104495D2068
:108A3000F3F768F9019B5B681B68184603B000BD3B
:108A400098D5030000B585B001900091019B002BE3
:108A500003D115496920F3F755F9009B002B03D189
:108A600011496A20F3F74EF900238DF80B30019B72
:108A70005B6803930FE0039B1B68009A9A4207D13F
:108A8000009B1A68039B1A6001238DF80B3006E0E7
:108A9000039B1B680393039B1B68002BEBD19DF882
:108AA0000B30184605B000BD98D5030000B585B061
:108AB0000190019800F00CF80390039B002B01D06B
:108AC000039B00E0014B184605B000BDE4D5030050
:108AD00086B00190164B0593164B04931FE0049A41
:108AE000059BD31ADB10DA0F13445B10DB00059AE9
:108AF00013440393039B1B680293029A019B9A42BF
:108B000002D9039B04930AE0029A019B9A4203D282
:108B1000039B0833059302E0039B5B6804E0059A1E
:108B2000049B9A42DBD30023184606B0704700BF6F
:108B3000E4D903000CDB030000B585B00190019B74
:108B4000002B0AD0064B43F001030393019B9B01CA
:108B50000293039B0298984700E000BF05B000BD58
:108B600020DB030000B583B00190019B002B0AD0ED
:108B70004FF47A70FFF7E0FF019B013B0193019BEB
:108B8000002BF5D100E000BF03B000BD08B501F037
:108B900023FA00BF08BD000000B589B00390029120
:108BA0000192019B002B33D00023079303230693EC
:108BB000029A079B1344019A1946002001F0BEF95E
:108BC0000590079A059B13440793019A059BD31AB6
:108BD0000193059B002B13D10F4B1B7883F00103EE
:108BE000DBB2002B13D10120FFF7BCFF069B013B3A
:108BF0000693069B002B03D1074B00221A7007E057
:108C0000054B01221A70019B002BD1D100E000BF5F
:108C100000BF09B000BD00BFC062002000B585B034
:108C200003900291054B00934023054A0299039853
:108C300000F012F800BF05B000BD00BF998B030023
:108C4000C462002082B0019000BF02B0704782B0C1
:108C5000019000BF02B0704700B5A1B0059004912B
:108C6000039202930498FFF7C0F9039B1593029BAC
:108C700016930023179300238DF860300023199377
:108C8000229B1A9300231F930FA91F9B082204986D
:108C9000FFF782FA08231F93119B1293BDF840300F
:108CA000ADF84C30BDF84230ADF84E3000238DF8B1
:108CB00051309DF83C3003F00303DBB2012B26D189
:108CC0000F9BC3F395231C939DF83C30C3F3C20361
:108CD000DBB28DF85030BDF83C30C3F38313DBB208
:108CE0001B931B9B9A0009A91F9B0498FFF754FA3A
:108CF0001B9B9B001F9A13441F9312AA09A915AB33
:108D0000009313461B9A1C9800F0EAFE2FE09DF892
:108D10003C3003F00303DBB2022B28D1BDF83E3018
:108D2000C3F389139BB21E939DF83C30C3F3C20377
:108D3000DBB28DF850301E9B082B28BF08231D93F3
:108D400007A91F9B1D9A0498FFF726FA1F9A1D9BDF
:108D500013441F931E9A1D9BD31A1E9315AB12AA80
:108D600007A81D9900F070FF1E9B002BE3D104980B
:108D7000FFF749F900BF21B000BD82B00190019B0F
:108D8000DB6801225A7100BF02B0704700B583B0A2
:108D90004FF0FF330193FFF7F9FE0421084800F07C
:108DA000BBFD0190019B002B03DA06494120F2F73D
:108DB000A9FF0348FFF7E1FF00BF03B000BD00BFFC
:108DC0001CB5030038DB030000B583B001900091AF
:108DD000019B1B681B6800990198984700BF03B06E
:108DE00000BD00B583B00190019B1B685B680198D2
:108DF000984700BF03B000BD00B583B00190019B50
:108E00001B689B680198984700BF03B000BD82B003
:108E100001900B468DF80330019BDB689DF8032021
:108E20001A7100BF02B0704782B00190019BDB68ED
:108E30001B79184602B0704782B00190019BDB6835
:108E400001225A7100BF02B0704782B00190019BAD
:108E5000DB685B79184602B07047000000B585B04A
:108E6000019000910B4B00221A700B48FFF724F879
:108E70000390039B002B01D0039B08E00748FFF7FA
:108E8000FFFC074A074BD31ADB080293002318465E
:108E900005B000BD6C64002068B4030090DB0300E3
:108EA0001CB503007CB40300024A034BD31ADB0851
:108EB000184670471CB503007CB4030000B587B0AA
:108EC00001900B468DF803309DF80330002B1FD026
:108ED000FFF7EAFF04900023059313E0059B9B0036
:108EE0000D4A13440393039B1B881A46019B1B687E
:108EF0009A4204D1019B059A1A60002309E0059B60
:108F000001330593059A049B9A42E7D3052300E0B9
:108F10000023184607B000BD1C4B002000B585B0EB
:108F200001900B468DF803309DF8032001AB1146EC
:108F30001846FFF7C3FF0346002B07D1019BDB0058
:108F4000044A13440393039B1B6800E00023184664
:108F500005B000BD7CB4030084B001900B468DF8D1
:108F60000330019BDB00164A134402939DF8033043
:108F7000042B17D0042B1ADC032B0ED0032B16DC8A
:108F8000012B02D0022B04D011E002238DF80F3008
:108F900011E004238DF80F300DE0029B1B798DF852
:108FA0000F3008E0029B5B798DF80F3003E000235F
:108FB0008DF80F3000BF9DF80F30184604B0704791
:108FC0007CB4030084B00190009100238DF80F3031
:108FD000019B1B7803F00403DBB2002B24D0019B20
:108FE0001B78C3F30103DBB2012B02D0022B0CD0A0
:108FF00017E0009B1B68019A1288C2F38312D2B259
:1090000013449A1C009B1A600BE0009B1B68019A9A
:109010005288C2F3891292B213449A1C009B1A60C0
:1090200000BF01238DF80F309DF80F30184604B0B3
:109030007047000000B58BB00023ADF826303D48E6
:10904000FDF7C7FC3C48FDF7C4FC3C4B9B68049310
:109050003B4B1B680693049A069B134002339B000C
:10906000364A13440433089304AB19460898FFF7B3
:10907000A9FF0346002B09D0049A069B1340023334
:109080009B002E4A134404330893EDE700BF0023EE
:10909000079311E0049B5A1C0492069A1340079A06
:1090A000920001A90A44254902339B000B445B68E6
:1090B0001360079B01330793079B012BEAD99DF8A7
:1090C0000430C3F30103DBB2012B10D0022B1CD1FF
:1090D000BDF80A30ADF82630BDF80630C3F3891369
:1090E0009BB203339A08049B1344049313E0BDF826
:1090F0000A30ADF82630BDF80430C3F38313DBB279
:109100001A46049B1344049305E00E494FF4C270C1
:10911000F2F7F8FD00BF0848FDF766FC0590059BD7
:10912000002B02D0049B054A9360BDF826301846F8
:109130000BB000BD84680020806800206C640020B3
:1091400098540020A0DB030000B585B0002107483B
:10915000FDF794FB0390039B0293029B83F31003A0
:109160000193019B184605B000BD00BF8868002030
:1091700000B589B00390029101920093039B1B0CF0
:109180000793FFF7E1FF0690FFF78EFE0246079B6D
:10919000934204D3214940F2A910F2F7B3FD069B94
:1091A0001904009B5A1C0A9B1340079A0A431C4946
:1091B00002339B000B445A60009A0A9B134002330F
:1091C0009B00174A134404330593039B03F00703E2
:1091D000D9B2059A137861F3C5031370019B03F0AC
:1091E0000F03D9B2059A138861F389131380029B88
:1091F000C3F31501059A136861F39F231360059A61
:109200001378012161F301031370059A137823F099
:109210000403137000BF09B000BD00BFA0DB030052
:109220006C64002000BF704700B58DB003900291C0
:1092300013468DF80730039B02330A9301238DF800
:10924000273000238DF81B300DF11B031846FCF767
:109250007DFD3F4B5A68029B1A603E4B1A683C4B9F
:1092600099683B4B5B68CB1A134401330B9314E0B2
:1092700001213948FDF774FBFFF7DCFE07900799E1
:109280003548FDF76DFB334B1A68314B9968304B0D
:109290005B68CB1A134401330B930A9A0B9B9A42D7
:1092A000E6D89DF82730002B48D0002305939DF881
:1092B0000730002B17D09DF81430012262F3010310
:1092C0008DF814309DF8143043F004038DF81430F9
:1092D000039B03F00F03DAB2BDF8143062F3891375
:1092E000ADF8143016E09DF81430022262F3010349
:1092F0008DF814309DF8143043F004038DF81430C9
:10930000039BC3F309039AB2BDF8163062F38F13BF
:10931000ADF816300E4B5A680E4B1B6813400233E3
:109320009B000B4A134404330893059A089B1A6068
:10933000074B5A680A9B1344054A53609DF81B303B
:109340001846FCF717FD9DF8273018460DB000BDF4
:109350006C640020985400208868002000B58BB011
:1093600005900491039202931F4B1B68079306AB71
:10937000012219460298FFF757FF0346002B24D01D
:10938000069B023309930023089311E0089B9B007E
:10939000039A1A44099B591C099107990B401268BA
:1093A000124902339B000B445A60089B0133089317
:1093B000089A029B9A42E9D3069A079B00931346A8
:1093C000029A04990598FFF7D3FE084B1B78002BEF
:1093D00004D000F095F80346002BFAD1FFF722FFE6
:1093E00000BF0BB000BD00BF985400206C6400208B
:1093F00000B583B0019000910023002200990198EC
:10940000FFF7ACFF00BF03B000BD00B587B003900D
:1094100002910192019B059305AA012302990398E9
:10942000FFF79CFF00BF07B000BD00B587B00390F9
:10943000029101920093019B0493009B059304AA5F
:10944000022302990398FFF789FF00BF07B000BD10
:1094500000B589B00390029101920093019B05939E
:10946000009B06930A9B079305AA0323029903987E
:10947000FFF774FF00BF09B000BD00B58BB00390CB
:10948000029101920093019B0593009B06930C9B14
:1094900007930D9B08930E9B099305AA0523029938
:1094A0000398FFF75BFF00BF0BB000BD00B58BB0AA
:1094B0000390029101920093019B0493009B0593FA
:1094C0000C9B06930D9B07930E9B08930F9B099390
:1094D00004AA062302990398FFF740FF00BF0BB0D0
:1094E00000BD0000054B9A68044B5B689A420CBFB4
:1094F00001230023DBB21846704700BF6C640020D4
:1095000000B599B0FFF7EEFF0346002B01D0002312
:10951000C2E19C4B0022C3F81824BFF34F8F00BF59
:10952000984B9B680493984B1B680C93049A0C9B74
:10953000134002339B00934A134404330E930023D9
:1095400017930023169300230B9304AB19460E9830
:10955000FFF738FD0346002B19D08A4BD3F8183497
:10956000002B14D1874B5A68049B9A4205D8854B2F
:109570005B68844A936000238EE1049A0C9B13403D
:1095800002339B007F4A134404330E93DDE700232C
:10959000159311E0049B5A1C04920C9A1340159ADF
:1095A000920001A90A44774902339B000B445B688F
:1095B0001360159B01331593159B012BEAD99DF878
:1095C000043003F00303DBB2022B40F09F80BDF8B0
:1095D0000630C3F389139BB20993BDF80630C3F379
:1095E00089139BB2502B28BF50239BB20893089B32
:1095F000C3F309039AB2BDF8063062F38F13ADF8D6
:109600000630089B083307939DF80430C3F3C20368
:10961000DBB20B9307995D48FEF758FC1790179B38
:10962000002B00F0D5801798FEF7DFFC01A9169BF0
:1096300008221798FEF792FD169B08331693049B99
:10964000DA430C9B134001339B000693089A069B58
:109650009A4245D9069B002B09D0049A0C9B1340D3
:1096600002339B00474A13440433149301E0484BF0
:109670001493069B002B03D0069B8DF84F3002E01D
:10968000089B8DF84F30069B002B02D0404B129365
:1096900001E000231293069B002B07D0089BDAB24F
:1096A000069BDBB2D31A8DF8473002E000238DF819
:1096B00047309DF84F20169B14991798FEF74EFDE2
:1096C0009DF84F30169A13441693129B002B16D018
:1096D0009DF84720169B12991798FEF73FFD0EE064
:1096E000049A0C9B134002339B00264A1344043314
:1096F0000593169B089A05991798FEF72FFD099B6D
:1097000003339A08049B1344049361E09DF80430EA
:1097100003F00303DBB2012B5AD1BDF80430C3F3CD
:109720008313DBB2062B28BF0623DAB2BDF8043060
:1097300062F38913ADF80430BDF80430C3F383132A
:10974000DBB202330A939DF80430C3F3C203DBB2E9
:109750000B930A9B9B0019460C48FEF7B7FB17902A
:10976000179B002B34D01798FEF73FFC01A9169BDE
:1097700008221798FEF7F2FC169B08331693002375
:1097800015931CE06C6400209854002068B403001A
:1097900078640020049B5A1C04920C9A13400233F4
:1097A0009B003F4A1344191D169B04221798FEF78D
:1097B000D5FC169B04331693159B01331593BDF806
:1097C0000430C3F38313DBB21A46159B9342E1D3F3
:1097D000179B002B40D0324BD3F810341093304BF2
:1097E000D3F81834002B1BD01798FEF70CFC4DE073
:1097F00000238DF83F301098FFF727FB0346002B1E
:1098000002D001238DF83F309DF83F30002B03D06C
:1098100017991098FFF7D8FA109BDB681B68109314
:10982000109B002BE4D11798FEF7EDFB00238DF879
:1098300003300DF103031846FCF788FA184BD3F8F0
:109840001834002B02D1049B154A93609DF8033015
:109850001846FCF78FFA19E0114BD3F810340D932A
:1098600006E00D98FFF7C8FA0D9BDB681B680D93A7
:109870000D9B002BF5D10B4A0B4BD31ADB081B04B5
:1098800043F0020309491846FFF7B2FDFFF72AFE2D
:10989000034683F00103DBB2184619B000BD00BFD8
:1098A0006C640020A4B403007CB40300F0DB03006C
:1098B00000B585B00023039323E0164BD3F8103492
:1098C000029301238DF807300FE00298FFF7ACFAFE
:1098D00003461A46039B934203D100238DF80730B9
:1098E00006E0029BDB681B680293029B002BECD115
:1098F0009DF80730002B01D0039B07E0039B013349
:109900000393039B092BD8DD4FF0FF33184605B0B6
:1099100000BD00BF6C64002000B585B001900B460F
:109920008DF80330FFF7C4FF0390039BB3F1FF3FB3
:1099300001D1039B22E0039BDBB219460198FFF79C
:1099400066FA104BD3F81034002B08D10D4A019B56
:10995000C2F81034019BDB6800221A600DE0094B4D
:10996000D3F81034DA68019BDB6812681A60054B83
:10997000D3F81034DB68019A1A60039B184605B0CF
:1099800000BD00BF6C64002000B583B00C4BD3F861
:10999000103401930A4B01221A7009E00198FFF775
:1099A0004BFA0198FFF71DFA019BDB681B680193D6
:1099B000019B002BF2D100BF00BF03B000BD00BF70
:1099C0006C64002082B00190009100BF02B070472B
:1099D00010B584B003900291039BDB88002B0AD062
:1099E000039BDB881A461F4B009313461E4A1F49F0
:1099F0000298FDF731F9039B1B7A052B2ED0039BB0
:109A00005B7A002B12D0039B9B881A46039B1B7A20
:109A100019461046FFF7A0FA03461A46144B53F8AE
:109A200022301A4613490298FDF716F9039B1B686A
:109A300019460298FFF7C6FF039B1B7A1A460E4B86
:109A400053F82240039B9B8800211846FFF766FAD3
:109A50000346224609490298FDF7FEF800BF04B00C
:109A600010BD00BF24DC030034DC03006CDC030009
:109A7000B054002084DC03009C54002088DC0300E8
:109A800000B585B00390029113468DF80730039B13
:109A90001B7A052B0FD0039B5B7A002B06D00D4B56
:109AA0001B681A460C490298FDF7D6F80B49029834
:109AB000FDF7D2F807E09DF80730002B03D00749E7
:109AC0000298FDF7C9F80298FDF7A6F800BF05B0A7
:109AD00000BD00BFB054002084DC030094DC030010
:109AE00030B58BB007900691059204930E9B1B7BBB
:109AF0008DF827300E9B00221A730E990498FFF7F9
:109B000067FF059B062B76D0059B062B00F28F8006
:109B1000059B052B57D0059B052B00F28880059BE4
:109B2000042B3CD0059B042B00F28180059B032B6A
:109B300026D0059B032B7AD8059B022B16D0059BBC
:109B4000022B74D8059B002B03D0059B012B05D05D
:109B50006DE007990E98FDF77FF869E0069B1B689A
:109B60001A4607990E98FDF777F861E0069B1A6888
:109B7000069B04331B6807990E98FDF76DF857E0B4
:109B8000069B1A68069B04331968069B08331B68FA
:109B900000930B4607990E98FDF75EF848E0069B88
:109BA0001968069B04331868069B08331B68069ADD
:109BB0000C3212680192009303460A4607990E98E8
:109BC000FDF74AF834E0069B1868069B04331C68CE
:109BD000069B08331B68069A0C32126806991031EE
:109BE00009680291019200932346024607990E9854
:109BF000FDF732F81CE0069B1C68069B04331D68C9
:109C0000069B08331B68069A0C32126806991031BD
:109C1000096806981430006803900291019200933D
:109C20002B46224607990E98FDF716F800E000BF74
:109C300000220E990498FFF723FF0E9B9DF8272022
:109C40001A7300BF0BB030BD00B587B0039002910E
:109C500001920093029B082B60D8009B1B7B8DF820
:109C60001330009B00221A7300990198FFF7B0FE91
:109C70000023059314E0059A029B9A4209D2039AA5
:109C8000059B13441B781A4626490098FCF7E4FF0D
:109C900003E025490098FCF7DFFF059B013305939E
:109CA000059B072BE7D921490098FCF7D5FF002336
:109CB000059326E0059A029B9A421BD2039A059BC4
:109CC00013441B788DF812309DF812307E2B0AD881
:109CD0009DF81230184601F013FB0346002B02D00A
:109CE0009DF8123000E02E231A4611490098FCF727
:109CF000B3FF03E00F490098FCF7AEFF059B01336B
:109D00000593059B072BD5D9012200990198FFF7F0
:109D1000B7FE009B9DF813201A7300E000BF07B048
:109D200000BD00BF98DC0300A0DC0300A4DC03003E
:109D3000A8DC0300ACDC030082B0204B0193019B44
:109D400002221A61019B02225A61019B1C4A9A61FC
:109D5000019B1C4ADA61019B4FF400721A62019B5D
:109D600000229A62019B00225A62019B0022DA6261
:109D7000019B134A9A64019B134ADA64019B1022E7
:109D80001A65019B00229A65019B00225A65019B7E
:109D90000022DA65019B07330C4A10681860019BAA
:109DA0000B4A106818609188927999809A71019B8A
:109DB00020229A7100BF02B0704700BF8C6800205B
:109DC000B0DC030004690020046B0020BCDC03004D
:109DD000C0DC030000B589B003900291019200231A
:109DE0000693039BDB680593039B1B690493049A0A
:109DF000059B9A4205D9049A059BD31A013B079308
:109E000007E0039B9A680499059BCB1A1344013B16
:109E10000793039B9A68059BD31A079A934228BF1E
:109E200013460793079A019B934228BF1346079353
:109E3000039B5A68059B1344079A0299184601F040
:109E4000D1F9069A079B13440693029A079B134481
:109E50000293019A079BD31A0193059A079B134417
:109E60000593039B9B68059A9A4201D100230593B1
:109E7000039B059ADA60019B002BB5D1069B18461F
:109E800009B000BD00B589B0039002910192039B17
:109E9000DB680793039B9A68079BD31A0693069A7D
:109EA000019B9A420ED9039B5A68079B1344019A5F
:109EB0000299184601F096F9079A019B1A44039BF0
:109EC000DA601AE0069B0593039B5A68079B1344CC
:109ED000059A0299184601F085F9019A069BD31A52
:109EE0000593039B5868029A069B1344059A1946EA
:109EF00001F078F9039B059ADA6000BF09B000BD54
:109F000086B00190019B1B690493019BDB6803935E
:109F1000049A039B9A4208D8019B9A68039BD21A21
:109F2000049B1344013B059304E0049A039BD31A5A
:109F3000013B0593059B184606B0704700B589B0F4
:109F4000039002910192029B0693039B5A1C1346B5
:109F50005B001344DB001F4A13440593059B5B69B8
:109F6000022B29D0022B2ED8002B02D0012B13D08C
:109F700029E00598FFF7C4FF0490049A019B9A42D8
:109F800002D20023079321E0019B0793019A0699CF
:109F90000598FFF777FF19E00598FFF7B1FF0490E8
:109FA000019A049B934228BF13460793079A069988
:109FB0000598FFF767FF09E0019A06990598FFF7F2
:109FC00009FF079002E00023079300BF079B184694
:109FD00009B000BD8C68002008B5FFF7ADFE00BFDA
:109FE00008BD000082B003468DF807309DF90730A8
:109FF000002B0CDB9DF8073003F01F0205499DF98B
:10A0000007305B09012000FA02F241F8232000BF6B
:10A0100002B0704700E100E082B003468DF80730DF
:10A020009DF90730002B13DB9DF8073003F01F026A
:10A0300009499DF907305B09012000FA02F220333B
:10A0400041F82320BFF34F8F00BFBFF36F8F00BFD6
:10A0500000BF02B0704700BF00E100E082B00346DD
:10A060008DF807309DF90730002B09DB0B4A9DF96D
:10A070000730134493F80033DBB25B09DBB20AE02C
:10A08000074A9DF8073003F00F03043B13441B7E7F
:10A09000DBB25B09DBB2184602B0704700E100E0BA
:10A0A00000ED00E000B583B00190019B002B03D1CF
:10A0B0000449C420F1F726FE019B5B68184603B0F3
:10A0C00000BD00BFC8DC030010DF704700BF1846AA
:10A0D00011DF704700BF184682B003468DF8073085
:10A0E0009DF907301F2B07DC9DF907300C4A22FA37
:10A0F00003F303F0010310E09DF907303F2B0BDC65
:10A100009DF90730203B012202FA03F3002B14BF14
:10A1100001230023DBB200E00123184602B07047A0
:10A12000FC06FFBD82B00190019B072B07D8EC22F3
:10A13000019B42FA03F303F00103002B01D100233A
:10A1400000E00123184602B07047000000B583B05C
:10A1500003468DF807309DF907301846FFF7BCFF1E
:10A160000346002B02D142F201032EE09DF9073095
:10A170001846FFF773FF03461846FFF7D3FF034661
:10A18000002B02D142F202031FE0114B9B68002B0F
:10A1900015D09DF907305B090D4A52F823209DF830
:10A1A000073003F01F03012101FA03F319469DF95B
:10A1B00007305B090A43064941F8232004E09DF972
:10A1C00007301846FFF70EFF0023184603B000BD06
:10A1D000DC61002000B583B003468DF807309DF99F
:10A1E00007301846FFF778FF0346002B02D142F2F2
:10A1F00001031FE0114B9B68002B15D09DF9073020
:10A200005B090E4A52F823109DF8073003F01F0334
:10A21000012202FA03F3DA439DF907305B090A4091
:10A22000064941F8232004E09DF907301846FFF75E
:10A23000F3FE0023184603B000BD00BFDC61002020
:10A2400000B587B003468DF8073002AB13491846B6
:10A25000FEF734FB17E002AB1846FFF723FF05902B
:10A26000059B1B680493059B59689DF80720049B78
:10A27000104698470346002B01D111230BE002AB97
:10A280001846FEF745FB02AB1846FFF70BFF0346E7
:10A29000002BE0D10023184607B000BD70DD03009D
:10A2A00000B587B003468DF8073002AB1149184658
:10A2B000FEF704FB12E002AB1846FFF7F3FE059031
:10A2C000059B1B680493059B59689DF80720049B18
:10A2D0001046984702AB1846FEF71AFB02AB184629
:10A2E000FFF7E0FE0346002BE5D100BF00BF07B03B
:10A2F00000BD00BF7CDD030000B583B01620FFF772
:10A3000025FF0190019B0093009B002B04D0044A81
:10A31000A1210098FAF7DEFF00BF03B000BD00BF27
:10A3200024DD030000B583B01620FFF753FF019032
:10A33000019B0093009B002B04D0044AAD210098A0
:10A34000FAF7C8FF00BF03B000BD00BF24DD030063
:10A3500000B585B0224B1B78002B01D008233CE0D0
:10A36000204B01221A700020FFF76AFF0346112BD1
:10A3700001D1002331E00020FFF792FF1A4B1B6848
:10A38000029300238DF807300DF107031846FBF701
:10A39000DDFC02AB15491846FFF796FE0390039BC0
:10A3A000002B0CBF01230023DAB20D4B1A709DF86D
:10A3B00007301846FBF7DEFC039B002B01D0039B04
:10A3C0000BE0084B00221A70094B00221A70FFF7AD
:10A3D00093FF0120FFF764FF0023184605B000BD7E
:10A3E000146B0020166B00206CDD0300F15203009B
:10A3F000156B002000B583B01D4B1B7883F0010363
:10A40000DBB2002B01D008232EE01A4B01221A7078
:10A410000120FFF715FF0346112B01D1002323E094
:10A420000220FFF73DFF00238DF803300DF10303F9
:10A430001846FBF78BFCFFF74BFE01900C4B0022FC
:10A440001A709DF803301846FBF794FC019B002B13
:10A4500001D0019B08E0074B00221A70FFF762FF52
:10A460000320FFF71DFF0023184603B000BD00BF07
:10A47000146B0020166B002008B50B4B1B7883F083
:10A480000103DBB2002B01D008230AE0074B1B7845
:10A49000002B03D0FFF7AEFF034602E0FFF758FFA3
:10A4A0000346184608BD00BF166B0020146B002041
:10A4B000014B1B7818467047146B002000B585B01F
:10A4C0006B4610491846FEF7F9F910E06B4618463E
:10A4D000FFF7E8FD0390039B1B680293039B5A68F8
:10A4E000029B104698476B461846FEF711FA6B46DA
:10A4F0001846FFF7D7FD0346002BE7D100BF00BF8A
:10A5000005B000BD88DD030008B5FFF7D7FF00BF29
:10A5100008BD60DF704700BF184669DF704700BFA5
:10A52000184661DF704700BF1846000000B583B0D1
:10A530000190019B002B03D10449C420F1F7E2FBF9
:10A54000019B5B68184603B000BD00BF94DD0300AB
:10A5500082B00190019B002B01D10E2304E0044B3B
:10A560001A46019B1A600023184602B0704700BFCC
:10A57000084B002010B586B0034600918DF80730D7
:10A580000098FFF7E5FF0590059B002B01D0059B88
:10A59000ECE002AB0C220021184600F055FE9DF8BD
:10A5A00007308DF8083002238DF80A300623ADF805
:10A5B0000C30009B1A6802AB19462020FFF7ADFF54
:10A5C0000590059B002B0FD06A4A6B4BD31ADB0812
:10A5D0001B0443F001040598FEF768FA03461A4687
:10A5E00066492046FEF711FF02AB0C2200211846F7
:10A5F00000F02AFE01238DF8093001238DF80A307E
:10A6000001238DF80B30009B1A6802AB19464020DD
:10A61000FFF783FF0590059B002B0FD0554A564B43
:10A62000D31ADB081B0443F001040598FEF73EFA39
:10A6300003461A4652492046FEF7E7FE02AB0C22BB
:10A640000021184600F000FE9DF807308DF8083014
:10A65000F723ADF80A30009B1A6802AB1946232095
:10A66000FFF75BFF0590059B002B0FD0414A424B43
:10A67000D31ADB081B0443F001040598FEF716FA11
:10A6800003461A463F492046FEF7BFFE02AB0C22A6
:10A690000021184600F0D8FD01238DF80830009BFA
:10A6A0001A6802AB19460120FFF737FF0590059B9A
:10A6B000002B0FD02F4A304BD31ADB081B0443F07A
:10A6C00001040598FEF7F2F903461A462E49204682
:10A6D000FEF79BFE02AB0C220021184600F0B4FDF1
:10A6E0004FF4B0630293009B1A6802AB1946A12095
:10A6F000FFF713FF0590059B002B0FD01D4A1E4B43
:10A70000D31ADB081B0443F001040598FEF7CEF9C9
:10A7100003461A461D492046FEF777FE02AB0C227F
:10A720000021184600F090FD9DF8083023F0010349
:10A730008DF80830009B1A6802AB1946A020FFF77D
:10A74000ECFE0590059B002B0FD00A4A0A4BD31A4A
:10A75000DB081B0443F001040598FEF7A7F9034644
:10A760001A460B492046FEF750FE0023184606B055
:10A7700010BD00BFFCB403007CB40300F4DD030093
:10A780003CDE030088DE0300D0DE03001CDF030094
:10A7900070DF030082B04FF08053D3F80C319B027E
:10A7A0000193019B03F10053184602B0704700006B
:10A7B00010B584B00190019B1B6803930198FFF7CB
:10A7C000A8FE0290019B1B68039A9A4229D2224A52
:10A7D000224BD31ADB081B0443F00203204918461E
:10A7E000FEF706FE1C4A1D4BD31ADB081B0443F080
:10A7F0000200019B1B68039A1A49FEF716FE164ACF
:10A80000164BD31ADB081B0443F00204FFF7C2FF08
:10A810000246019B1B68D31A1A4613492046FEF7CD
:10A82000F4FD029B002B03D1104B01221A700FE0A4
:10A83000094A0A4BD31ADB081B0443F001040298AF
:10A84000FEF734F903461A4609492046FEF7DDFDB6
:10A85000029B184604B010BDFCB403007CB4030096
:10A86000C4DF0300F4DF030028E00300176B0020BF
:10A8700054E0030000B5ADF5077D86ABA3F5057385
:10A880001860234B1B7883F00103DBB2002B3BD114
:10A890004FF4FA73ADF806320DF2062202AB114600
:10A8A0001846FFF73EFE8590859B002B03D0859BC5
:10A8B000052B22D129E002AB84937FAB15491846C2
:10A8C000FDF7FCFF11E07FAB1846FFF72FFE8390EA
:10A8D000839B1B688293839B5A68829B1146849852
:10A8E00098477FAB1846FEF713F87FAB1846FFF783
:10A8F0001DFE0346002BE6D1CAE7074A40F23F118E
:10A900008598FAF7E7FC00E000BF0DF5077D00BD74
:10A91000176B0020C0E0030074E0030000B583B0B3
:10A920000190019B002B03D10449C420F1F7EAF9FF
:10A93000019B5B68184603B000BD00BFCCE003007C
:10A940004BDF704700BF184600B589B0019004ABDB
:10A950001846FFF7F5FF0790079B002B03D0079BD6
:10A96000052B20D124E002AB13491846FDF7A6FFC2
:10A9700011E002AB1846FFF7D1FF0690069B1B685B
:10A980000593049A069B5968059B1046984702ABAD
:10A990001846FDF7BDFF02AB1846FFF7BFFF0346A1
:10A9A000002BE6D1D3E7054A6B210798FAF792FC12
:10A9B00000BF09B000BD00BF78E103002CE1030037
:10A9C000B1EEC00A70470000002B35D129B9B0FBA9
:10A9D000F2FC0CFB120260467047914215D22DE941
:10A9E000F041B2FA82F39A409940D3F1200C30FA48
:10A9F0000CFC51EA0C01984000F04EF8280036FAA1
:10AA000003F200210023BDE8F081F0B5B1FBF2FCB8
:10AA10000CFB1211B2FA82F39A409940D3F120064E
:10AA200030FA06F63143984000F036F861462800C7
:10AA30003200DA400023F0BDF3B5B3FA83FC4908D5
:10AA40005FEA300013FA0CF3DCF1200432FA04F46C
:10AA500023430CB41A0000F01FF80CBC33FA0CF3BB
:10AA6000DCF11F0C35FA0CF518BF6D1E03BCA5FBFD
:10AA7000026705FB0377801BB941904271EB030C21
:10AA800005D3821A71EB0303681C0021F0BD02009C
:10AA90000B0028000021F0BD940D4FF6C2752D0269
:10AAA000B5FBF4F4D60A761C04FB04F5A5FB0656A8
:10AAB000F64306EB0416550832BF002777086D1CD5
:10AAC00005FB1677A6FB07477F0807EBC637140080
:10AAD0001500E7FB02457F1B4D1C0400E7FB014509
:10AAE00005FB1206A64284BF6D1EB618964224BF0F
:10AAF0006D1CB61A704710B582B0044600698DF817
:10AB0000071078B1D4E900239A4231D26269531C0C
:10AB100063618154D4E90501884229D1204600F0BF
:10AB20002CF825E0E06850B1D4E9002C62451FD232
:10AB3000531CB3EB0C0318BF0B46835418E0A068FA
:10AB400058B1D4E9002C624512D2531CB3EB0C036C
:10AB500018BFCBB240F822300AE0236A43B1D4E9EF
:10AB60000001884204D20DF10701204601229847D6
:10AB700020680130206002B010BD42694AB110B5B2
:10AB80000446036A002B1CBF2169984700206061BE
:10AB900010BD7047012A0CDBF8B514460D46064679
:10ABA000671E30462946FFF7A6FF012C3C46F7D822
:10ABB000F8BD7047CB0606D43023890558BF202343
:10ABC0001946FFF7E7BF704738B5044600F06CFB45
:10ABD000054620460021242200F036FBE56138BD01
:10ABE00082B030B58BB0CDE90E230C4605460EA8D9
:10ABF000009001A8FFF7E8FF04956FF00040029075
:10AC0000009A01A8214600F005F80BB0BDE83040DD
:10AC100002B070472DE9F04F89B01546894682464B
:10AC20000020CAF800000DF10E0819F8011B2529B3
:10AC300006D0002900F04F825046FFF75CFFF4E792
:10AC40002C4600274A4619F8010BA0F12003102BCF
:10AC50000DD88021DFE803F0091B1B191B1B1B15F6
:10AC60001B1B30181B101B1B120040210DE05E281F
:10AC70000DD14FF4805108E0102106E04FF400712F
:10AC800003E04FF4004100E020210F43DAE7A0F198
:10AC90003001C9B209294FF000010BD801EB810145
:10ACA00000EB410119F8010BA0F13002D2B23039AA
:10ACB0000A2AF3D325460CE0254655F8040B01007B
:10ACC00048BF4142102303EAD060074302F1020962
:10ACD00050782E280BD14A4612F8010B2A2809D1A8
:10ACE00055F804BB99F8010009F1020218E04FF091
:10ACF000000B1EE0A0F13003DBB2092B4FF0000B7C
:10AD000014D80BEB8B0300EB430312F8010BA0F1FB
:10AD100030095FFA89F9B9F10A0FA3F1300BF0D3CA
:10AD2000BBF1000F04D447F4807701E047F480774B
:10AD30009146A0F16802D3B2D20142EA5302D2B2E4
:10AD4000092A22D8DFE802F0050E122121210F2165
:10AD5000210F4A4612F8010B682812D199F8010018
:10AD600008370BE0023719F8010B0EE04A4612F8DB
:10AD7000010B6C2807D199F80100023709F102098B
:10AD800003E0043700E001379146622821EAE176CA
:10AD900020DDA0F1630115293FF647AFDFE811F090
:10ADA00038001700160016001600160017001600CF
:10ADB0001600160016009A00440006011600160040
:10ADC000290016004E001600160022002DE747F459
:10ADD000804737E0252800F08A80582840F08C8191
:10ADE00047F4005743F2580278281ED143F2780204
:10ADF0001BE001952D68002D04BF4EF2A415C0F292
:10AE00000305F805284600F1458100F0AEF944E15C
:10AE10002C78013E504639463246FFF7CBFE50466D
:10AE20002146FFF768FE4AE13022390602EAE17165
:10AE30000291F90508D527F4007705E0F90548BF28
:10AE400027F400770021029179044FEA8771009678
:10AE500004D4002909D4291D00240CE0002913D4AE
:10AE6000294651F8045BEC1714E0E91D21F00705B1
:10AE700005F108016C687A072D6814D417F0080FE3
:10AE800013D00024EDB210E0E91D21F007014C6859
:10AE900051F8085B0191790709D439070AD545F3C0
:10AEA000C0146DB206E0ADB20024019126E045F376
:10AEB000C0342DB2002C07DBB9061DD47906029AE6
:10AEC00048BF2022029219E000216D4261EB040488
:10AED0002D2112E055F8040B3907DAF8001000F1C3
:10AEE000F880BA0752BF0160002206C09DE65046B6
:10AEF0002521FFF700FE98E62B210291F90548BFB6
:10AF000027F40077F90558BF4FF0010B00266E2893
:10AF100021DD6F38092800F27980DFE800F005565E
:10AF2000777777772277775655EA04006ED0E8086E
:10AF300040EA4470062262F3DF0508F80650013645
:10AF400050EAD4014FEAD4044FEAD001054641EA61
:10AF50004470F0D15AE0582837D0642818BF6928C7
:10AF600054D155EA040051D0380407D506F0030047
:10AF7000032802BF2C2008F8060001362846214687
:10AF80000A220023FFF720FD00EB8002A5EB42021E
:10AF9000D5F109030023A34142F0300208F806204E
:10AFA00006F1010605460C46DED32FE02846009642
:10AFB00050F8045B01903806232101EAE07002900A
:10AFC00047F4807700244FF0080B002655EA040070
:10AFD0001CD04EF28410C0F20300B9045CBF4EF2E4
:10AFE0009410C0F20300290941EA047105F00F0230
:10AFF0000D46825C08F80620013651EA14114FEA2A
:10B0000014144FEA151141EA0471EFD1ABEB0600BD
:10B0100020EAE07B06EB0B000099029D0C1A4FF032
:10B02000FF30FF2D88BF0138002D18BF0444B8053C
:10B0300005D4504639462246FFF7BCFD0024FF2DBB
:10B0400004D9290A5046FFF756FD00E01DB15046CD
:10B050002946FFF750FD504639462246FFF7AAFD24
:10B06000504630215A46FFF795FD012E08DB751E2C
:10B07000504618F80510FFF73EFD012E2E46F6D873
:10B08000F806019D7FF5D1AD504620212246FFF7FD
:10B0900081FDCAE5594600F07EF8044627F40077A2
:10B0A000361A504639463246FFF784FD34B115F85A
:10B0B000011B5046FFF71FFD013CF8D1019D0435EF
:10B0C000F8067FF5B2AD504620213246FFF762FD0B
:10B0D000ABE50170A9E5DAF80C0028B1DAE9001255
:10B0E00091423CBF002242545046FFF746FDDAF839
:10B0F000000009B0BDE8F08F00287FF496AD5046FF
:10B10000FFF73BFD4FF0FF30F3E7082907D346F682
:10B110001832C2F2000210600022C0E9002170471C
:10B1200000B5042A8E4609D350F8043B5EF804CBE0
:10B13000634505D1043A032A7146F5D89AB10368EC
:10B14000086880EA030191FAA1F1B1FA81F1B2EB4A
:10B15000D10F08D901F0380123FA01F2D2B2C84068
:10B16000C0B2101A00BD002000BD017889B14FF0B7
:10B17000013C0346194653F8042BCCFA52F2002A3C
:10B18000F8D092FAA2F2B2FA82F201EBD201081AD6
:10B1900070470020704700291CBF0278002A01D1A7
:10B1A0000020704700B50429D0F800E0024609D31A
:10B1B0004FF0013CCCFA5EF323B90439032952F86D
:10B1C00004EFF7D84FF00133C3FA5EF393FAA3F319
:10B1D000B3FA83F3101AB1EBD30F88BFD908084430
:10B1E00000BD00005AB3844690EA01039B071FD1BB
:10B1F000830707D011F8013B00F8013B521EF7D13D
:10B200001CE08446203A09D32DE9F007B1E8F8079D
:10B21000A0E8F807203AF9D2BDE8F0071C3205D4BF
:10B2200051F8043B40F8043B121FF9D2043205D018
:10B2300011F8013B00F8013B521EF9D160467047FE
:10B2400000220B0011001A0084465AB3830704D071
:10B2500000F8011B521EF9D124E0C9B241EA0121D4
:10B2600041EA0141202A11D3203A2DE9F0030B468F
:10B270000C460D460E460F4688468946A0E8FA035E
:10B28000203AFBD2BDE8F00320320BD0042A05D3CC
:10B2900040F8041B121F05D0042AF9D200F8011B44
:10B2A000521EFBD16046704746F61C30C2F20000C9
:10B2B0000068002804BF45F2D440C2F20000704785
:10B2C00084460020002918BF002A0ED0097848B211
:10B2D00000280BD4BCF1000F18BFCCF800100021DF
:10B2E000C3E90011002818BF012070476FF001006A
:10B2F00070477F298EBF6FF00100017001207047F9
:10B3000046F61C31C2F200010968002904BF45F26B
:10B31000D441C2F20001496889680A6809211047CE
:10B320007F280BD84EF24032C0F203024EF2C033F7
:10B33000C0F20303105C595C08407047002070475E
:10B34000A0F161011A2938BF20387047A0F14101EE
:10B350001A2938BF203070477F280BD84EF2403270
:10B36000C0F203024EF2C033C0F20303105C595C1A
:10B370000840704700207047A0F161011A2938BFCA
:10B3800020387047A0F141011A2938BF203070479A
:10B390000D27030000000000957D03000000000061
:08B3A00095CE02000000000040
:10B3A800F5F4020000000000C5030300804B0020F4
:10B3B8002115030054510020031C0300A45600204B
:10B3C8002FEC020044570020B90C0300905B0020CA
:10B3D800B90C0300C45E0020FBF20200000000006C
:10B3E8008922030000550020511E0300AC520020A2
:10B3F8008B1703003857002051CB0200F45E002061
:10B40800D19F02000000000045BE020000000000BD
:08B418004D7E0300000000005E
:10B420003127030000000000757E030000000000CB
:10B4300075A803000000000049A9030000000000F7
:10B44000C8550020C4550020010000000200000083
:04B4500001000000F7
:10B454009C560020D4550020DC550020DC550020EB
:10B4640018000000CC630020046300200C6300205B
:08B474000C6300201800000029
:10B47C0074CB0300000000002CCC03000000000083
:10B48C007CCC03000000000028CD0300000000006D
:10B49C00E8CD0300000000009CDB03000000030368
:10B4AC00E8CE03000000000018C7030000000303EF
:10B4BC0090CA030000000000A8CA030000000303A8
:10B4CC0014CA030000000303F4CA030000000000C8
:10B4DC0030C803000000030388C903000000030305
:10B4EC0078D10300000003031CDD030000000303FC
:10B4FC00E8DD03000000030320E103000000030368
:10B50C007CD40300000000008CD503000000000078
:10B51C000CDB03000000000028DB0300905400202B
:10B52C0000000000000000002D8302000000040059
:04B53C0000700F008C
:10B540005265616C20426174746572793A20256499
:10B55000252520285241573A2564290D0A0000006C
:10B560006164632025646D76282564290D0A000036
:10B57000414443206661696C3A2030782530385860
:10B5800000000000433A5C6E72665C6E5246355FA6
:10B5900053444B5F31372E312E305F646464653520
:10B5A00036305C6578616D706C65735C626C655F8C
:10B5B0007065726970686572616C5C626C655F6110
:10B5C00070705F756172745C6170705F6164632E2E
:10B5D00063000000010006000000000002000001FE
:10B5E00000000000204B0020404B0020604B00205A
:10B5F0002D2D2D20416C6C20466C617368204461B8
:10B6000074612053656E6420436F6D706C65746562
:10B6100021202D2D2D0D0A0061636B5F696E707501
:10B6200074203D202564200D0A000000433A5C6E22
:10B6300072665C6E5246355F53444B5F31372E3134
:10B640002E305F646464653536305C6578616D709A
:10B650006C65735C626C655F706572697068657259
:10B66000616C5C626C655F6170705F756172745C67
:10B670006170705F626C655F74782E63000000001B
:10B68000B8550020185500200400000020000000DC
:10B6900001000000433A5C6E72665C6E5246355F94
:10B6A00053444B5F31372E312E305F64646465350F
:10B6B00036305C6578616D706C65735C626C655F7B
:10B6C0007065726970686572616C5C626C655F61FF
:10B6D00070705F756172745C6170705F63656E74C9
:10B6E00072616C5F636F6E2E6300000052455345BC
:10B6F00054000000726574203D20256400000000A5
:10B70000626C655F6E75735F635F6576745F6861B9
:10B710006E646C65722025640000000044697363E8
:10B720006F7665727920636F6D706C6574652E003D
:10B73000436F6E6E656374656420746F2064657614
:10B740006963652077697468204E6F72646963204D
:10B750005541525420536572766963652E0000008E
:10B760006E7573203D202564200D0A002530327847
:10B77000000000000D0A0000446973636F6E6E657F
:10B78000637465642E0000004E52465F424C455F74
:10B790005343414E5F4556545F434F4E4E454354CD
:10B7A00045440000436F6E6E656374696E67207474
:10B7B0006F207461726765742025303278253032CD
:10B7C000782530327825303278253032782530327D
:10B7D000780D0A0066696C746572203D202573003F
:10B7E0005363616E2074696D6564206F75742E0DEE
:10B7F0000A0000004E6F7420636F6E6E656374659F
:10B8000064000000446973636F6E6E656374206644
:10B8100061696C65643A20307825780042657374FC
:10B8200020525353492064657669636520696478C2
:10B830003D256420727373693D256400436F6E6E0D
:10B84000656374206661696C65643A202564000054
:10B850000D0A53544F50205343414E0D0A0000002F
:10B860004170705F7363616E5F73746F70206661A7
:10B87000696C65643A203078257800000D0A5354CD
:10B88000415254205343414E200D0A00466C6173CF
:10B8900068206F7065726174696F6E206661696C93
:10B8A00065642E204576742049443A2025642C2076
:10B8B000526573756C743A2025640000466C6173A0
:10B8C0006820777269746520737563636573732E7E
:10B8D00000000000466C617368206572617365202A
:10B8E000737563636573732E00000000466C6173AB
:10B8F00068206572617365206661696C65643A20D1
:10B90000256400005061676520626F756E64617226
:10B91000792064657465637465642E204572617373
:10B92000696E6720344B422061743A2030782530AC
:10B930003878000053746F72656420617420307829
:10B940002530387800000000466C617368207772FB
:10B95000697465206661696C65643A20256400003D
:10B96000526561642061646472657373206F7574DD
:10B97000206F6620626F756E64733A2030782530D0
:10B98000387820286C656E3A202564290000000074
:10B990006673746F726167652072656164206661A9
:10B9A000696C65643A20256400000000726561647A
:10B9B0002061742030782530387800003D3D3D3DD1
:10B9C0003D3D3D3D3D3D20547261636B65722053AA
:10B9D000657474696E67203D3D3D3D3D3D3D3D3D97
:10B9E0003D0000006465766963655F6E616D65208A
:10B9F000202020202020202020202020203A202528
:10BA0000730000007065726970686572616C5F3107
:10BA1000202020202020202020202020203A202507
:10BA2000730000007065726970686572616C5F32E6
:10BA3000202020202020202020202020203A2025E7
:10BA4000730000007065726970686572616C5F33C5
:10BA5000202020202020202020202020203A2025C7
:10BA6000730000007065726970686572616C5F34A4
:10BA7000202020202020202020202020203A2025A7
:10BA800073000000626561636F6E5F6461746120C2
:10BA9000202020202020202020202020203A202587
:10BAA00073000000646174615F636F6C6C65637444
:10BAB0005F7365632020202020202020203A20254D
:10BAC00075000000626561636F6E5F74785F706F10
:10BAD000776572202020202020202020203A202559
:10BAE00064000000626561636F6E5F6164765F6928
:10BAF0006E74657276616C2020202020203A20250B
:10BB00007500000063726331362020202020202041
:10BB1000202020202020202020202020203A2030FB
:10BB200078253034580000003D3D3D3D3D3D3D3DD4
:10BB30003D3D3D3D3D3D3D3D3D3D3D3D3D3D3D3D35
:10BB40003D3D3D3D3D3D3D3D3D3D3D3D3D000000DC
:10BB5000433A5C6E72665C6E5246355F53444B5F8F
:10BB600031372E312E305F646464653536305C6564
:10BB700078616D706C65735C626C655F706572692D
:10BB800070686572616C5C626C655F6170705F7536
:10BB90006172745C6170705F666C6173682E6300C3
:10BBA0002E2E2F2E2E2F2E2E2F2E2E2F2E2E2F2EB0
:10BBB0002E2F6D6F64756C65732F6E7266782F68AB
:10BBC000616C2F6E72665F6770696F2E680000008F
:10BBD000504B45595F535441545F53575F50494E42
:10BBE000203D202564000000433A5C6E72665C6E66
:10BBF0005246355F53444B5F31372E312E305F64F0
:10BC00006464653536305C6578616D706C65735C55
:10BC1000626C655F7065726970686572616C5C62A8
:10BC20006C655F6170705F756172745C6170705F8C
:10BC30006770696F2E63000074696D65722073749C
:10BC40006F70206572723D2564000000504B4559AD
:10BC50005F535441545F53575F50494E20696E7093
:10BC600075743100504B45592031307320486F6C4A
:10BC70006420436865636B2053746172742E2E2EAA
:10BC800000000000504B4559205072657373656485
:10BC90002120486F6C64696E672E2E2E0000000014
:10BCA000486F6C64696E672E2E2E20256C75202FD0
:10BCB0002031302073656300504B4559203130737B
:10BCC00020486F6C64205375636365737321205142
:10BCD00043204D4F444520454E54455245440000B5
:10BCE000504B45592052656C656173656421205243
:10BCF0006573657474696E6720686F6C642074691D
:10BD00006D65722E000000000300020060520020EA
:10BD1000805200206E7573203D202564200D0A009E
:10BD200025303278000000000D0A0000424C455FCB
:10BD30004E55535F4556545F434F4D4D5F53544FDF
:10BD40005050454400000000433A5C6E72665C6EE1
:10BD50005246355F53444B5F31372E312E305F648E
:10BD60006464653536305C6578616D706C65735CF4
:10BD7000626C655F7065726970686572616C5C6247
:10BD80006C655F6170705F756172745C6170705F2B
:10BD90007065726970686572616C5F636F6E2E6347
:10BDA000000000004E6F7420636F6E6E65637465F3
:10BDB00064000000446973636F6E6E65637420668F
:10BDC00061696C65643A2030782578000D0A535417
:10BDD0004F50204144560D0A000000006164765F18
:10BDE00073746F702068616E646C653D25642065B6
:10BDF00072723D30782530386C780D0A00000000F2
:10BE000025730000545820506F7765722073657455
:10BE1000206F6B203078253038580D0A0000000064
:10BE2000545820506F77657220736574206661697D
:10BE30006C0D0A006164762075706461746520661B
:10BE400061696C3A203078253038580D0A000000BE
:10BE5000757569645F747970653D25640000000044
:10BE6000636F6E6E20616476207570646174652006
:10BE70006661696C3A203078253038580D0A000028
:10BE8000636F6E6E206164762075706461746520E6
:10BE90006F6B0D0A000000000D0A535441525420EC
:10BEA0004144562025640D0A000000002E2E2F2E3E
:10BEB0002E2F2E2E2F2E2E2F2E2E2F2E2E2F6D6F1D
:10BEC00064756C65732F6E7266782F68616C2F6E67
:10BED00072665F6770696F2E68000000433A5C6E9F
:10BEE00072665C6E5246355F53444B5F31372E317C
:10BEF0002E305F646464653536305C6578616D70E2
:10BF00006C65735C626C655F7065726970686572A0
:10BF1000616C5C626C655F6170705F756172745CAE
:10BF20006170705F71632E6300000000436F6E6E7E
:10BF300065637400446973636F6E6E6563746564F2
:10BF40000000000044617461206C656E20697320FC
:10BF500073657420746F2030782558282564290073
:10BF600003000200D0520020F05200205543463A10
:10BF700020253032582025303258000030783031BA
:10BF8000203D2030782530325800000030783032A3
:10BF9000203D203078253032580000003078313094
:10BFA000203D203078253032580000003078313183
:10BFB000203D203078253032580000004143432096
:10BFC000636F756E74203D2025642C204759524FB5
:10BFD00020636F756E74203D20256400476573747F
:10BFE000757265206C6561726E696E672066616945
:10BFF0006C65640047657374757265206C65617269
:10C000006E696E672046494E495348002D00000076
:10C01000000000004158206D65616E203D202573B1
:10C0200025642E25303264004159206D65616E20F3
:10C030003D20257325642E2530326400415A206D41
:10C0400065616E203D20257325642E253032640005
:10C050004758206D65616E203D20257325642E258F
:10C06000303264004759206D65616E203D20257394
:10C0700025642E2530326400475A206D65616E209C
:10C080003D20257325642E25303264004765737486
:10C09000757265206C6561726E696E6720535441DC
:10C0A0005254000057484F5F414D5F49203D2025C5
:10C0B0007800000052454720307825303258203D26
:10C0C00020307825303258002076616C7565203D2F
:10C0D0002025640A00000000154B70717273000087
:10C0E0002052657461696E65645F64617461203DAE
:10C0F000202564202D202564282564290A000000BD
:10C1000052696E67206275666665722066756C6C32
:10C11000212044726F7070656420312077686F6CE5
:10C1200065206461792E204E6577206C6173745FA1
:10C1300073656E645F616464723A203078253038CC
:10C140007800000053656E736F725F666C61736890
:10C150005F736574206D795F64617461203D202593
:10C1600064200A006D5F7461726765745F73656E49
:10C17000645F61646472203D2025303878206D5FF3
:10C1800063757272656E745F61646472203D202510
:10C190003038780A000000006D5F63757272656E5A
:10C1A000745F73656E645F61646472203D20253046
:10C1B0003878206D5F6C6173745F73656E645F6166
:10C1C000646472203D20253038780A000030004039
:10C1D000000000002E2E2F2E2E2F2E2E2F2E2E2F33
:10C1E0002E2E2F2E2E2F6D6F64756C65732F6E7231
:10C1F00066782F68616C2F6E72665F6770696F2E4C
:10C20000680000005458204552523D30782530389F
:10C2100058205245473D307825303258204441540B
:10C22000413D30782530325800000000433A5C6EC2
:10C2300072665C6E5246355F53444B5F31372E3128
:10C240002E305F646464653536305C6578616D708E
:10C250006C65735C626C655F70657269706865724D
:10C26000616C5C626C655F6170705F756172745C5B
:10C270006170705F7477692E630000000500000034
:10C280000400000000006806020000002E2E2F2E81
:10C290002E2F2E2E2F2E2E2F2E2E2F2E2E2F6D6F39
:10C2A00064756C65732F6E7266782F68616C2F6E83
:10C2B00072665F6770696F2E68000000433A5C6EBB
:10C2C00072665C6E5246355F53444B5F31372E3198
:10C2D0002E305F646464653536305C6578616D70FE
:10C2E0006C65735C626C655F7065726970686572BD
:10C2F000616C5C626C655F6170705F756172745CCB
:10C300006D61696E2E630000446973636F6E6E65C4
:10C31000637465642025640044617461206C656EFB
:10C320002069732073657420746F20307825582835
:10C3300025642900676F5F73797374656D5F6F663D
:10C340006620656E74657200676F5F7379737465DC
:10C350006D5F6F66662072657475726E0000000016
:10C360003135204D696E757465732054696D657241
:10C3700020457870697265642120446F696E67207A
:10C380007461736B2E2E2E00424C455F53656E64B4
:10C390005F62797465203D202564200031352D4D84
:10C3A000696E7574652054696D657220537461728D
:10C3B0007465642E00000000736C656570207374F2
:10C3C0006172740D0A000000446576696365206936
:10C3D0007320707265706172696E6720746F20657A
:10C3E0006E74657220626F6F746C6F616465722029
:10C3F0006D6F64652E000000446576696365207783
:10C40000696C6C20656E74657220626F6F746C6FFE
:10C4100061646572206D6F64652E000052657175F0
:10C4200065737420746F20656E74657220626F6F1F
:10C43000746C6F61646572206D6F646520666169FC
:10C440006C6564206173796E6368726F6E656F7579
:10C45000736C792E0000000052657175657374204D
:10C46000746F2073656E64206120726573706F6EE7
:10C47000736520746F20636C69656E7420666169F2
:10C480006C65642E00000000556E6B6E6F776E2039
:10C490006576656E742066726F6D20626C655F6490
:10C4A00066755F627574746F6E6C6573732E0000D1
:10C4B00052535349206E6F742072656164792079FC
:10C4C0006574206F7220727373695F737461727424
:10C4D000206E6F742063616C6C6564210000000045
:10C4E00073645F626C655F6761705F727373695FCD
:10C4F000676574206661696C65643A2030782578D8
:10C5000000000000554152542073746172746564D8
:10C510002E0000004465627567206C6F6767696E66
:10C520006720666F722055415254206F76657220E5
:10C5300052545420737461727465642E00000000BC
:10C5400020540020405400206054002050EADA308B
:10C550008883B89F604F15F30000C98E546865202A
:10C56000626F6F746C6F61646572206861732077AD
:10C57000726974652070726F746563746564206994
:10C5800074732073657474696E6773207061676576
:10C590002E20546869732070726F686962697473C1
:10C5A0002073657474696E672074686520616476B1
:10C5B0006572746973696E67206E616D652E2054B3
:10C5C000686520626F6F746C6F61646572206D7551
:10C5D000737420626520636F6D70696C6564207789
:10C5E000697468204E52465F424C5F53455454492B
:10C5F0004E47535F504147455F50524F5445435457
:10C600003D3020746F20616C6C6F7720736574749B
:10C61000696E6720746865206164766572746973F9
:10C62000696E67206E616D652E000000536574743D
:10C63000696E6720766563746F72207461626C65E1
:10C6400020746F20626F6F746C6F616465723A2042
:10C6500030782530387800004661696C6564207256
:10C66000756E6E696E672073645F736F6674646560
:10C67000766963655F766563746F725F7461626C1F
:10C68000655F626173655F73657400004E6F206261
:10C690006F6F746C6F616465722077617320666F71
:10C6A000756E640053657474696E67207665637493
:10C6B0006F72207461626C6520746F206D61696EA9
:10C6C000206170703A203078253038780000000002
:10C6D000433A5C6E72665C6E5246355F53444B5F04
:10C6E00031372E312E305F646464653536305C63DB
:10C6F0006F6D706F6E656E74735C626C655C636F9A
:10C700006D6D6F6E5C626C655F636F6E6E5F737490
:10C710006174652E63000000626C655F64625F6433
:10C72000697363004E6F7420656E6F756768207360
:10C730007061636520666F722073657276696365E8
:10C74000732E0000496E63726561736520424C452B
:10C750005F44425F444953434F564552595F4D41F0
:10C76000585F53525620746F2062652061626C6579
:10C7700020746F2073746F7265206D6F7265207303
:10C780006572766963657321000000004E6F742046
:10C79000656E6F75676820737061636520666F7280
:10C7A000206368617261637465726973746963732D
:10C7B000206173736F63696174656420776974685D
:10C7C000207365727669636520307825303458208F
:10C7D00021000000496E63726561736520424C451B
:10C7E0005F474154545F44425F4D41585F43484165
:10C7F000525320746F2062652061626C6520746FF3
:10C800002073746F7265206D6F726520636861724A
:10C81000616374657269737469637320666F7220F3
:10C820006561636820736572766963652100000045
:10C830006E72665F626C655F676174740000000011
:10C8400073645F626C655F6761705F646174615F90
:10C850006C656E6774685F75706461746528292003
:10C86000287265717565737429206F6E20636F6E11
:10C870006E656374696F6E203078257820726574F8
:10C8800075726E65642025732E0000005468652063
:10C890007265717565737465642054582F52582001
:10C8A0007061636B6574206C656E67746820697372
:10C8B00020746F6F206C6F6E672062792025752F52
:10C8C0002575206F63746574732E000054686520AD
:10C8D00072657175657374656420636F6D62696EEE
:10C8E0006174696F6E206F6620545820616E6420F9
:10C8F0005258207061636B6574206C656E67746854
:10C900007320697320746F6F206C6F6E672062797B
:10C91000202575206D6963726F7365636F6E647334
:10C920002E00000073645F626C655F6761747473EE
:10C930005F65786368616E67655F6D74755F72656A
:10C94000706C7928292072657475726E6564202573
:10C95000732E000073645F626C655F67617474635B
:10C960005F65786368616E67655F6D74755F72653A
:10C97000717565737428292072657475726E6564AB
:10C980002025732E000000006E72665F626C655F8A
:10C9900067710000534420474154542070726F6304
:10C9A00065647572652028256429206661696C6557
:10C9B00064206F6E20636F6E6E656374696F6E20A6
:10C9C00068616E646C6520256420776974682065F1
:10C9D00072726F723A203078253038582E0000007D
:10C9E000556E696D706C656D656E74656420474148
:10C9F0005454205265717565737400000000000086
:10CA0000F90D03000000000000000000000000001D
:10CA10004D0E0300626C655F7363616E0000000081
:10CA2000433A5C6E72665C6E5246355F53444B5FB0
:10CA300031372E312E305F646464653536305C6387
:10CA40006F6D706F6E656E74735C626C655C6E7238
:10CA5000665F626C655F7363616E5C6E72665F6277
:10CA60006C655F7363616E2E6300000073645F62C8
:10CA70006C655F6761705F7363616E5F7374617231
:10CA8000742072657475726E656420307825780044
:10CA9000626C655F6E7573009ECADC240EE5A9E0CA
:10CAA00093F3A3B50000406E626C655F6E75735FB3
:10CAB000630000009ECADC240EE5A9E093F3A3B551
:10CAC0000000406E436F6E74656E7420746F6F204B
:10CAD0006C6F6E672E000000436F6E6E6563746945
:10CAE0006F6E2068616E646C6520696E76616C693A
:10CAF000642E0000636C6F636B000000433A5C6E51
:10CB000072665C6E5246355F53444B5F31372E314F
:10CB10002E305F646464653536305C696E746567B9
:10CB2000726174696F6E5C6E7266785C6C65676169
:10CB300063795C6E72665F6472765F636C6F636B61
:10CB40002E6300002E2E2F2E2E2F2E2E2F2E2E2F28
:10CB50002E2E2F2E2E2F696E746567726174696F89
:10CB60006E2F6E7266782F6E7266785F676C756571
:10CB70002E680000434C4F434B000000433A5C6E6C
:10CB800072665C6E5246355F53444B5F31372E31CF
:10CB90002E305F646464653536305C6D6F64756C2F
:10CBA00065735C6E7266785C647269766572735CDC
:10CBB0007372635C6E7266785F636C6F636B2E6317
:10CBC000000000002E2E2F2E2E2F2E2E2F2E2E2F39
:10CBD0002E2E2F2E2E2F696E746567726174696F09
:10CBE0006E2F6E7266782F6E7266785F676C7565F1
:10CBF0002E6800002E2E2F2E2E2F2E2E2F2E2E2F73
:10CC00002E2E2F2E2E2F6D6F64756C65732F6E7206
:10CC100066782F68616C2F6E72665F6770696F2E21
:10CC20006800000000000050000300504750494FCA
:10CC300054450000433A5C6E72665C6E5246355F46
:10CC400053444B5F31372E312E305F646464653559
:10CC500036305C6D6F64756C65735C6E7266785CA3
:10CC6000647269766572735C7372635C6E72667807
:10CC70005F6770696F74652E630000005052530047
:10CC8000433A5C6E72665C6E5246355F53444B5F4E
:10CC900031372E312E305F646464653536305C6D1B
:10CCA0006F64756C65735C6E7266785C64726976CD
:10CCB0006572735C7372635C7072735C6E726678BB
:10CCC0005F7072732E6300002E2E2F2E2E2F2E2EAD
:10CCD0002F2E2E2F2E2E2F2E2E2F696E74656772FB
:10CCE0006174696F6E2F6E7266782F6E7266785FF0
:10CCF000676C75652E6800002E2E2F2E2E2F2E2E7F
:10CD00002F2E2E2F2E2E2F2E2E2F6D6F64756C65CD
:10CD1000732F6E7266782F68616C2F6E72665F7308
:10CD2000616164632E680000534141444300000088
:10CD3000433A5C6E72665C6E5246355F53444B5F9D
:10CD400031372E312E305F646464653536305C6D6A
:10CD50006F64756C65735C6E7266785C647269761C
:10CD60006572735C7372635C6E7266785F73616127
:10CD700064632E630000000000000000000000005B
:10CD80000338FDD8704700002E2E2F2E2E2F2E2E6A
:10CD90002F2E2E2F2E2E2F2E2E2F696E746567723A
:10CDA0006174696F6E2F6E7266782F6E7266785F2F
:10CDB000676C75652E6800002E2E2F2E2E2F2E2EBE
:10CDC0002F2E2E2F2E2E2F2E2E2F6D6F64756C650D
:10CDD000732F6E7266782F68616C2F6E72665F6754
:10CDE00070696F2E6800000054574900433A5C6E2A
:10CDF00072665C6E5246355F53444B5F31372E315D
:10CE00002E305F646464653536305C6D6F64756CBC
:10CE100065735C6E7266785C647269766572735C69
:10CE20007372635C6E7266785F7477692E6300005C
:10CE300025520300534F46544445564943453A2032
:10CE4000415353455254494F4E204641494C454465
:10CE500000000000534F46544445564943453A208C
:10CE6000494E56414C4944204D454D4F5259204161
:10CE70004343455353000000415353455254494FD7
:10CE80004E204641494C45442061742025733A2583
:10CE9000750000004552524F52202575205B2573C6
:10CEA0005D2061742025733A25750D0A5043206179
:10CEB000743A20307825303878000000456E6420C0
:10CEC0006F66206572726F72207265706F72740087
:10CED000554E4B4E4F574E204641554C5420617491
:10CEE00020307825303858006170705F74696D6546
:10CEF00072000000433A5C6E72665C6E5246355FAB
:10CF000053444B5F31372E312E305F646464653596
:10CF100036305C636F6D706F6E656E74735C6C69D8
:10CF2000627261726965735C74696D65725C61706F
:10CF3000705F74696D6572322E6300000100060037
:10CF400000000000D8610020B5540300433A5C6E35
:10CF500072665C6E5246355F53444B5F31372E31FB
:10CF60002E305F646464653536305C636F6D706F5E
:10CF70006E656E74735C6C69627261726965735C14
:10CF80007574696C5C6170705F7574696C5F706CEE
:10CF90006174666F726D2E63000000002E2E2F2EBE
:10CFA0002E2F2E2E2F2E2E2F2E2E2F2E2E2F696E21
:10CFB000746567726174696F6E2F6E7266782F6E1A
:10CFC0007266785F676C75652E6800002E2E2F2EB6
:10CFD0002E2F2E2E2F2E2E2F2E2E2F2E2E2F6D6FEC
:10CFE00064756C65732F6E7266782F68616C2F6E36
:10CFF00072665F7274632E6800000000433A5C6ED4
:10D0000072665C6E5246355F53444B5F31372E314A
:10D010002E305F646464653536305C636F6D706FAD
:10D020006E656E74735C6C69627261726965735C63
:10D0300074696D65725C6472765F7274632E6300EE
:10D0400052544320696E7374616E636520616C7223
:10D050006561647920696E697469616C697A656477
:10D060002E0000005254433A20696E697469616C65
:10D07000697A65642E0000005254433A20556E6967
:10D080006E697469616C697A65642E000000000045
:10D090000338FDD870470000433A5C6E72665C6EE0
:10D0A0005246355F53444B5F31372E312E305F642B
:10D0B0006464653536305C636F6D706F6E656E7479
:10D0C000735C6C69627261726965735C62616C6CDD
:10D0D0006F635C6E72665F62616C6C6F632E63007F
:10D0E000433A5C6E72665C6E5246355F53444B5FEA
:10D0F00031372E312E305F646464653536305C65BF
:10D10000787465726E616C5C667072696E74665C70
:10D110006E72665F667072696E74662E63000000E0
:10D12000433A5C6E72665C6E5246355F53444B5FA9
:10D1300031372E312E305F646464653536305C657E
:10D14000787465726E616C5C667072696E74665C30
:10D150006E72665F667072696E74665F666F726D1E
:10D1600061742E63000000003031323334353637BD
:10D1700038394142434445466E72665F6673746F48
:10D180007261676500000000705F66730000000058
:10D19000257320636865636B206661696C65642034
:10D1A000696E202573282920776974682076616C60
:10D1B000756520307825782E00000000705F617062
:10D1C00069000000705F66732D3E705F61706900DA
:10D1D000705F6465737400006C656E0061646472F6
:10D1E0005F69735F616C69676E656433322873725F
:10D1F00063290000616464725F69735F77697468B2
:10D20000696E5F626F756E647328705F66732C2041
:10D210007372632C206C656E29000000705F73725E
:10D220006300000021286C656E202520705F667306
:10D230002D3E705F666C6173685F696E666F2D3E30
:10D2400070726F6772616D5F756E6974290000009E
:10D25000616464725F69735F616C69676E65643392
:10D260003228646573742900616464725F69735F56
:10D27000616C69676E65643332282875696E743332
:10D28000325F7429705F7372632900006164647295
:10D290005F69735F77697468696E5F626F756E64EA
:10D2A0007328705F66732C20646573742C206C6522
:10D2B0006E290000616464725F69735F7061676505
:10D2C0005F616C69676E656428705F66732C20709F
:10D2D0006167655F61646472290000006164647263
:10D2E0005F69735F77697468696E5F626F756E649A
:10D2F0007328705F66732C20706167655F6164647A
:10D30000722C20286C656E202A20705F66732D3E7B
:10D31000705F666C6173685F696E666F2D3E6572E3
:10D320006173655F756E6974292900006E72665FAE
:10D330006673746F726167655F696E69740000007F
:10D340006E72665F6673746F726167655F72656146
:10D35000640000006E72665F6673746F7261676569
:10D360005F777269746500006E72665F6673746FD2
:10D37000726167655F65726173650000001000008F
:10D380000400000001000000E57B0300317C030085
:10D39000CD7C03005D7C0300ED7C03005D7D03001C
:10D3A0006B7D0300797D0300433A5C6E72665C6EB0
:10D3B0005246355F53444B5F31372E312E305F6418
:10D3C0006464653536305C636F6D706F6E656E7466
:10D3D000735C6C69627261726965735C6D656D6FB7
:10D3E000626A5C6E72665F6D656D6F626A2E630065
:10D3F0002E2E2F2E2E2F2E2E2F2E2E2F2E2E2F2E48
:10D400002E2F636F6D706F6E656E74732F6C696213
:10D410007261726965732F6578706572696D656E8A
:10D4200074616C5F73656374696F6E5F766172734C
:10D430002F6E72665F73656374696F6E5F69746582
:10D44000722E68002E2E2F2E2E2F2E2E2F2E2E2FA8
:10D450002E2E2F2E2E2F636F6D706F6E656E747370
:10D460002F6C69627261726965732F6D757465786E
:10D470002F6E72665F6D74782E6800007077725F31
:10D480006D676D7400000000433A5C6E72665C6EFE
:10D490005246355F53444B5F31372E312E305F6437
:10D4A0006464653536305C636F6D706F6E656E7485
:10D4B000735C6C69627261726965735C7077725FCC
:10D4C0006D676D745C6E72665F7077725F6D676DAD
:10D4D000742E630018B4030018B4030004000000A5
:10D4E000433A5C6E72665C6E5246355F53444B5FE6
:10D4F00031372E312E305F646464653536305C63BD
:10D500006F6D706F6E656E74735C6C696272617260
:10D510006965735C71756575655C6E72665F717562
:10D520006575652E63000100433A5C6E72665C6E41
:10D530005246355F53444B5F31372E312E305F6496
:10D540006464653536305C636F6D706F6E656E74E4
:10D55000735C6C69627261726965735C6578706531
:10D5600072696D656E74616C5F73656374696F6E0B
:10D570005F766172735C6E72665F73656374696F08
:10D580006E5F697465722E6300000000736F7274C1
:10D590006C69737400000000433A5C6E72665C6EE6
:10D5A0005246355F53444B5F31372E312E305F6426
:10D5B0006464653536305C636F6D706F6E656E7474
:10D5C000735C6C69627261726965735C736F7274AB
:10D5D0006C6973745C6E72665F736F72746C69737E
:10D5E000742E6300556E6B6E6F776E206572726F6E
:10D5F0007220636F646500004E52465F535543438B
:10D60000455353004E52465F4552524F525F535658
:10D61000435F48414E444C45525F4D495353494E38
:10D62000470000004E52465F4552524F525F534FE3
:10D6300046544445564943455F4E4F545F454E411D
:10D64000424C4544000000004E52465F4552524F46
:10D65000525F494E5445524E414C00004E52465F77
:10D660004552524F525F4E4F5F4D454D00000000F6
:10D670004E52465F4552524F525F4E4F545F464F97
:10D68000554E44004E52465F4552524F525F4E4FE8
:10D69000545F535550504F52544544004E52465FCC
:10D6A0004552524F525F494E56414C49445F50419A
:10D6B00052414D004E52465F4552524F525F494EC5
:10D6C00056414C49445F5354415445004E52465FC5
:10D6D0004552524F525F494E56414C49445F4C456A
:10D6E0004E475448000000004E52465F4552524F8C
:10D6F000525F494E56414C49445F464C41475300A6
:10D700004E52465F4552524F525F494E56414C4928
:10D71000445F4441544100004E52465F4552524FCF
:10D72000525F444154415F53495A45004E52465F4F
:10D730004552524F525F54494D454F5554000000D9
:10D740004E52465F4552524F525F4E554C4C000070
:10D750004E52465F4552524F525F464F52424944E5
:10D7600044454E004E52465F4552524F525F494E1D
:10D7700056414C49445F4144445200004E52465F7A
:10D780004552524F525F4255535900004E52465F28
:10D790004552524F525F434F4E4E5F434F554E548A
:10D7A000000000004E52465F4552524F525F5245B4
:10D7B000534F5552434553004E52465F4552524FC8
:10D7C000525F4D4F44554C455F4E4F545F494E4953
:10D7D0005449414C495A4544000000004E52465FAE
:10D7E0004552524F525F4D555445585F494E49542A
:10D7F0005F4641494C4544004E52465F4552524FA8
:10D80000525F4D555445585F4C4F434B5F4641491D
:10D810004C4544004E52465F4552524F525F4D5563
:10D820005445585F554E4C4F434B5F4641494C451C
:10D83000440000004E52465F4552524F525F4D55D4
:10D840005445585F434F4E445F494E49545F4641EB
:10D85000494C4544000000004E52465F4552524F2D
:10D86000525F4D4F44554C455F414C5245414459E0
:10D870005F494E495449414C495A45440000000013
:10D880004E52465F4552524F525F53544F5241479A
:10D89000455F46554C4C00004E52465F4552524F34
:10D8A000525F4150495F4E4F545F494D504C454D7A
:10D8B000454E5445440000004E52465F4552524F7B
:10D8C000525F464541545552455F4E4F545F454E59
:10D8D00041424C45440000004E52465F4552524F73
:10D8E000525F494F5F50454E44494E47000000008B
:10D8F0004E52465F4552524F525F4452565F545704
:10D90000495F4552525F4F56455252554E000000F6
:10D910004E52465F4552524F525F4452565F5457E3
:10D92000495F4552525F414E41434B004E52465F64
:10D930004552524F525F4452565F5457495F4552C9
:10D94000525F444E41434B004E52465F4552524F48
:10D95000525F424C455F495053505F52585F504BA5
:10D96000545F5452554E4341544544004E52465F15
:10D970004552524F525F424C455F495053505F43AE
:10D9800048414E4E454C5F414C52454144595F45DC
:10D9900058495354530000004E52465F4552524F6F
:10D9A000525F424C455F495053505F4C494E4B5F6C
:10D9B000444953434F4E4E454354454400000000F4
:10D9C0004E52465F4552524F525F424C455F49505E
:10D9D00053505F504545525F52454A454354454474
:10D9E0000000000000000000F8D503000100000066
:10D9F00004D603000200000024D603000300000048
:10DA000048D60300040000005CD6030005000000B7
:10DA100070D603000600000084D603000700000053
:10DA20009CD6030008000000B4D6030009000000E3
:10DA3000CCD603000A000000E8D603000B0000006B
:10DA400000D703000C00000018D703000D000000F1
:10DA50002CD703000E00000040D703000F00000089
:10DA600050D703001000000064D70300110000002D
:10DA70007CD70300120000008CD7030013000000C5
:10DA8000A4D7030080000000B8D703008100000085
:10DA9000DCD7030082000000F8D7030083000000F9
:10DAA00014D803008400000034D80300850000006F
:10DAB00058D803008600000080D8030090000000C2
:10DAC00098D8030091000000B8D80300920000002D
:10DAD000D8D8030000820000F0D8030001820000C3
:10DAE00010D90300028200002CD90300008400003A
:10DAF00048D90300018400006CD9030002840000AF
:10DB000098D9030003840000C0D903001D8C0300D2
:10DB10004F8C0300458C0300000000000000000053
:10DB20000338FDD8704700007274745F6C6F675FD4
:10DB30006261636B656E6400433A5C6E72665C6E34
:10DB40005246355F53444B5F31372E312E305F6480
:10DB50006464653536305C636F6D706F6E656E74CE
:10DB6000735C6C69627261726965735C6C6F675C2F
:10DB70007372635C6E72665F6C6F675F646566612B
:10DB8000756C745F6261636B656E64732E63000015
:10DB9000D46300207F000000546400206170700096
:10DBA000433A5C6E72665C6E5246355F53444B5F1F
:10DBB00031372E312E305F646464653536305C63F6
:10DBC0006F6D706F6E656E74735C6C69627261729A
:10DBD0006965735C6C6F675C7372635C6E72665FC1
:10DBE0006C6F675F66726F6E74656E642E630000A3
:10DBF0004261636B656E647320666C7573686564FF
:10DC0000000000006572726F720000007761726E32
:10DC1000696E6700696E666F00000000646562757A
:10DC2000670000001B5B306D000000001B5B313B98
:10DC300033306D001B5B313B33316D001B5B313B7F
:10DC400033326D001B5B313B33336D001B5B313B6B
:10DC500033346D001B5B313B33356D001B5B313B57
:10DC600033366D001B5B313B33376D0025734C6FD2
:10DC700067732064726F707065642028256429259D
:10DC8000730D0A00257300003C25733E2025733A6E
:10DC9000200000000D0A000020253032780000002E
:10DCA000202020007C0000002563000020000000F0
:10DCB0005465726D696E616C00000000525454002E
:10DCC00053454747455200002E2E2F2E2E2F2E2E25
:10DCD0002F2E2E2F2E2E2F2E2E2F636F6D706F6EE8
:10DCE000656E74732F6C69627261726965732F65FA
:10DCF00078706572696D656E74616C5F736563746D
:10DD0000696F6E5F766172732F6E72665F736563A3
:10DD100074696F6E5F697465722E68006E72665FFB
:10DD200073646800433A5C6E72665C6E5246355F9F
:10DD300053444B5F31372E312E305F646464653558
:10DD400036305C636F6D706F6E656E74735C736F8D
:10DD500066746465766963655C636F6D6D6F6E5C38
:10DD60006E72665F7364682E63000000001002012B
:10DD700018B4030020B403000800000020B403001E
:10DD800030B403000800000030B4030040B40300C6
:10DD9000080000002E2E2F2E2E2F2E2E2F2E2E2F4F
:10DDA0002E2E2F2E2E2F636F6D706F6E656E747317
:10DDB0002F6C69627261726965732F657870657224
:10DDC000696D656E74616C5F73656374696F6E5FB6
:10DDD000766172732F6E72665F73656374696F6EBE
:10DDE0005F697465722E68006E72665F7364685F47
:10DDF000626C650073645F626C655F6366675F7326
:10DE0000657428292072657475726E6564202573A7
:10DE1000207768656E20617474656D7074696E67D3
:10DE200020746F2073657420424C455F434F4E4E03
:10DE30005F4346475F4741502E00000073645F62B6
:10DE40006C655F6366675F7365742829207265740B
:10DE500075726E6564202573207768656E20617425
:10DE600074656D7074696E6720746F2073657420BB
:10DE7000424C455F4741505F4346475F524F4C45D8
:10DE80005F434F554E542E0073645F626C655F6351
:10DE900066675F73657428292072657475726E6594
:10DEA00064202573207768656E20617474656D70D9
:10DEB00074696E6720746F2073657420424C455FEF
:10DEC000434F4E4E5F4346475F474154542E000038
:10DED00073645F626C655F6366675F73657428294E
:10DEE0002072657475726E6564202573207768658D
:10DEF0006E20617474656D7074696E6720746F2034
:10DF000073657420424C455F434F4D4D4F4E5F4308
:10DF100046475F56535F555549442E0073645F6210
:10DF20006C655F6366675F7365742829207265742A
:10DF300075726E6564202573207768656E20617444
:10DF400074656D7074696E6720746F2073657420DA
:10DF5000424C455F47415454535F4346475F4154E9
:10DF600054525F5441425F53495A452E000000000D
:10DF700073645F626C655F6366675F7365742829AD
:10DF80002072657475726E656420257320776865EC
:10DF90006E20617474656D7074696E6720746F2093
:10DFA00073657420424C455F47415454535F434668
:10DFB000475F534552564943455F4348414E4745A5
:10DFC000442E0000496E73756666696369656E74F8
:10DFD0002052414D20616C6C6F63617465642066F2
:10DFE0006F722074686520536F6674446576696348
:10DFF000652E00004368616E676520746865205275
:10E00000414D207374617274206C6F636174696F29
:10E010006E2066726F6D203078257820746F203006
:10E020007825782E000000004D6178696D756D20AF
:10E0300052414D2073697A6520666F72206170705D
:10E040006C69636174696F6E20697320307825781C
:10E050002E00000073645F626C655F656E61626CC8
:10E060006528292072657475726E65642025732E8B
:10E0700000000000433A5C6E72665C6E5246355F8B
:10E0800053444B5F31372E312E305F646464653505
:10E0900036305C636F6D706F6E656E74735C736F3A
:10E0A00066746465766963655C636F6D6D6F6E5CE5
:10E0B0006E72665F7364685F626C652E6300000059
:10E0C000A8B3030018B40300080000002E2E2F2E62
:10E0D0002E2F2E2E2F2E2E2F2E2E2F2E2E2F636FE5
:10E0E0006D706F6E656E74732F6C696272617269A8
:10E0F00065732F6578706572696D656E74616C5FAC
:10E1000073656374696F6E5F766172732F6E72668A
:10E110005F73656374696F6E5F697465722E680002
:10E120006E72665F7364685F736F6300433A5C6E20
:10E1300072665C6E5246355F53444B5F31372E3109
:10E140002E305F646464653536305C636F6D706F6C
:10E150006E656E74735C736F66746465766963650F
:10E160005C636F6D6D6F6E5C6E72665F7364685F2B
:10E17000736F632E6300000090B30300A8B3030025
:10E1800008000000303132333435363738394142F7
:10E19000434445463031323334353637383961629D
:10E1A00063646566286E756C6C29000071E203007B
:10E1B000E8E2030074E2030053756E646179004D78
:10E1C0006F6E646179005475657364617900576599
:10E1D000646E657364617900546875727364617903
:10E1E0000046726964617900536174757264617983
:10E1F00000004A616E7561727900466562727561F0
:10E200007279004D6172636800417072696C004DF3
:10E210006179004A756E65004A756C7900417567D1
:10E220007573740053657074656D626572004F6339
:10E23000746F626572004E6F76656D626572004440
:10E240006563656D6265720000414D00504D0000D0
:10E25000256D2F25642F25790025483A254D3A252F
:10E26000530025612025622025652025542025594D
:10E270000043000021B3030041B303004DB303008A
:10E2800059B3030079B3030085B30300F3B203006D
:10E29000C1B2030053756E004D6F6E00547565007A
:10E2A00057656400546875004672690053617400D4
:10E2B000004A616E00466562004D617200417072F5
:10E2C000004D6179004A756E004A756C00417567B2
:10E2D00000536570004F6374004E6F7600446563B1
:10E2E00000002E0000000000E2E20300E4E2030070
:10E2F000E4E20300E4E20300E4E20300E4E20300FA
:10E30000E4E20300E4E20300E4E20300E4E20300E9
:10E31000FFFFFFFFFFFFFFFFFFFFFFFFFFFF00000B
:10E32000B8E1030094E20300F2E10300B1E203006C
:10E3300049E2030050E2030059E2030062E20300F5
:10E340002020202020202020206828282828202065
:10E3500020202020202020202020202020202020BD
:10E360004810101010101010101010101010101075
:10E370008484848484848484848410101010101015
:10E38000108181818181810101010101010101016E
:10E390000101010101010101010101101010101022
:10E3A000108282828282820202020202020202023F
:10E3B00002020202020202020202021010101020E7
:0DE3C00000070320041702010857104080D9
:10E3D000000000000000000000000000FFFFFFFF41
:10E3E000FFFFFFFF00000000000000000000000031
:10E3F000000000000000000000000000FFFFFFFF21
:10E40000FFFFFFFF00000000000000000000000010
:10E41000000000000000000000000000FFFFFFFF00
:10E42000FFFFFFFF000000000000000000000000F0
:10E4300000000000000000000000000000000000DC
:10E4400000000000000000000000000000000000CC
:10E4500000000000000000000000000000000000BC
:10E4600000000000000000000000000000000000AC
:10E47000000000000000000000000000000000009C
:10E48000000000000000000000000000000000008C
:10E49000000000000000000000000000000000007C
:10E4A000000000000000000000000000000000006C
:10E4B000000000000000000000000000000000005C
:10E4C000000000000000000000000000000000004C
:10E4D000000000000000000000000000000000003C
:10E4E000000000000000000000000000000000002C
:10E4F000000000000000000000000000000000001C
:10E50000000000000000000000000000000000000B
:10E5100000000000000000000000000000000000FB
:10E5200000000000000000000000000000000000EB
:10E5300000000000000000000000000000000000DB
:10E5400000000000000000000000000000000000CB
:10E5500000000000000000000000000000000000BB
:10E5600000000000000000000000000000000000AB
:10E57000000000000000000000000000000000009B
:10E58000000000000000000000000000000000008B
:10E59000000000000000000000000000000000007B
:10E5A000000000000000000000000000000000006B
:10E5B000000000000000000000000000000000005B
:10E5C000000000000000000000000000000000004B
:10E5D000000000000000000000000000000000003B
:10E5E000000000000000000000000000000000002B
:10E5F000000000000000000000000000000000001B
:10E60000000000000000000000000000000000000A
:10E6100000000000000000000000000000000000FA
:10E6200000000000000000000000000000000000EA
:10E6300000000000000000000000000000000000DA
:10E6400000000000000000000000000000000000CA
:10E6500000000000000000000000000000000000BA
:10E6600000000000000000000000000000000000AA
:10E67000000000000000000000000000000000009A
:10E68000000000000000000000000000000000008A
:10E69000000000000000000000000000000000007A
:10E6A000000000000000000000000000000000006A
:10E6B000000000000000000000000000000000005A
:10E6C000000000000000000000000000000000004A
:10E6D000000000000000000000000000000000003A
:10E6E000000000000000000000000000000000002A
:10E6F0000000000000000000000000000000FFFF1C
:10E700000000000000000000000000000000000009
:10E7100000000000000000000000000000000000F9
:10E7200000000000000000000000000000000000E9
:10E7300000000000000000000000000000000000D9
:10E7400000000000000000000000000000000000C9
:10E7500000000000000000000000000000000000B9
:10E7600000000000000000000000000000000000A9
:10E770000000000000000000000000000000000099
:10E780000000000000000000000000000000000089
:10E790000000000000000000000000000000000079
:10E7A0000000000000000000000000000000000069
:10E7B0000000000000000000000000000000000059
:10E7C0000000000000000000000000000000000049
:10E7D0000000000000000000000000000000000039
:10E7E0000000000000000000000000000000000029
:10E7F0000000000000000000000000000000000019
:10E800000000000000000000000000000000000008
:10E8100000000000000000000000000000000000F8
:10E8200000000000000000000000000000000000E8
:10E8300000000000000000000000000000000000D8
:10E8400000000000000000000000000000000000C8
:10E8500000000000000000000000000000000000B8
:10E8600000000000000000000000000000000000A8
:10E870000000000000000000000000000000000098
:10E880000000000000000000000000000000000088
:10E890000000000000000000000000000000000078
:10E8A0000000000000000000000000000000000068
:10E8B0000000000000000000000000000000000058
:10E8C0000000000000000000000000000000000048
:10E8D0000000000000000000000000000000000038
:10E8E0000000000000000000000000000000000028
:10E8F0000000000000000000000000000000000018
:10E900000000000000000000000000000000000007
:10E9100000000000000000000000000000000000F7
:10E9200000000000000000000000000000000000E7
:10E9300000000000000000000000000000000000D7
:10E9400000000000000000000000000000000000C7
:10E9500000000000000000000000000000000000B7
:10E9600000000000000000000000000000000000A7
:10E970000000000000000000000000000000000097
:10E980000000000000000000000000000000000087
:10E990000000000000000000000000000000000077
:10E9A0000000000000000000000000000000000067
:10E9B0000000000000000000000000000000000057
:10E9C0000000000000000000000000000000000047
:10E9D0000000000000000000000000000000000037
:10E9E0000000000000000000000000000000000027
:10E9F0000000000000000000000000000000000017
:10EA000000000000FFFF0000010000005051002046
:10EA100080B6030040B4030054B40300FFFF0000BD
:10EA2000543130305F57415645000000000000006F
:10EA300000000000000000000000000000000000D6
:10EA400046313030000000000000000000000000EF
:10EA500000000000000000000000000000000000B6
:10EA600057313030000000000000000000000000BE
:10EA70000000000000000000000000000000000096
:10EA800043313030000000000000000000000000B2
:10EA90000000000000000000000000000000000076
:10EAA0005031303000000000000000000000000085
:10EAB0000000000000000000000000000000000056
:10EAC0005431303000000000000000000000000061
:10EAD0000000000000000000000000000000000036
:10EAE0003C00ECFFF401000000000000000000000A
:10EAF0000000000000000000000000000000000016
:10EB00000000000000000000000000000000000005
:10EB1000000000000000000000000000FFFFFFFFF9
:10EB2000FFFFFFFF000000000000000000000000E9
:10EB3000000000000000000000000000FFFFFFFFD9
:10EB4000FFFFFFFF000000000000000000000000C9
:10EB500000000000FFFF000030570020020004000A
:10EB600000000000000000000000000000000000A5
:10EB700000000000A452002000000000010002007C
:10EB8000000000000000000000000000FFFFFFFF89
:10EB9000FFFFFFFF00000000000000000000000079
:10EBA000000000000000000000000000FFFFFFFF69
:10EBB000FFFFFFFF00000000000000000000000059
:10EBC00000000000FFFF00001000110001800400A1
:10EBD00005001740021108EA09880903099C090386
:10EBE00009010900091409010964021108FA095C04
:10EBF000090309AC090309B809030231085C093F9C
:10EC0000090009000910090009000901091009009B
:10EC10000900090009000900092409000900090187
:10EC200009240900090009000900091F0900090059
:10EC3000090009000900090009000900090009008C
:10EC4000090009000900090009000900090009007C
:10EC50000900090009000900023108AC0900090097
:10EC60000900090009000900090009030900090059
:10EC7000010001801740023108B8091F092109026B
:10EC800009810966092A091009E2090009450903F1
:10EC900009830900093C092109E00900090009006C
:10ECA0000180170004000510020101005E020180CE
:10ECB0000D0160254502010015041702100511051C
:10ECC0000000040000000400000004000000040034
:10ECD000FFFF14000000000000000000FFFFFFFF26
:10ECE000FFFFFFFF00000000000000000000000028
:10ECF000000000000000000000000000FFFFFFFF18
:10ED0000FFFFFFFF00000000000000000000000007
:10ED1000000000000000000000000000FFFFFFFFF7
:10ED2000FFFFFFFF000000000000000000000000E7
:10ED300000000000FF0000000090D0030010014020
:10ED40001100040000000000FF000000FF000000B0
:10ED50000000000004DC03000CDC030014DC0300F2
:10ED60001CDC030024DC03002CDC030034DC030087
:10ED70003CDC030044DC03004CDC030054DC0300F7
:10ED80005CDC030064DC0300ACE10300ACE10300E5
:0CED9000ACE10300ACE10300ACE10300C7
:04000003200072194E
:00000001FF
