:02000002F0000C
:101000000000042019120F0001120F0003120F003C
:1010100005120F0007120F0009120F000000000058
:10102000000000000000000000000000ED850F003F
:101030000D120F00000000000F120F0011120F0020
:1010400013120F0013120F0013120F0013120F00D0
:1010500013120F0013120F00A5610F0013120F00DF
:1010600013120F0013120F0013120F0013120F00B0
:1010700013120F0013120F0013120F0013120F00A0
:10108000F12E0F0013120F0013120F0013120F0096
:1010900013120F0013120F003D820F0013120F00E6
:1010A00013120F0013120F0013120F0013120F0070
:1010B00013120F0013120F000000000000000000C8
:1010C00013120F0013120F0013120F0013120F0050
:1010D0008D280F0013120F0013120F0013120F00B0
:1010E00013120F0013120F00C59C0F000000000028
:1010F0000000000013120F000000000013120F0088
:1011000000000000000000000000000000000000DF
:1011100000000000000000000000000000000000CF
:1011200000000000000000000000000000000000BF
:1011300000000000000000000000000000000000AF
:10114000000000000000000000000000000000009F
:10115000000000000000000000000000000000008F
:10116000000000000000000000000000000000007F
:10117000000000000000000000000000000000006F
:10118000000000000000000000000000000000005F
:10119000000000000000000000000000000000004F
:1011A000000000000000000000000000000000003F
:1011B000000000000000000000000000000000002F
:1011C000000000000000000000000000000000001F
:1011D000000000000000000000000000000000000F
:1011E00000000000000000000000000000000000FF
:1011F00000000000000000000000000000000000EF
:10120000FEE7FEE7FEE7FEE7FEE7FEE7FEE7FEE7B6
:10121000FEE7FEE700F002B8FFF7FCBF0F484FF013
:101220000701884385460E4880470E48016841F40F
:1012300070010160BFF34F8FBFF36F8F00F01AB8DA
:1012400009480A490A4A884207D0521A05D0037849
:1012500001300B700131013AF9D1704700000420D0
:10126000AD200F0088ED00E0E49D0F000841002054
:101270001C410020364937480A1A02D00722914300
:101280008D46354935480A1A06D00722914381F325
:101290000988022282F3148831483249324A00F028
:1012A00039F832483249334A00F034F83248334989
:1012B000334A00F02FF833483349344A00F02AF813
:1012C00033483449344A00F025F834483449354A23
:1012D00000F020F834483549354A00F01BF835480D
:1012E0003549002200F02EF834483549002200F03C
:1012F00029F8344A904724482449884205D0026896
:10130000043003B4904703BCF7E7002000212E4AC5
:101310009047FEE7884214D0521A12D003460B437E
:1013200013430324234206D1036804300B600431C5
:10133000043AF9D17047037801300B700131013A5A
:10134000F9D17047884202D002700130FAE7704745
:101350000000042000F80320000004200000042006
:1013600048D30F001C41002084410020CC130F0003
:10137000CC130F00E89C0F0048D30F001C41002045
:101380001C410020F89D0F00F89D0F00F89D0F00F4
:10139000F89D0F00F89D0F00F89D0F00F89D0F00BD
:1013A000F89D0F0048D30F00B0D30F0084410020F8
:1013B0008441002084410020009A0020009A0020EF
:0C13C000009A002041120F006D160F0073
:1013CC000268530910B5044618D0012B4FF6FF7371
:1013DC0018BF002302F01F02D340DB0704D40949D5
:1013EC004FF4F67005F0C2F823681F2B83BF03F08F
:1013FC001F03054823604FF0A04010BD4FF0FF3392
:10140C00E8E700BFF89D0F000003005007B50190FE
:10141C0001A8FFF7D5FF019B03F5E073032240F809
:10142C00232003B000BD07B5019001A8FFF7C8FF4A
:10143C000199D0F8042501238B4023EA02011340C3
:10144C00C0F80815C0F80C3503B000BD07B5019005
:10145C0001A8FFF7B5FF019A01239340C0F80C35A2
:10146C0003B000BD07B5019001A8FFF7A9FF019AD1
:10147C0001239340C0F8083503B000BD0E2813B506
:10148C001CD1019001A8FFF79BFF0D4C0D4AD0F821
:10149C001035A41A019AE408D3402404DB0744F065
:1014AC00030409D5012000F01FFF0749204602B0B4
:1014BC00BDE8104006F03ABB0449F7E702B010BD96
:1014CC000C9D0F00049D0F00239E0F00379E0F00F4
:1014DC0008B50B20FFF7A7FFBDE808400C20FFF76D
:1014EC00A2BF08B50820FFF7B1FF0B20FFF7AEFF36
:1014FC00BDE808400C20FFF7A9BF08B51420FFF782
:10150C0085FFBDE808401420FFF7ACBFFFF7E0BF34
:10151C0007B504F049FD08B904F00CFD0F4B1A880F
:10152C00ADF804209B780E4A8DF8063001A90E20E8
:10153C0004F044FD08B100F07FF801210E2004F006
:10154C00CFFD0820FFF762FF0B20FFF75FFF0C2099
:10155C00FFF75CFFFFF7C5FF03B000BD64CB0F00C6
:10156C0089140F0010B5044607280FD8DFE800F0E7
:10157C00090E0E1B0E040E044FF4004001F0EAF9A4
:10158C0004E00A494FF4004001F0F6F90848094B11
:10159C000949C01AC0080004224640F00400BDE806
:1015AC00104006F0C7BA41F69910E7E719150F007D
:1015BC000C9D0F00049D0F004B9E0F0008B506F00C
:1015CC006BFB06F059F90028FBD10D4D642445F056
:1015DC0001054FF47A40A847013CFAD1094BD3F8E6
:1015EC00F020D20700D500BEBFF34F8FD968064A52
:1015FC0001F4E0610A43DA60BFF34F8F00BFFDE7EF
:10160C00B0CB0F0000ED00E00400FA0507B50B4667
:10161C00064C07490092641AE40824040246054962
:10162C0044F0010006F097FAFFF7C8FF0C9D0F007D
:10163C00049D0F005B9E0F0008B50649064B5B1A14
:10164C00DB081B040246054943F0010006F072FA60
:10165C00FFF7B4FF049D0F000C9D0F00929E0F002E
:10166C0010B5FFF755FF4FF08043D3F8003401F06D
:10167C00EFFB4FF48051002000F0D0FF08B1FFF7D2
:10168C00DBFF1548C0F57E2100F0C8FF014600289D
:10169C00F5D11248124C06F09DF805F0D3FF114B12
:1016AC001149E41AE408240444F0030006F03EFA5D
:1016BC000E4800F075FE0028E1D106F0DDF8002898
:1016CC00FBD10B4944F0010006F030FA06F0D4F8D7
:1016DC000028FBD1D3E700BF00100F0099290F00A1
:1016EC000C9D0F00049D0F00AD9E0F0071150F0097
:1016FC00B99E0F000023C0E902328B881A44B1F95D
:10170C00063002611A44C0E90011426108880038B1
:10171C0018BF012070474268118838B5034641B1A3
:10172C0002F110014160118A29B9C2680168FFF702
:10173C00E1FF002038BD9178108901F03004302C85
:10174C0014D1957C05F03005302D16D1908819698F
:10175C00091A19610020918AB2F9162008441969F6
:10176C0001441961114459610120E3E73F2906D86E
:10177C00202C09D151894843EDE73F29EBD901F0E1
:10178C00C001802908BF0420002CE4D199680131E4
:10179C009960E0E770B5456804460E462B461A88FA
:1017AC00B24204D19B7803F00F03082B07D12046DB
:1017BC00FFF7B1FF6368AB42F1D1002070BD01208F
:1017CC00FCE743681A44426011B101399A4201D1D5
:1017DC000120704713F8010B01F8010FF6E783683D
:1017EC0010B504460BB9002010BD036801229847C0
:1017FC000028F8D0A368013BA360F5E72DE9F3417D
:10180C000F460DF107018046FFF7E9FF054620B9A9
:10181C000025284602B0BDE8F0819DF907309DF8FF
:10182C000740002B11DA04F07F0407260DF10701A5
:10183C004046FFF7D4FF0028EAD09DF8072002F0BD
:10184C007F03B3401C43130601D43C60E1E7073629
:10185C00232EEBD1DCE770B541688A7802F00F05D6
:10186C00082D86B003461FD103691C6800260CB9ED
:10187C0006B070BD236862689D6826732946684669
:10188C00FFF738FF6368049304F10C030593AB78FE
:10189C0003F0C003802B08BF231D684608BF0493C8
:1018AC00FFF7D9FFA468E2E73F2A24D802F0300002
:1018BC0010280DD15A6900201070072DCC681869BA
:1018CC000CD10146204606B0BDE8704000F01FB8B0
:1018DC009006F2D55B6900221A80C9E70A89214675
:1018EC0024B106B0BDE8704006F0D8BE06B0BDE825
:1018FC00704006F005BF02F0C0018029B8D1006924
:10190C0000210160920644BF5B691980B0E77FB586
:10191C000A4601466846FFF7EDFE30B16846FFF710
:10192C009AFF6846FFF7F7FEF7E707B000BD000027
:10193C0030B5054685B01446A9B90268114B9A42D8
:10194C0011D0102C06D8224669462846FFF7F0FF26
:10195C0005B030BD102269462846FFF7E9FF002884
:10196C00F6D0103CEDE7AB68A34201D20020EFE7C4
:10197C002B682246284698470028F7D0AB681B1BDB
:10198C00AB60E5E7CF170F002DE9F341884601A9BD
:10199C0007461646FFF732FFB0B1019C621C4FF0B0
:1019AC00000505D298F8023003F0C003802B01D15A
:1019BC00284609E0B8F808309342F9D3224631465C
:1019CC003846FFF7B5FF355502B0BDE8F08173B569
:1019DC000D4601A906461446FFF710FFA8B1019A5F
:1019EC00B2F5803F11D2AB7803F0C003802B0CD042
:1019FC002989931C994208D32146304621F8022BA1
:101A0C0002B0BDE87040FFF793BF002002B070BD7C
:101A1C00034B8260C0E900310023C360704700BFF4
:101A2C00CF170F002DE9F3410025064688462F46B7
:101A3C002C460DF107013046FFF7D1FEB0B19DF8F1
:101A4C0007C0A4F120030CF07F02C4F1200102FABC
:101A5C0003F322FA01F10B43A2401CF0800F45EA7C
:101A6C00020547EA030704D1C8E9005702B0BDE8F4
:101A7C00F0810734462CDCD10020F7E737B50D4652
:101A8C0069461446FFF7CEFFA8B12B89013B072B03
:101A9C0024D8DFE803F01D18231223232304DDE9E7
:101AAC000001C4E9000103460A46914208BF98426E
:101ABC000CBF0120002003B030BDDDE900322360F3
:101ACC0018460021F1E7DDE90032238098B2F8E7EF
:101ADC00DDE90032237003F0FF00F2E70020EAE7B3
:101AEC0037B50D4669461446FFF79CFF30B12B897C
:101AFC00082BDDE9001203D1C4E9001203B030BD9C
:101B0C00022B4FEAE1700FD0042B03D0012B0FD026
:101B1C000020F3E721600B460246824208BF8B424D
:101B2C000CBF01200020E9E70BB22380DA17F4E7A1
:101B3C004BB22370FAE7F7B50C46002119702170EF
:101B4C00116001A9074615461E46FFF757FE38B926
:101B5C00BB6813B1002003B0F0BD01233370F9E76B
:101B6C0001990029F9D0CB0801F007012B602170F5
:101B7C00F1E713B50446052921D8DFE801F0030F7E
:101B8C001720201E012201A92046FFF7D1FE18B113
:101B9C009DF90430002BF5DB02B010BD08220021AA
:101BAC00204602B0BDE81040FFF7C2BE01A9FFF706
:101BBC0025FE0028F0D0019AF1E70422EFE700207F
:101BCC00EAE773B50E4601A90446FFF717FE054672
:101BDC0018B90025284602B070BD94E80F0086E8BD
:101BEC000F0001998A42F4D3B160A3685B1AA36019
:101BFC00F0E700002DE9F043536815469A7812F08F
:101C0C00C00489B006468C4603D0402C6BD000240F
:101C1C0013E002F00F01604F02F03002202A57F857
:101C2C00217012D007D862B92A6919463B4609B00F
:101C3C00BDE8F0431847302A43D0204609B0BDE830
:101C4C00F0836A6901211170EEE7BCF1020FD5F83F
:101C5C00148027D1042925D804A9FFF7B2FF044624
:101C6C000028EAD0069B2BB16968B8F800304A8985
:101C7C009A4208D8059B7360069B002B14BF002466
:101C8C0004F00104D9E708892A6903FB002204A89F
:101C9C00B84728B1B8F800300133A8F80030E1E7B4
:101CAC000446E7E7B8F800105A898A42AFD9188978
:101CBC002A694C1C01FB0022A8F80040194630464A
:101CCC00B4E76A6918881080072909D11A8928692C
:101CDC00214606F015FD6B682969D868FFF717FED9
:101CEC002A696968EBE72F693B6823B909B0BDE83D
:101CFC00F043FFF73EBF022907F1040813D104A9F2
:101D0C00FFF75FFF002882D03B686968424604A851
:101D1C009847044600283FF47AAF069B002BF3D17A
:101D2C00059B736089E7012927D005292DD000294F
:101D3C007FF46DAF0DF104090124012249463046B0
:101D4C00FFF7F6FD00283FF462AF99F90030002B45
:101D5C000DDB124B049301ABCDE905340023079343
:101D6C0069683B68424604A89847044665E7013415
:101D7C000B2C09F10109E0D149E7082201A9FFF771
:101D8C00D7FD08240028E4D141E704220DEB020121
:101D9C00FFF7CEFD0424F5E7B8CB0F00CF170F00EB
:101DAC002DE9F04790B00446002604A8CDE9026660
:101DBC00FFF7A0FCA3683BBBDDE9053404A89D78C4
:101DCC00FFF7A9FC0028F7D115F0300F03D1059BC4
:101DDC001B8803B10134002C00F0B580630902A903
:101DEC000022934240F0A88010AA02EB830304F077
:101DFC001F0453F8383CC4F120044FF0FF30E0408E
:101E0C00C31A584258410DE00DF1030301AA0DF11C
:101E1C0002012046FFF78FFE38B99DF80330002BE6
:101E2C00CAD1002010B0BDE8F087019F04A8394644
:101E3C00FFF7B0FC002858D1B7424DD3059D2B4677
:101E4C009B7803F00F03082B7FD004A8FFF763FCEB
:101E5C00059B9D42F4D14FF0FF36B7423CD3089B13
:101E6C009DF80290D4F808801D68A368002D30D02E
:101E7C0098459FD12B68D3F800A0BAF1000F08D079
:101E8C004B463A4629462046D0470028C9D0AD6873
:101E9C00EBE7D3F808A0BAF800309F42F7D16A6894
:101EAC0051460AA8FFF726FC6B680E9305F10C034C
:101EBC000F939AF8023003F0C003802B04BF2B1D44
:101ECC000E9301232B730AAA49462046FFF792FE74
:101EDC00DBE798457FF46EAF9DF802102046FFF7C4
:101EEC0048FE00287FF466AF9BE7059B9B7803F0C8
:101EFC0030037BB9069A3F2A0CD8510910AB03EB7F
:101F0C00810102F01F020123934051F8382C134336
:101F1C0041F8383CD4F80C809DF80250B8F1000F11
:101F2C0004D004AB2A4639462046C04704AA2946A9
:101F3C002046FFF75FFED4E7086801307FF471AFED
:101F4C00043101324DE701206CE7059B1E8884E7C4
:101F5C0070B50C460646154611462046FFF7D7FCD1
:101F6C002A4621463046BDE87040FFF719BFF0B550
:101F7C0085B0CE680D46694604461746FFF721FE2C
:101F8C0068B1E86858B1AB7803F03003202B3A46BF
:101F9C003146684605D1FFF7DBFF019B636005B056
:101FAC00F0BDFFF7FDFEF8E713B50C466946FFF7E9
:101FBC0039FD60B1DDE900134A0842EAC372C90772
:101FCC004FEA530344BFD243DB43C4E9002302B0BE
:101FDC0010BD37B50D4669461446FFF7E5FFA8B1AD
:101FEC002B89013B072B24D8DFE803F01E182312A2
:101FFC0023232304DDE90030C4E9003019460246EE
:10200C00824208BF99420CBF0120002003B030BDB2
:10201C00DDE9001221600B46C817F1E7DDE900127B
:10202C000BB22380D817EBE7DDE900124BB223701B
:10203C00F8E70020EAE713B504220C460DEB020189
:10204C00FFF776FC08B1019B236002B010BD11466E
:10205C00FFF7F1BF13B508220C466946FFF768FC81
:10206C0018B1DDE90023C4E9002302B010BD11460C
:10207C00FFF7F0BF4FF08053D3F83021082A03BF8D
:10208C00D3F83401B0FA80F040090020704700000A
:10209C00024AD2F80034002BFBD0704700E001401C
:1020AC004FF0805310B5D3F83021082A4ED14FF0A1
:1020BC0080420021C2F80C11C2F81011C2F8381578
:1020CC0002F54042D3F80414C2F82015D3F80814D2
:1020DC00C2F82415D3F80C14C2F82815D3F8101430
:1020EC00C2F82C15D3F81414C2F83015D3F8181400
:1020FC00C2F83415D3F81C14C2F84015D3F82014C8
:10210C00C2F84415D3F82414C2F84815D3F828148F
:10211C00C2F84C15D3F82C14C2F85015D3F830145F
:10212C00C2F85415D3F83414C2F86015D3F8381427
:10213C00C2F86415D3F83C14C2F86815D3F84014EF
:10214C00C2F86C15D3F84434C2F87035FFF792FF1F
:10215C0018B1404B404AC3F88C26FFF78BFF18B1DF
:10216C003E4BFB22C3F81825FFF784FF58B14FF004
:10217C0080424FF08051D2F8E43ED1F8581261F30E
:10218C000303C2F8E43EFFF775FF20B1344B4FF464
:10219C000072C3F840264FF08053D3F83031082B2F
:1021AC0009D14FF08043D3F80024D20744BF6FF01D
:1021BC000102C3F800242B4AD2F8883043F4700390
:1021CC00C2F88830BFF34F8FBFF36F8F4FF080533F
:1021DC00D3F83021082A0BD1D3F83431032B81BF2B
:1021EC004FF01023D3F808224FF08043C3F8582542
:1021FC004FF01023D3F80022002A03DBD3F804326B
:10220C00002B22DA184901234FF01020C1F80435B5
:10221C001224FFF73DFFC0F80042FFF739FFC0F86A
:10222C000442FFF735FF0023C1F80435FFF730FFF8
:10223C00BFF34F8F0B490D4BCA6802F4E062134396
:10224C00CB60BFF34F8F00BFFDE7094B094A1A6003
:10225C0010BD00BF005000404881030000F000405A
:10226C000090024000ED00E000E001400400FA059F
:10227C001C4100200090D003008800F00100704742
:10228C0041DF7047014B01221A707047A4450020B2
:10229C0008B505F001FD05F0EFFA0028FBD1BFF3FE
:1022AC004F8F0549054BCA6802F4E0621343CB60BB
:1022BC00BFF34F8F00BFFDE700ED00E00400FA050F
:1022CC0008B50648064B0749C01AC008000440F080
:1022DC00040005F02BFC002008BD00BF0C9D0F0076
:1022EC00049D0F00DE9E0F0010B50B4B0B490446EE
:1022FC000B48C01AC008000440F0040005F016FC9E
:10230C003CB1084B08480022BDE810401A7002F09E
:10231C0045BC2046FFF7BCFF049D0F00F89E0F0044
:10232C000C9D0F00A44500209D220F00042810B521
:10233C00044609D802280ED813D00C4B1B689BB14D
:10234C002046BDE810401847831F012BF5D801200B
:10235C00FFF7CAFFF1E706494FF4F01000F0DEFA80
:10236C00EBE702F007FBE8E710BD00BFA845002033
:10237C0081230F0008B50748074B0849C01AC0084D
:10238C00000440F0030005F0D1FBBDE8084001203B
:10239C00FFF7AABF0C9D0F00049D0F000E9F0F00AE
:1023AC00F8B5674B674C6849E41AE408240444F018
:1023BC0004060546304605F0B9FB644B00201D6051
:1023CC0002F002FC002840F0B68000F049FC012825
:1023DC0000F0AA80022800F0B080002840F0AB800A
:1023EC004FF08043D3F80024D20349D54FF4803208
:1023FC00C3F800240027564D2B6A012B4FD05549AA
:10240C0044F0030005F092FB5349304605F08EFB77
:10241C004FF4F014FFF771F800F078FD4F4A2021CB
:10242C00182003F079FF08B1FFF706F94FF080434D
:10243C00D3F81C2502F0F902B12A02BFD3F81C25EF
:10244C0002F04E02C3F81C25FFF73AFF002872D1A8
:10245C002046434900F062FA424801F02DF800286A
:10246C0069D14149304605F061FB00F095FD03F060
:10247C00D7FF05F001FA0028F7D1FFF701FFF4E7C9
:10248C00D3F8202502F0F902A92A06D1D3F8202589
:10249C0002F05602C3F82025ACE70127ABE74FF456
:1024AC0040535A68314B9A420FD157B16A6B30483E
:1024BC004FF4805103F0BEF938B92E4944F00200B4
:1024CC00A0E795F86032012BF0D102F0A3FC014695
:1024DC0037B1AA69284803F0ADF928B92749EDE7C7
:1024EC0095F8A132012BF4D12549304605F01EFB9D
:1024FC004FF08043D3F81C3503F0F903B12B01D115
:10250C00204982E702F0E0FBA8B91F4D28701F4854
:10251C0002F044FB2B7823B91D4940F2092004F04A
:10252C0025F800F039F801E0FFF7DEFE194944F018
:10253C00010005F0FBFA0320F8BD4FF4A02469E775
:10254C00049D0F000C9D0F00229F0F00A84500203A
:10255C00846D0020399F0F00D79F0F00844100200D
:10256C0081230F0039230F0027A00F00DBE5B151A9
:10257C00E46F0020679F0F0025700020A29F0F00C2
:10258C00CA9F0F00FA9F0F00A445002091220F0054
:10259C0037A00F001BA00F0070B5184B184C194D2D
:1025AC001949E41AE40824044FF4805244F004005E
:1025BC0005F0C0FAD5F88020144944F0040005F069
:1025CC00B9FA4FF0FF33C5F88030C5F88031C5F843
:1025DC008430C5F8843101F086FE20B10C4944F0FA
:1025EC00010005F0A3FA05F047F90028FBD1BDE87E
:1025FC0070404FF4805000F033B800BF049D0F00C2
:10260C000C9D0F0000E100E087A00F00BDA00F00A3
:10261C00E7A00F0080F308880847000070B5054656
:10262C00C1F30B00A8B9B5F57F2F12D80B4E326849
:10263C00072A10D8130103F1804404F5F034013259
:10264C00C4F80058C4F804180221C4F80818326001
:10265C0070BD0720FCE70420FAE700BFAC45002062
:10266C0038B504462548C0F57F21FFF7D7FF05464E
:10267C0068B1234B23482449C01AC008000440F019
:10268C0001002A4605F056FA2846FEF7D5FF02F05F
:10269C00C1FB1E4B996901F6FF716FF30B010144ED
:1026AC000020FFF7BBFF054668B1154B15481849CC
:1026BC00C01AC008000440F001002A4605F03AFA9E
:1026CC002846FEF7B9FFEFF305820023D4E9005446
:1026DC0083F3148883F3108883F3118883F31388AE
:1026EC00C2F308021AB10B495A2003F03FFF2146EE
:1026FC002846BDE83840FFF78DBF00BF00100F0023
:10270C00049D0F000C9D0F001CA10F00846D002078
:10271C0053A10F0087A10F000A4B0B4910B50446BB
:10272C000A48C01AC0080004224640F0040005F014
:10273C0001FA227B4FF480339340054AC2F80833E8
:10274C0010BD00BF049D0F00E7A10F000C9D0F00F2
:10275C0000400240F7B5264B06462648C01AC00872
:10276C0000040C463246244940F0040005F0E2F91E
:10277C00B4F1807F36D32149932003F0F7FE6FF03C
:10278C007F431F4FA34228BF2346D7F80455E41AB2
:10279C001D44631E942B98BF96347460347B25F0D3
:1027AC007F4598BF963D032C03D914497B2003F039
:1027BC00DDFE04F5A8734FF4F86047F82350114B75
:1027CC0043F001039847104B03EB840300221A607B
:1027DC001B680193019B4FF48033A340C7F804336B
:1027EC0003B0F0BD952CCAD804499420C5E700BFAE
:1027FC00049D0F000C9D0F00F9A10F000FA20F00FC
:10280C0000400240E0CB0F0040410240FFB4194DA4
:10281C002B7853BB4FF08043A027D3F81844E40324
:10282C005CBF01249C60144B0024C3F80041D3F816
:10283C0000610396039EC3F84041D3F840610296B1
:10284C00029EC3F84441D3F844610196019E0B4E9D
:10285C0086F82473102777600226C3F808450124F4
:10286C009C601C60C3F804632C70026004B0F0BC64
:10287C00FFF770BFB04500200040024000E100E0CF
:10288C001E4BD3F8042173B552B11D490A680132AD
:10289C000A600022C3F80421D3F804310093009B92
:1028AC00184C194D194E2B68BBB100232B602B68AB
:1028BC0001932046019BFFF72FFF154B1548164936
:1028CC00C01AC0080004224640F0040005F032F99A
:1028DC00616849B12046FFF73DFF0435B54204F16C
:1028EC001004E0D102B070BDA16811B12046FFF711
:1028FC0031FF2368002BF0D09847EEE700400240F0
:10290C00B44500202C410020404102404C41024083
:10291C00049D0F000C9D0F006AA20F0070B5074CB0
:10292C00054620680E46FFF7F7FE35B120683246A3
:10293C002946BDE87040FFF769BF70BD28410020F3
:10294C00034B1B680A46986001461846FFF75EBFAA
:10295C002441002038B5074D04462868FFF7DCFEFB
:10296C00286884602CB121460268BDE83840FFF726
:10297C004DBF38BD20410020034B1B680A469860B0
:10298C0001461846FFF742BF20410020034A044B82
:10299C001068D3F8043503EB00607047B445002091
:1029AC0000400240014B01221A707047B8450020CC
:1029BC00224BDA6AAC2A2DE9F3415F6A9C6C1FD179
:1029CC005B6B1C44FF1A1E4B1E4E1F4A1F4900977F
:1029DC00F61AF6083604234646F0040005F0BBF858
:1029EC0019483A46214605F005FE054670B91849C6
:1029FC0046F0040005F09AF8284602B0BDE8F081D4
:102A0C00002CE0D102F016FA0446DCE711493B46F3
:102A1C00224646F0040005F095F804F02DFF00283E
:102A2C00FBD100F0B9FA3946204601F045FC0546C9
:102A3C000028E1D0084946F00100DBE7846D002056
:102A4C00049D0F000C9D0F0000100F007CA20F00C6
:102A5C00B1A20F00E8A20F0015A30F002DE9F04F53
:102A6C00814285B00546884616460BD139483A4B0B
:102A7C003A49C01AC008000440F0040005F056F8AA
:102A8C00002462E003D236494F2003F06FFD36B1CB
:102A9C00C5F30B031BB13249532003F067FDA8EBC0
:102AAC0005073F0B03D12E49572003F05FFD00F0C3
:102ABC002DFA284A284B06F6FF7A082FA2EB0303BF
:102ACC004FEA1A3A28BF08270393002ED8D057454F
:102ADC002CBFD346BB464FF00002594628462CBFAC
:102AEC00B1464FEA073901F0A1FB044668BB039BD2
:102AFC001C49CDF80090DB081B04029302982B466E
:102B0C00424640F0040005F026F809F10302234682
:102B1C0022F003024146284601F04AFB0446A0B9C4
:102B2C00114A136B4B44136302F03EF8AAEB0B0AE9
:102B3C00A6EB09064D44C84404460028C5D0029BA8
:102B4C000A4943F0010004F0F1FF204605B0BDE84E
:102B5C00F08F00BF0C9D0F00049D0F002FA30F00E2
:102B6C003EA30F009CA30F00846D0020BDA30F009B
:102B7C002DE9F04702F06CF92F4C304BDFF8DCA05C
:102B8C002F49DAF84860DAF83090DAF83450E41A61
:102B9C00E408240444F004080746404604F0C6FF49
:102BAC0006F500535A68274B9A4208D0264944F040
:102BBC00010004F0BBFF03252846BDE8F087DAF8D6
:102BCC003030AB4205D12149404604F0AFFF00251F
:102BDC00F2E7A5EB090505F6FF754F446FF30B05FE
:102BEC001E44BBB94FF440521178142982BF1849C6
:102BFC005269B2FBF1F206F5005198BF1A460878FB
:102C0C00142882BF4B691249B3FBF1F340461149BA
:102C1C0004F098FF2A4631463846FFF71FFF054659
:102C2C0028B10D4944F0010004F080FFC4E7BDE871
:102C3C00F04701F0B9BF00BF0C9D0F00049D0F00C1
:102C4C00F6A30F00DBE5B1511BA40F004FA40F003E
:102C5C0040420F0061A40F008AA40F00846D002075
:102C6C002DE9F047634B644D644E6549ED1AED0850
:102C7C002D0445F00407384604F058FFF36AAA2BDC
:102C8C0000F09B800CD8012B22D0A52B00F0898062
:102C9C0045F003005B4904F049FF0020BDE8F087D4
:102CAC00AC2BF5D15849384604F040FF574938460B
:102CBC0004F03CFFFFF75CFF0446002800F087801F
:102CCC00534945F0010004F031FF4FF0010824E0B6
:102CDC005049384604F02AFFD6F82480D6F848A08C
:102CEC0002F098F8346B4C4900EB0409384604F0B8
:102CFC001DFF336B0AEB0301894514BFA8EB0402DB
:102D0C0000224846FFF7AAFE044670B1434945F03D
:102D1C00010004F00BFF4FF00008F36A4049224613
:102D2C0045F0010004F00EFF14E002F073F82246A7
:102D3C00414603F0FFFBB26A904204462AD139495E
:102D4C00384604F0F3FE0123C6E90743C6F81880A1
:102D5C004FF000083448354C02F052F80023344848
:102D6C00237001F021FF2378814623B9314940F2C9
:102D7C00A51003F0FBFBB9F1000F31D1B8F1000F36
:102D8C0035D0336A012B32D138462B4904F0CEFEB4
:102D9C00022083E70346294945F0010004F0D2FEE6
:102DAC00D6E72749384604F0C1FEFFF7E1FE4FF0A5
:102DBC0001080446002CCDD0AFE72249384604F078
:102DCC00B5FEFFF7F5FD4FF000080446F2E7FFF7FC
:102DDC00EFFD044608B11C4973E74FF00108B9E751
:102DEC0045F00100194904F0A1FE032056E701202B
:102DFC0054E700BF049D0F000C9D0F00846D002054
:102E0C00A3A40F00AFA50F0058A50F0066A50F00D7
:102E1C0083A50F00C4A40F00CEA40F008AA40F003A
:102E2C00C8A50F00E9A40F00A86D0020B84500202C
:102E3C00B1290F003EA30F00FAA50F00FEA40F004E
:102E4C0046A50F004FA50F0099A50F0056A60F0021
:102E5C0010B50024D4F8F83F013304D1084940F6EA
:102E6C00F87002F0D3FFD4F8FC3F013307D1BDE872
:102E7C0010404FF47E2140F6FC7002F0C7BF10BD2D
:102E8C0000100F000A4AD2F800347BB10948002325
:102E9C00D2F80815D940C90748BF03F5C07103F132
:102EAC00010348BF42F82100072BF1D1704700BF46
:102EBC00000001403546526E08B50748074B0849DB
:102ECC00C01AC008000440F0030004F02FFEBDE857
:102EDC000840FFF7D7BF00BF1C9D0F00049D0F00DB
:102EEC0070A60F0007B5084B0022C3F80021D3F8D9
:102EFC0000310193019B04F0CFFE04F0BDFC0028CF
:102F0C00FBD103B000BD00BF00000140F8B5194E65
:102F1C0033784BBB184C1949194B641AE408D3F895
:102F2C000024240444F00304FAB1D3F804751549C1
:102F3C0040F616553A46204604F0FCFDBD42B8BF9B
:102F4C003D46FFF79FFFA5F5486220460E4904F069
:102F5C00F1FD0E49A5F54860FFF7F2FC0C4B4FF460
:102F6C0080321A6001233370F8BD0A49204604F000
:102F7C00DDFDF7E7B94500201C9D0F00049D0F00F7
:102F8C00000001407EA60F0097A60F00C52E0F0073
:102F9C0000E100E0C9A60F00034BD3F800340BB1DD
:102FAC00FFF770BF704700BF0000014028B139B176
:102FBC000023C1E900301846704748F210507047A2
:102FCC0048F21350704730B1036848F240508B42BE
:102FDC0008BF0020704748F21050704728B148F2E3
:102FEC001150914208BF0020704748F210507047B2
:102FFC0070B506460C461D46FFF7D8FF50B952B1C6
:10300C00B379AB420AD11146204600F00BF908B94E
:10301C00044B236070BD48F21050FBE748F211508E
:10302C00F8E700BF7052464D2DE9F0470C460546B7
:10303C0013492046DDE9087916469846FFF7C3FF89
:10304C0080B963685A79494652003846FFF7C6FF83
:10305C0040B996B145B94FF4DA700A4903F086FAD3
:10306C0048F21550BDE8F087089743463246214692
:10307C002846BDE8F04700F0EBB848F21050F1E7F5
:10308C007052464DEFA60F0010B5044638B149B149
:10309C000B684160984708B9044B236010BD48F297
:1030AC000150FBE748F21050F8E700BF6E5246485B
:1030BC00F0B4134648B10768094EB7420AD161B162
:1030CC002AB14368F0BC5B68184748F201531846B4
:1030DC00F0BC704748F20253F9E748F21053F6E798
:1030EC006E524648F0B460B107680C4EB7420CD132
:1030FC0071B143681568DC68A5420CD3F0BC9B68C1
:10310C00184748F20150F0BC704748F20250FAE7F9
:10311C0048F21350F7E748F21450F4E76E52464861
:10312C002DE9F0410446DDE9065617469846FFF7AF
:10313C00ABFF60B9424639462046FFF7B9FF30B9BC
:10314C00324629462046BDE8F041FFF7CBBFBDE82B
:10315C00F0810000F8B50A4E0A4F012333700A4B78
:10316C00DB1BDC080025AC4203D1022333700020AA
:10317C00F8BD57F8353098470028F9D10135F2E7FA
:10318C00BA450020E89C0F00F09C0F0038B50446AF
:10319C000D4618B90849332003F0E8F9691E21449B
:1031AC002046814200D238BD03780A7800F8012B02
:1031BC0001F80139F5E700BF3DA70F0070B50646D1
:1031CC000D46144618B90A49452003F0CFF91DB92C
:1031DC000749462003F0CAF9621E3244013DB2424F
:1031EC0000D270BD15F8013F02F80139F7E700BFB6
:1031FC003DA70F0070B5144605460E46FFF7DEFFDF
:10320C00224631192819BDE87040FFF7D7BF38B5F1
:10321C000C460546FFF7BAFF21462819BDE8384091
:10322C00FFF7B4BF10B500F1080301F1200251F80B
:10323C00044B43F8044B9142F9D1283001F120039F
:10324C0051F8042B40F8042B9942F9D1002010BD01
:10325C002DE9F3411B4D98461B4B036004460E466B
:10326C0028460121174603F03CFABFF35F8F30BBB1
:10327C0000F0F0F83B46089ACDF8008006F1080102
:10328C00204605F0BDFB044600F0F2F82B68012B3C
:10329C0003D00E49932003F069F9BFF35F8F00232D
:1032AC002B6044B10A4948F2425248F216538C4200
:1032BC000CBF14461C46204602B0BDE8F08148F213
:1032CC000454F8E7BC550020DD55AABB8CA70F00B1
:1032DC008408F0000E4B984214D00AD8B8B10D49AE
:1032EC0048F2165248F20153884214BF1046184651
:1032FC007047094B984208D0084948F2165248F2D8
:10330C000353F1E748F20350704748F202507047FC
:10331C000102F0000002F0000202F0000F02F000C7
:10332C0008B5083005F0D6FBBDE80840FFF7D2BF62
:10333C0010B5064C2368012B03D00549932003F0EC
:10334C0015F9BFF35F8F0023236010BDBC5500201F
:10335C008CA70F0013681F2B70B505460E4614463C
:10336C0019D901210F4803F0BCF9BFF35F8FA8B93D
:10337C0000F070F8314605F1080005F017FC054621
:10338C0000F076F8FFF7D4FF2846FFF7A3FF08B943
:10339C002023236070BD48F21450FBE748F2045020
:1033AC00F8E700BFBC550020F8B507460E46164896
:1033BC000121144603F095F9BFF35F8F08BB083762
:1033CC0000F048F8B4F5805F254628BF4FF48055CF
:1033DC002A4631460D4805F061F90C492A46384613
:1033EC0005F092FB58B9641B2E44EBD100F040F869
:1033FC00FFF79EFF2046BDE8F840FFF76BBF044681
:10340C00F4E748F20450F8BDBC550020BC45002040
:10341C00024B0020C3F80005704700BF00A002500B
:10342C0038B50A4B00251D60BFF35F8F084C012394
:10343C00C4F8003505F0EAFBC4F8005520B10528A6
:10344C0048F2035018BF032038BD00BFBC55002004
:10345C0000A00250044B0122C3F80025034B4FF48B
:10346C0080625A60704700BF00A0025000E100E08B
:10347C00064B0022C3F80025054B4FF48062C3F8BD
:10348C008420BFF34F8FBFF36F8F704700A00250A3
:10349C0000E100E0831F012B10B5044602D8002088
:1034AC0001F074FC034B1B681BB12046BDE81040B7
:1034BC00184710BDC055002038B5104B104C186083
:1034CC00104B1149E41AE408240444F0030004F0FE
:1034DC002DFB0020FFF7DEFF0C4801F01DFC05461C
:1034EC0020B9BDE83840094801F0BAB9024608498C
:1034FC0044F0010004F01EFB284638BDC0550020E6
:10350C000C9D0F00049D0F00C0A70F00A1340F00ED
:10351C00D3A70F006CDF70476DDF704772DF704709
:10352C0073DF704774DF704775DF704776DF704765
:10353C007ADF70477CDF70477DDF70477FDF704735
:10354C0086DF70478FDF704790DF7047A8DF7047CA
:10355C00AADF7047ADDF7047AEDF7047B0DF704752
:10356C00B1DF7047B5DF704762DF704766DF7047C9
:10357C0013DF704710B5094B094904460948C01AB6
:10358C00C0080004224640F0040004F0D3FA21469F
:10359C000548BDE8104003F06BB900BF049D0F0057
:1035AC00FDA70F00249D0F007C9D0F0070B5182205
:1035BC008CB00DEB0200002105F0A2F82823089333
:1035CC002648274B2749284CC01AC008000401255F
:1035DC0040F004008DF818508DF82D5004F0A6FA28
:1035EC004FF40040FFF7B6F91623ADF80630002370
:1035FC00CDF80E30CDF81230ADF816300223092676
:10360C000622237023715923A27063710322FE23B7
:10361C000DF10601A0190294ADF80C606570E27012
:10362C00A371FFF789FFB8B9BDF8063026725A1995
:10363C00E271BDF80C200D4C134402A906AA2046D9
:10364C00ADF80C30FFF76AFF30B92078FFF76AFF4E
:10365C0020782946FFF764FF0CB070BD249D0F0045
:10366C00049D0F000FA80F00C45500205C410020E2
:10367C00F0B50388242B8DB0044651D80BB90DB08E
:10368C00F0BD013B232BFAD801A252F823F000BF66
:10369C00913A0F008B360F008B360F008B360F00D4
:1036AC008B360F008B360F008B360F008B360F00CE
:1036BC008B360F008B360F008B360F008B360F00BE
:1036CC008B360F008B360F008B360F005D370F00DB
:1036DC00A1370F0047390F00FB380F00A53B0F0037
:1036EC008B360F008B360F008B360F008B360F008E
:1036FC008B360F00C73B0F008B360F008B360F003D
:10370C008B360F008B360F0089390F008B360F006C
:10371C00E7390F00C9390F00AF380F00DD380F0043
:10372C00503B9AB2062AAAD8062BA8D801A252F866
:10373C0023F000BFCF370F009D3A0F00C73B0F009F
:10374C008B360F008B360F0057380F000B3A0F00DB
:10375C00B04BB14DB149B24EED1AED082D0445F008
:10376C00040004F0E3F9A3883380AE4B1B680BB163
:10377C0001209847AC493088FFF7D6FE0246002856
:10378C003FF47DAFA94945F001000DB0BDE8F04014
:10379C0004F0D0B9A24B4FF6FF721A80A44B1B68F1
:1037AC005A0704D4FFF702FF08B1FDF745FF9D4B04
:1037BC001B68002B3FF463AF02200DB0BDE8F04056
:1037CC0018479C4EE288B3889A427FF458AF9A48C7
:1037DC0003F022F88F4B05468F48C01AC00800042E
:1037EC003DB9964940F002000DB0BDE8F04004F040
:1037FC009DB9F4230093238A91492A4640F0040092
:10380C0004F0A9F9228A04F11201284604F046FFBB
:10381C00182200210DEB020004F072FF08238DF832
:10382C001830884B0893884B0796CDE9093506A8C4
:10383C00238AADF82C3000F0F3FF00283FF41FAFC3
:10384C007D48294603F014F819E7E288F62A24D8B3
:10385C00D31E9B0723D0D31F9BB2013B594201F0CF
:10386C00030103F0030302F1FF3458BF4B42E41A87
:10387C00A4B2684B68487549C01AC00800042346B6
:10388C0040F0040004F05EF9654B21461888FFF700
:10389C0069FE00283FF4F3AE8BE0F724E9E7144609
:1038AC00E7E75C4B5C486A49C01AC008000440F06A
:1038BC00040004F03BF90022A08806A9CDE90622F9
:1038CC00FFF742FE00283FF4DAAEFDF7B5FED6E670
:1038DC00504B514862895F49C01AC008E389000403
:1038EC0040F004000DB0BDE8F04004F02BB9494B9A
:1038FC00494C59494A4DE41AE408240444F00404A0
:10390C00204604F013F902230693288804AB06AA78
:10391C0042F605210793FFF71DFE08B1FDF78CFE5B
:10392C00BDF810204D49204604F004F900232888E6
:10393C001A468521FFF702FEC4E7364B364D48493F
:10394C00ED1AED082D0445F0040004F0EFF862893F
:10395C00444945F0040004F0EDF82289424945F051
:10396C00040004F0E7F8A289404945F0040004F093
:10397C00E1F8E2893E4945F0040006E7254B264D67
:10398C003C49ED1AED082D0445F0040004F0CEF886
:10399C00234B04F108011888FFF7C6FD04460028E4
:1039AC003FF46DAE0246344945F0010004F0C2F814
:1039BC0020460DB0BDE8F040FDF73EBE154B164855
:1039CC002E49C01AC008237A00930004637AA27AA5
:1039DC0040F0040004F0BFF851E60E4B0E482849A5
:1039EC00C01AC008000440F0040004F09FF8002343
:1039FC00A088ADF8183006A9FFF7A4FD62E7A379FB
:103A0C00002B7FF43CAE064B13211888FFF78EFD7C
:103A1C003FE700BF049D0F00249D0F001EA80F0060
:103A2C005E41002034660020C6CD0F0028A80F0090
:103A3C00506600203C6600207C9D0F0056A80F00AD
:103A4C0075A80F00053D0F0081350F0095A80F00DC
:103A5C00DBA80F000CA90F004AA90F0072A90F00D8
:103A6C0095A90F00BCA90F00D2A90F00E8A90F005F
:103A7C00FAA90F000FAA0F003EAA0F0073AA0F009D
:103A8C00ADAA0F00564B00211888FFF76FFD00E719
:103A9C00A379002B3FF4F3AD022B7FF4F0AD514D25
:103AAC002189AA8991427FF4EAADA27B012A7FF495
:103ABC00E6AD4FF480320792228A494EADF82020B1
:103ACC00628AADF8222004F11402099203AF298A0C
:103ADC003088069304AA04930597FFF73BFD60B961
:103AEC003846FEF7C9FB40B940F2FD133088ADF8FB
:103AFC001C3006A9FFF732FDC1E5002306A930886A
:103B0C00ADF81C30FFF72AFD014600287FF4B7AD55
:103B1C0018220DEB020004F0F3FD237D324A8DF8E0
:103B2C001830022B0795089225D0062B11D0012BAB
:103B3C0012D006A800F074FE024600283FF49FAD98
:103B4C002A492B4B5B1ADB081B042A4943F0010062
:103B5C001BE6637D0A93ECE7274B1A88274B1A80E8
:103B6C00637DD4F816200A93012B0B92E1D12448E3
:103B7C0001F00CF9DDE71D4B1D482249C01AC008A5
:103B8C00000440F0040003F0D1FF1B4AB4F81530D8
:103B9C0013801A4A1380CCE7144B15481A49C01AE3
:103BAC00C008000440F0040003F0C0FF0023A0880C
:103BBC001A461946FFF7C4FC6BE60023A0881A4688
:103BCC001946FFF7CDFC08B1FDF736FD0848074B49
:103BDC000E49C01AC008000440F0040004E600BFFF
:103BEC005E4100203C660020053D0F00049D0F0047
:103BFC00249D0F00E8AA0F003A66002038660020CA
:103C0C00F09C0F00D6AA0F001CAB0F0042AB0F00AC
:103C1C0070B5204E346814F0010432D01E4B98421B
:103C2C0036D01E4B1E4D1F4C1F49ED1AED082D04AE
:103C3C0045F00405284603F079FF22884FF6FF7300
:103C4C009A4220D01949284603F070FF3368208827
:103C5C0043F0040313213360FFF768FC044680B97A
:103C6C00134EC82446F001064FF47A40B047013C8D
:103C7C00FAD104F085FA044618B90E49284603F027
:103C8C0055FF204670BD0C4B1878FFF74BFCF0E746
:103C9C000024F6E750660020F09C0F00049D0F00F6
:103CAC00249D0F005E41002064AB0F0081AB0F0020
:103CBC00C0CD0F0090AB0F005C4100207FB50023FE
:103CCC00CDF80B308DF80F30094BADF806109B89F1
:103CDC00ADF8083001238DF80A300DF10603CDE95B
:103CEC000430044B02A91888FFF736FC07B000BD5E
:103CFC003C6600205E41002030B5044687B00D467E
:103D0C0020B9444940F2891002F030FC25B94149F0
:103D1C004FF4C57002F02AFC1122002101A804F016
:103D2C00EFFC2278082A0BD13B4A3C4913880988BE
:103D3C00013B9BB2138029B323BB11800322227059
:103D4C0063788DF805206021012B8DF804108DF817
:103D5C00063019D032493348401AC00800043249A1
:103D6C0040F0020003F0EEFE63780B2B10D100F054
:103D7C0099FA8DF80700002000F08EFA042101A8B2
:103D8C00FFF79CFF07B030BD062A03D0032A27D0CB
:103D9C000321F4E7E1688DF80710D4E90123080A40
:103DAC008DF80800080C090E8DF80A10110A8DF810
:103DBC000B208DF80C10110C120E8DF80E201A0A17
:103DCC008DF80F308DF810201A0C1B0E8DF80D107D
:103DDC008DF809008DF811208DF812300F21CEE7E7
:103DEC00D4E90123110A8DF807208DF80810110C65
:103DFC00120E8DF80A201A0A8DF80B308DF80C2053
:103E0C001A0C1B0E8DF809108DF80D208DF80E3044
:103E1C000B21B4E7A9AB0F00386600203A660020EE
:103E2C00049D0F00249D0F00FEAB0F002DE9F04107
:103E3C00054694B020B9404940F2514002F096FB3F
:103E4C003E4B4FF6FF721A8001204FF659632A46FB
:103E5C0002A98DF80A00ADF80830FFF777FB04468D
:103E6C00002864D1364B04AA03F11006186859686F
:103E7C00144603C40833B3422246F7D1A91C04A844
:103E8C00FFF772FB0446002851D101461C220DA8F5
:103E9C0004F036FC9DF834308DF80F4043F00403E9
:103EAC008DF834300223ADF80C30AB788DF80E3031
:103EBC0003238DF80630F423CDE90A44ADF82C30F9
:103ECC002B464FF4885833F8040B0C9403AF01AE17
:103EDC0008AA0DA9ADF8048008970996FFF738FBDE
:103EEC00044620BB01461C220DA804F009FC182333
:103EFC008DF834300123ADF80C30AB788DF80E30E2
:103F0C0013238DF806301723CDE90A44ADF82C3075
:103F1C002B4608AA33F80C0B8DF80F400DA90C9406
:103F2C00CDE90876ADF80480FFF712FB0446204675
:103F3C0014B0BDE8F08100BFA9AB0F005E410020BA
:103F4C00CECD0F00F0B5514E336813F0010785B09C
:103F5C00044640F099804E4B4E4D4F49ED1AED08FA
:103F6C002D0445F00405284603F0E0FD4B4B4C486E
:103F7C001C6002F015FC029700F0A9F90446002819
:103F8C0073D1484A4849284603F0D4FD4548FFF709
:103F9C00EFFA0446002868D14449284603F0C6FDD0
:103FAC0004F0B0F8044600285FD102A804F07AF9B6
:103FBC000446002859D13E49284603F0B7FD02A912
:103FCC00012004F079F9044600284ED139492846DD
:103FDC0003F0ACFD02A804F02DFA0446002844D1ED
:103FEC0000F062FE002843D0334800F04DFE3368E9
:103FFC0043F002033360112302A88DF80430FFF75D
:10400C008BFA044688BB9DF8093002A801338DF861
:10401C000930FFF77FFA044638BB33689B072CD571
:10402C00254C2649A369221D284603F08BFDA26965
:10403C00211D92B201A8FFF77DFA0446A8B92048C9
:10404C00FFF776FA044680B91E48FFF7EFFE0446E8
:10405C0058B9FFF7ABFA044638B933681A4943F03C
:10406C0001032846336003F061FD204605B0F0BD26
:10407C001649284603F05AFDBDE71549284603F0BA
:10408C0055FD14490E22D4E70024EEE750660020BB
:10409C00049D0F00249D0F0034AC0F0034660020EB
:1040AC007C9D0F0000100F0053AC0F0073AC0F0081
:1040BC0088AC0F009FAC0F0054660020D1AC0F00F1
:1040CC00C6CD0F003C66002011AD0F00B7AC0F0041
:1040DC00F2AC0F0025AC0F0030B51A4B196885B047
:1040EC00044609B101391960174A18486368801AE7
:1040FC00C0080004227840F004008BB90091144DE4
:10410C001449A368012A14BF2A460A46124903F02F
:10411C0022FD63699BB1E06805B0BDE830401847EB
:10412C00029121690191A168094D00910949012A67
:10413C0014BF2A460A46094903F025FDE9E705B0F4
:10414C0030BD00BF70660020049D0F002C9D0F0039
:10415C0042AD0F003CAD0F0048AD0F006EAD0F002F
:10416C0008B50C490C4B5B1ADB0802461B0443F0E8
:10417C0004004AB1094903F0D9FC09490948BDE8D2
:10418C000840002202F0BCBD074903F0CFFC0749F0
:10419C00F4E700BF049D0F002C9D0F00AAAD0F008B
:1041AC001CCE0F0008410020D0AD0F00F0CD0F0049
:1041BC002DE9F7439846174C174BDFF86C90E41A2F
:1041CC00E408D9F800302404CDE9002305460B4659
:1041DC000E4617461149024644F0040003F0C6FC93
:1041EC0029460F48CDF800803B46324602F0A0FD30
:1041FC00054640B9D9F800300133C9F800302846DB
:10420C0003B0BDE8F0830246064944F0020003F017
:10421C0091FCF4E72C9D0F00049D0F00F8AD0F00EE
:10422C00084100203BAE0F00706600202DE9F341E1
:10423C00134B144C144EE41AE40833680093240412
:10424C0005460B460F4690461049024644F00400C2
:10425C0003F081FC29460E4843463A4602F0B8FD6D
:10426C00054630B9336801333360284602B0BDE8E7
:10427C00F0810246074944F0020003F05BFCF4E7CE
:10428C00049D0F002C9D0F007066002068AE0F007F
:10429C0008410020A5AE0F00014B18700B20704791
:1042AC0074660020024B002218781A70704700BF09
:1042BC007466002018DF70471FB50023CDE900306D
:1042CC00890868460291FFF7F5FF05B000BD1FB5E0
:1042DC000023CDE901330393684602230093FFF7D3
:1042EC00E9FF05B000BD4FF000534FF480521A6047
:1042FC0000207047084B09480949C01A10B5C0087E
:10430C00000440F0040003F011FC064BBDE8104023
:10431C001B680620184700BF049D0F00349D0F003A
:10432C00E0AE0F00786600200A2803D90B38C0B223
:10433C00FFF7B2BF7047000070B5054686B000208D
:10434C0002F082FD0146A0B1274A1821284602F04E
:10435C0007F8024600283CD02449254B5B1ADB08A1
:10436C001B04244943F0010006B0BDE8704003F083
:10437C00E1BB1822684604F0C3F904231C4C8DF8E9
:10438C0000301A4B1C4EE41A1C4B1A6D3368E408AF
:10439C0024049A4244F004041DD11949204603F028
:1043AC00C5FB184B3168186801F054FC8DF80100FE
:1043BC00FFF7BAFFD5E901138DF80100684698475D
:1043CC00114800F0F1FB9DF801201049204603F044
:1043DC00B1FB06B070BD01238DF801306846D5E9FC
:1043EC0001139847EFE700BF45430F00049D0F00F2
:1043FC00349D0F0014AF0F007C660020846D0020EC
:10440C003DAF0F008066002001430F006CAF0F0022
:10441C002DE9F041836888B0044623B9974940F2EE
:10442C00CF2002F0A3F8162200210DF10A0004F0AF
:10443C0067F9934E934922788DF80820761AF6087E
:10444C00012336040C2A8DF8093046F0040500F2DD
:10445C00C581934013F4AD7F24D10C2A07D0022AD6
:10446C0040F0BC818849284603F060FB07E02846F1
:10447C00864903F05BFB864B07201B6898479DF829
:10448C0009208449284603F055FBD4E9011302A8FE
:10449C0098479DF80930012B00F08A817C4B052050
:1044AC001B6884E1062A7C4F01D0012A01D12369C3
:1044BC003B703B78012B09D0022B75D0774946F025
:1044CC00010003F033FB00233B70CCE0013A072AD8
:1044DC0064D8DFE802F004631443635B631E704925
:1044EC00284603F023FB6A4B03201B68984760693E
:1044FC0001F07AF8FFF718FF8DF80900BFE769495A
:10450C00284603F013FB684BDA6B1B6C0392049385
:10451C00B5E7236923B9594940F2131002F026F884
:10452C00A38A23B955494FF48A7002F01FF85F49EA
:10453C00284603F0FBFAA18A206901F06DF8FFF719
:10454C00F3FE594B8DF80900DA6B1B6C0493E3688E
:10455C000392002B93D02069984790E75449284642
:10456C0003F0E4FA5349544801F0D4F8FFF7DCFEA9
:10457C0001288DF8090082D1002000F015FB08B944
:10458C004E4970E70A238DF8093078E74C492846E4
:10459C0003F0CCFA4FF400730593B4E737494FF4AA
:1045AC00BC7001F0E3FF6AE7013A072A00F21281BE
:1045BC00DFE812F008001001D200E1001001010147
:1045CC00100198003F49284603F0B0FA304B032005
:1045DC001B68984701F050F830B93B4946F0010090
:1045EC0003F0A4FA0823CEE7626932B9374946F0E2
:1045FC00010003F09BFA0323C5E7C2F30B0343B19D
:10460C00294B2C495B6D096813448B4201D030490E
:10461C00EDE7B2F5805F06D92E4946F0010003F0B4
:10462C0085FA0423AFE7204F22497B6D0968D01827
:10463C00884206D9009146F00100274903F08BFA15
:10464C00D0E77A64FA6CBA641B4A3B6510683B632A
:10465C00002201211844FFF7E9FD30B11F4946F053
:10466C00010003F063FA05238DE7BB6C00933B6DEF
:10467C007A6C1B49284603F06EFA00E794AF0F00E2
:10468C00349D0F00049D0F00EDAF0F0011B00F0013
:10469C00786600206CAF0F0060410020A9B30F00BA
:1046AC0029B00F0053B00F00846D002077B00F00BD
:1046BC00A0B00F007C66002080660020CBB00F00FD
:1046CC00F0B00F001AB10F0041B10F0076B10F001E
:1046DC008FB10F00B0B10F00D4B10F0045B20F0075
:1046EC005CB20F004149284603F020FA00F0C4FFE9
:1046FC0000283FF477AF3E4FA18AD7E914329B1ABA
:10470C007A6C0B44934201D93A4970E73A4A3B6BB5
:10471C001268206903EB020807F1480201F00AFF56
:10472C00E368064623B935494FF4F87001F01EFFD3
:10473C00E368A28A21694046FFF73AFD08B1E368B5
:10474C0009E7A38A3A6BBE641A443A633A6D04963D
:10475C0013443B65039392E6254E2949284603F002
:10476C00E5F9B36C326D2749284603F0EBF9B36CCD
:10477C000493336DEEE72846234903F0D7F91C4820
:10478C00D0E91473426CFB1A934205D01F4946F0D2
:10479C00010003F0D7F925E7836CC3640021416461
:1047AC0047652046FFF7C8FD194B1B680420984746
:1047BC0008B0BDE8F0811749284603F0B7F90C4B57
:1047CC004FF480519A6C1B6D059100910492124923
:1047DC0003934FE7094940F29720E2E60F4946F070
:1047EC00030003F0A7F90223CDE600BF97B20F0038
:1047FC00846D0020BDB20F008066002094AF0F00C6
:10480C00D4B20F00F5B20F000BB30F0033B30F008F
:10481C007866002057B30F007EB30F00C9B30F00AA
:10482C00836810B58BB10A4A182101F099FD044632
:10483C0048B1084B084A09499B1ADB081B0443F092
:10484C00020003F073F9204610BD0724FBE700BFFC
:10485C001D440F00349D0F00049D0F00E8B30F00A2
:10486C0038B50546C0B10120FFF77AFC044648B9BB
:10487C0000F0ACFE00F000FF30B9084B00201D60CA
:10488C00FFF70AFD204638BD0549064800F042FFF7
:10489C000128F2D00324F5E70724F3E7786600201B
:1048AC007C660020806600200368013310B5044646
:1048BC0009D000225821043001F03CFE23681B1A59
:1048CC005842584110BD0020FCE700002DE9F0478C
:1048DC0016464FF460721F461F4C0546884603F07F
:1048EC0089FE1E4BE41AE4088246240458B91C497C
:1048FC0044F0040003F01AF916B90020BDE8F08763
:10490C005046B047F9E7174944F0040003F00EF99C
:10491C0015492A4644F0040003F00CF90022012149
:10492C002846FFF783FC30B1104944F0010003F036
:10493C00FDF80320E2E74FF460724146384603F07D
:10494C00ADFE33464FF4607239462846FFF730FC13
:10495C000028D2D00649E8E73C9D0F00049D0F00CB
:10496C0018B40F0062B40F0076B40F0096B40F00A9
:10497C00B9B40F002DE9F8434E48DFF868914E4F5B
:10498C004E4C4F4EFFF790FFD9F80050804628460A
:10499C00FFF78AFF002800F088806868012861D042
:1049AC0005F518700022C32101F0C4FDD5F85C5246
:1049BC002B1A5D425D41B8F1000F55D0A7EB0408EE
:1049CC004FEAD8084FEA08483E4948F0040003F083
:1049DC00ADF838493A484FF4607203F05FFE95B178
:1049EC00394948F0040003F0A1F8D9F800503748D1
:1049FC005422291D03F052FE35484FF4327205F152
:104A0C005C0103F04BFED6F80480B8F1010F4AD1DB
:104A1C00381BC0082F4C3049000440F00300A4F5AB
:104A2C00E47503F083F80FCD0FC40FCD0FC40FCD79
:104A3C000FC495E80F0084E80F0004F11005A4F5ED
:104A4C00DC740FCC0FC594E80700002386F86032A5
:104A5C0086F8E232F36986F8A18285E80700C6F889
:104A6C00A2321EE00546A6E7381BC008000455B16B
:104A7C001A4940F0030003F059F8D9F80010104817
:104A8C004FF46072BDE7381BC0080004144940F0B5
:104A9C00020003F04BF80A484FF46072002103F057
:104AAC002FFE02237360BDE8F883B8F1000FEAD043
:104ABC00054683E700F00F003C9D0F00049D0F009E
:104ACC00846D0020E0B40F00F5B40F00886D002059
:104ADC00E06D0020A8700020DCB50F001FB50F00A2
:104AEC0078B50F006441002010B50022044658210F
:104AFC000B4801F01FFD0A4B002243F8040CC321A4
:104B0C0003F5177001F016FD064B0649C3F85C025D
:104B1C002246054B0548BDE81040FFF7D7BE00BF45
:104B2C00886D0020846D0020046A002000F00F00C6
:104B3C00F8B5134B134C144DE41AE40824040E4638
:104B4C002A681249074644F0030002F0F3FF30468E
:104B5C00FFF7AAFE20B90E494FF4C17001F006FD13
:104B6C000C4B28683A463146FFF7B0FE38B144F09A
:104B7C0001000949BDE8F840032202F0DBBFF8BD93
:104B8C00049D0F003C9D0F006441002008B60F00EF
:104B9C0032B60F008466002088B60F000149FFF77B
:104BAC00C7BF00BF00F00F0038B505460020FFF767
:104BBC009BFF044618B903492846FFF7B9FF204666
:104BCC0038BD00BF846D002038B5114B114C124913
:104BDC00E41AE4082404054644F0040002F0A6FF9D
:104BEC002846FFF7BDFA054638B10C49024644F099
:104BFC00010002F09FFF032038BDFFF7BBFE2846E3
:104C0C00FFF7D2FF0028F7D005490322EFE700BFDA
:104C1C00049D0F003C9D0F00C5B60F00E8B60F00B9
:104C2C0013B70F0010B5084C07484FF40072FF2162
:104C3C0003F066FD20220021A4F1240003F060FDA6
:104C4C00002344F82C3C10BDE06D002029DF704798
:104C5C0038B5044690B10B4DD5F8643301330FD100
:104C6C0000221821043001F065FC21462060072247
:104C7C0005F55970BDE83840FFF7E8BF0E2038BD88
:104C8C000820FCE700F00F0050B1064B03F11C02AA
:104C9C0053F8041B40F8041B9342F9D100207047D1
:104CAC000E20704764F30F0010B5064C002218213B
:104CBC00204601F03FFC54F8043C1B1A5842584162
:104CCC0010BD00BF68F30F0010B50F4CD4F824339F
:104CDC00D4F864231340013313D00C4B0C480D490A
:104CEC00C01AC008000440F0040002F01FFF4FF48B
:104CFC007F2001F073F8C92221464FF47F2001F088
:104D0C009BF8002010BD00BF846D0020049D0F0097
:104D1C00449D0F005EB70F002DE9F843154B164C60
:104D2C00DFF86490154F1649E41AE4082404A7EB45
:104D3C00090744F00404FF0806463A46204602F0F0
:104D4C00F9FE4FF00008474501D100250BE059F85A
:104D5C00383030469847054640B10346094942462B
:104D6C00204602F0EFFE2846BDE8F88308F1010862
:104D7C00E9E700BF049D0F000C9D0F00F89C0F008D
:104D8C009BB70F00BFB70F00F09C0F002DE9F84345
:104D9C00154B164C164D174F1749E41AE40824040A
:104DAC007F1B44F00404FF0806463A46204602F0F6
:104DBC00C1FE4FF0000805F10409474501D100255B
:104DCC000BE059F8383030469847054640B1034659
:104DDC000A494246204602F0B5FE2846BDE8F88353
:104DEC0008F10108E9E700BF049D0F000C9D0F00BE
:104DFC00F09C0F00F89C0F00EBB70F0010B80F00E1
:104E0C00034A00230360436083601363704700BF51
:104E1C00846D00204FF44053054A5968914203BFFA
:104E2C00986800F6FF706FF30B004FF480507047DA
:104E3C00DBE5B15108B5FFF7EDFF044B9B69184456
:104E4C0000F6FF706FF30B0008BD00BF846D0020EF
:104E5C004FF48050704700002DE9F04F85B09A4612
:104E6C000092644B644A03919B1ADB081B0443F0C9
:104E7C000404624901938146204602F057FE6049C2
:104E8C00DFF8D0815F4D4A46204602F053FE039B6B
:104E9C005D4A5E49002B18BF4246204602F04AFE8E
:104EAC00009B594A5A49002B18BF4246204602F033
:104EBC0041FE554A5749BAF1000F18BF42462046E9
:104ECC0002F038FE4FF4405353495A684E4B20467B
:104EDC008A4214BF1A464246504902F02BFE5049F2
:104EEC00204602F023FEAB692A6A4E49204602F0A6
:104EFC0029FE6B6AEA6A4C49204602F023FE002622
:104F0C00012E51D0022E5FD0FFF794FF009B074675
:104F1C00002B47D03B4B1D6A6B1E5D425D41434BE2
:104F2C00BB4203D24249B12001F020FB3F4B414927
:104F3C00A3EB070B039B3246CB4538BF43F0010371
:104F4C002046029302F0F6FD3B493A46204602F019
:104F5C00F1FD2D4A3949CB4538BF4246204602F077
:104F6C00E9FD294A3649002D18BF4246204602F079
:104F7C00E1FD029B244A3349002B18BF42462046D0
:104F8C0002F0D8FD029B7BB315BB0136032EB7D1C3
:104F9C00CB451FD320462C4902F0C8FD2B48FFF708
:104FAC002FFF24E0009DBAE7FFF734FF0746BAF164
:104FBC00000F07D14FF440535D68174BED1A18BF23
:104FCC000125ACE75546AAE701254FF48057A6E723
:104FDC00CB4509D2019B1E4943F0020002F0A6FD0D
:104FEC00042005B0BDE8F08FF6B2002ED2D100201F
:104FFC00F7E700BF0C9D0F00049D0F0045B80F0094
:10500C0063B80F00846D00203FB80F0078B80F0014
:10501C0089B80F0097B80F00DBE5B151ACB80F00A1
:10502C00BCB80F00CBB80F00EBB80F0000E00E00BF
:10503C000BB90F005EB90F0068B90F007DB90F00F6
:10504C0092B90F00A5B90F00E2B90F009C6D0020BA
:10505C00B6B90F003AB80F002DE9F0433849394D75
:10506C008A6B394C394EDFF80C81DFF80C9185B026
:10507C005C316846FCF7CCFC9DE80F0085E80F001E
:10508C000021334B31704FF447722046C8F80010A2
:10509C00C9F80010EB6003F033FB2E49224628467A
:1050AC00FCF756FF70B92C482C4B2D49C01AC00880
:1050BC00000440F0010002F039FD0026304605B036
:1050CC00BDE8F083367826B194F86C3127785BB361
:1050DC0037B12148214B2349C01AC0080004E8E726
:1050EC0094F87231002BE8D0D9F80020D8F80010D1
:1050FC006846FCF78DFC9DE80F0085E80F004FF427
:10510C00B272394604F5BA7003F0FAFA164904F58E
:10511C00BA722846FCF71CFF78B90F480F4B13499D
:10512C00C01AC0080004C4E7002FC6D0A379002B16
:10513C00C3D008340E4B1C60C0E704F5BA74F9E711
:10514C00846D0020D4710020EC71002004710020CB
:10515C0015520F000CCC0F004C9D0F00049D0F003E
:10516C00F4B90F0021BA0F00ACCC0F0040BA0F00FD
:10517C00D0710020E8710020E471002010B590F887
:10518C00553013F0FB0F08D190F8643083B3846E64
:10519C0074B30C600124204610BD13F0010403D03D
:1051AC0090F8564004B1846D9B07F1D590F85C30B3
:1051BC00002BEDD00F4B026EC3F57E239A4201D823
:1051CC001444E5E70C490D48401AC00800040C498A
:1051DC0040F0010002F0B6FC0424074B07480949D3
:1051EC00C01AC008000440F0010002F09FFCD2E796
:1051FC000F24F2E700100F00049D0F004C9D0F00D0
:10520C007CBA0F0099BA0F005B68DA68134B9A42AC
:10521C0030B408D1124C236813B912490B6823B16E
:10522C00114B00221A7030BC7047D0E90120134694
:10523C0013F9015B002DFBDB0244D21A23600A4BED
:10524C000A60012119700948094B0A49C01AC008A3
:10525C00000430BC40F0040002F06CBCACCC0F007D
:10526C00E8710020E4710020047100204C9D0F00B7
:10527C00049D0F00CABA0F0000B591B0FDF76AFF8C
:10528C0018B10C49DB2001F071F90B49202268465A
:10529C00FDF7B0FF09490A4840236A46FDF7A8FE0E
:1052AC0018B10449E52001F061F9064B01221A708E
:1052BC0011B000BDE7BA0F0068CB0F008871002059
:1052CC00E8CB0F00057100202DE9F04FCDB003AFF6
:1052DC0083460D4691469A467C222023002104A841
:1052EC003B60DDF8588103F00BFA00238DF88C300D
:1052FC00434B1B780BB9FFF7BFFF424C424B434962
:10530C00E41AE408240444F00306304602F00EFCD0
:10531C0045B944F002003E4902F008FC13204DB0A0
:10532C00BDE8F08FBBF1000F05D03046394902F0D3
:10533C00FDFB1620F3E738494246304602F0FAFBF3
:10534C00364B0093364901974346524604A8FDF765
:10535C00E7FE002852D1B9F1400F4FD1314B29460D
:10536C0005F14002984651F8040B43F8040B9142A6
:10537C00F9D12D49304602F0D9FB4025294820218E
:10538C00FDF745FFCDE90085244A3B68274923A852
:10539C00FDF74AFE024658B3254944F0010002F0DD
:1053AC00C9FB244944F0040002F0C0FB2A461D4905
:1053BC0044F0040002F0F6FB1F4944F0040002F034
:1053CC00B5FB3A88154944F0040002F0EBFB1B498D
:1053DC0044F0040002F0AAFB19492A4644F00400E8
:1053EC0002F0E0FB02F048FA0028FBD1052096E71A
:1053FC003046144902F09AFB012090E70A208EE710
:10540C00057100204C9D0F00049D0F003FBB0F0049
:10541C0067BB0F007BBB0F0092BB0F0026710020F7
:10542C00F4CB0F0046710020ADBB0F00887100203B
:10543C00BEBB0F00E0BB0F00EBBB0F00F1BB0F00BE
:10544C0068CB0F00FDBB0F004FF4405313B55A68E7
:10545C001C4900F500508A42446805D0631A5C422E
:10546C005C41204602B010BD944228D11A78142A0F
:10547C0082BF5B69144AB3FBF2F3027898BF002336
:10548C00142A84BF4169104A104888BFB1FBF2F15D
:10549C000F4A98BF0021101A8B4200914FEAD0009E
:1054AC000C490D4A4FEA004008BF0A4640F0030081
:1054BC000A4914BF0124002402F04DFBD1E700245B
:1054CC00CFE700BFDBE5B15140420F00049D0F0058
:1054DC004C9D0F0012BC0F000CBC0F0018BC0F0031
:1054EC002DE9F043ABB006460F4690461C467C2295
:1054FC00202300210BA8029303F002F9294B1B78FF
:10550C000BB9FFF7B9FE2CB13146202203A8FDF7E9
:10551C0055FE03AE244B254C2549DFF8AC90E41A1C
:10552C00E408240444F0040543463A46284602F0B5
:10553C0009FB02AB01933A461E49CDF80090434655
:10554C000BA8FDF7EDFD024640B11B4944F00100EC
:10555C0002F0F0FA00202BB0BDE8F0832022314697
:10556C00484603F047F8D8B1144944F0020002F061
:10557C00DDFA1349284602F0D9FA20223146284692
:10558C0002F010FB0F49284602F0D0FA20224946BF
:10559C00284602F007FB02F06FF90028FBD1D9E78F
:1055AC000120D8E705710020049D0F004C9D0F00D1
:1055BC0058BC0F00F4CB0F008BBC0F00BCBC0F0011
:1055CC00D6BC0F00E8BC0F000671002008B5044BD8
:1055DC00986B08B1FFF740FD024B187008BD00BF77
:1055EC00846D00200875002010B5044658B1B0F544
:1055FC00007F0AD8064B00221A70FFF713FB054BED
:10560C0001209C6310BD0320FCE70420FAE700BFD7
:10561C0008750020846D002070B5134C0646E06BB5
:10562C00A36B42189A420D460BD9104B10481149E6
:10563C00C01AC008000440F0010002F077FA032001
:10564C0070BD5C300A462044314603F027F8E36B0A
:10565C0004F140022B4429463046E36300F06AFF14
:10566C0020640120ECE700BF846D0020049D0F0036
:10567C004C9D0F00F8BC0F00014B1878704700BF11
:10568C0008750020F7B51C4C94F86C217AB394F88B
:10569C00D802B4F8DA2204F5377104F5B874174E51
:1056AC00174D336800932B68FFF70EFE0128074651
:1056BC0005D1201D00F0D2FA0128074614D0114B59
:1056CC00114C1249E41AE408240444F0020002F0DC
:1056DC002DFA0F4944F0040002F028FA32882968A8
:1056EC0044F0040002F05EFA384603B0F0BD1146F7
:1056FC0010460434D3E700BFEC710020E4710020A5
:10570C00E8710020049D0F004C9D0F001BBD0F0085
:10571C0031BD0F00334BD3E90E329A422DE9F041E3
:10572C0006460D460DD0304B30483149C01AC008E2
:10573C00000440F0010002F0F9F908242046BDE80D
:10574C00F0812C4F97F80080B8F1000F09D0FFF7CB
:10575C0071FB294B306029461868BDE8F041FFF712
:10576C000DBDFFF779FC80B3FFF78CFF0128C6F85D
:10577C0000800446C5F8008019D11F4B29461868D3
:10578C00FFF7FCFC0128044611D103464246286869
:10579C00164D4146FFF760FB134BED1AED082D0437
:1057AC0040B1164945F0010002F0C0F90424FFF79E
:1057BC0039FAC3E7FFF73EFB11493060024645F06A
:1057CC00040002F0B7F93C70B8E7074B07480D49E5
:1057DC00C01AC008000440F0010002F0A7F905242B
:1057EC00ACE700BF846D0020049D0F004C9D0F00A2
:1057FC003FBD0F0008750020D07100205ABD0F006E
:10580C0075BD0F0091BD0F0070B504460D461646D0
:10581C0020B907494FF42C7000F0A8FE32462946F7
:10582C0004F172000123BDE87040FFF759BE00BFC0
:10583C00E7BA0F0037B503780C461146032B2DD869
:10584C00DFE803F015021821D0F8015000222046A1
:10585C0000F070FE85420AD01448154B1549C01A49
:10586C00C0080004012240F0040002F063F901209A
:10587C0003B030BD0A4600232146013003B0BDE819
:10588C003040FFF72DBE00912346411C40220020E2
:10589C00FFF71AFD431E58425841E9E740F2D93050
:1058AC00054900F063FE0020E2E700BF4C9D0F00AD
:1058BC00049D0F00AEBD0F00E7BA0F002DE9F043B9
:1058CC00A3B005460E46144600217C221F4603A8B1
:1058DC0020239DF8AC900293DDF8A88002F010FF15
:1058EC0041220021284602F00BFFB6F89430A34267
:1058FC0082BF442303FB046393F8969085F80090D1
:10590C00B9F1030F3BD8DFE809F009020F2C002294
:10591C004146384600F00EFEC5F8010042463946B5
:10592C002846FFF787FF19E002AB01936B1C00932D
:10593C00184943463A4603A8FDF7F2FB0028EDD080
:10594C0001F0DAFD1449154B5B1ADB081B041449F2
:10595C00024643F0010002F0EDF8002023B0BDE850
:10596C00F0836142442303FB046301F044019A3148
:10597C00B3F898203144681C02F090FECEE707483B
:10598C00054B0849C01AC00800044A4640F0010003
:10599C00E1E700BFF4CB0F00049D0F004C9D0F00FE
:1059AC00D1BD0F0002BE0F002DE9F04F984B1C68C3
:1059BC00A5B00646894690460A4601462046FFF7A2
:1059CC0023FF002800F0168194F85550002D35D196
:1059DC004FF0010ACDE9009A33462A46214613A816
:1059EC00FFF76CFF08B9052405E1B8F1000F7FD073
:1059FC00884F412213A907F2A12002F04FFE864BDB
:105A0C0086488749C7F82CA0C01AC008000440F08B
:105A1C00040002F08BF894F892303D6213B194F8C4
:105A2C0093300BB96368BB6000224946304600F0E6
:105A3C0081FD784B0124C3E90990D6E04122002175
:105A4C0002A802F05DFE05F0010B4122002113A813
:105A5C0005F0020502F054FEBBF1000F3ED006F536
:105A6C000050704B416899420AD06C486A4B6E49A1
:105A7C00C01AC008000440F0010002F057F8B2E769
:105A8C00A36D03F5FF5203F6FF73C3F30B031F3231
:105A9C00D21A8368934206D260485F4B6349C01A9E
:105AAC00C0080004E7E74FF440535A688A4223D1F8
:105ABC001A78102A88BF1A6906F5005398BF00227D
:105ACC00197810298CBF1B6900239A4214D05348B3
:105ADC00514B5749C01AC0080004CCE7002D76D1B1
:105AEC00544940F2613000F041FDB8F1000F71D122
:105AFC00484B01245C6183E03046FFF7A5FC70B194
:105B0C00464F454B4C49FF1AFF083F0447F0020033
:105B1C0002F00CF81DB9494947F00100ADE701232B
:105B2C000193A36D009300223346214602A8FFF790
:105B3C00C5FE00283FF457AF002D65D0A26DB318F9
:105B4C00A9EB02020021CDE9002113A85A462146F7
:105B5C00FFF7B4FE00283FF446AF9DF84C304BB134
:105B6C002E482D4B3649C01AC008000440F00200E4
:105B7C0001F0DCFFB8F1000FBAD0BBF1000F2DD053
:105B8C003046FFF761FC10B12E48FFF739F941227E
:105B9C002D4802A902F082FD1E4B002D0CBFA52240
:105BAC00AC22DA62A26D5A633FF43EAF2748412221
:105BBC0013A902F073FD94F8923023B194F893304A
:105BCC00002B7FF431AF134B6268DA602CE74A4646
:105BDC003346B7E70F4BAA22DA6225E70D4BAA2210
:105BEC00DA62E3E71A48FFF70BF9FFF71BF8094BEA
:105BFC009E6405E01724B8F1000FF3D1FFF712F8FB
:105C0C00204625B0BDE8F08FB8F1000FB8D16FE792
:105C1C00D0710020846D0020049D0F004C9D0F005E
:105C2C0023BE0F00DBE5B1514BBE0F009CBE0F0035
:105C3C0005BF0F00E7BA0F0072BF0F00B3BF0F0014
:105C4C00F4BF0F009C6D0020E46F002066700020F4
:105C5C00A86D00200122FFF7A7BE0000F8B504468E
:105C6C0018B94E49C42000F081FC94F854301BB193
:105C7C0094F8550003280BD949484A4B4A49C01A95
:105C8C00C008000440F0010001F050FF0F200EE0AE
:105C9C0094F86E30032B0BD0424B41484349C01A49
:105CAC00C008000440F0010001F040FF1420F8BDD2
:105CBC0094F892301BB194F89330002B62D1237A74
:105CCC0033B93748374B3A49C01AC0080004D9E7F2
:105CDC00E368342B0BD0334B31483649C01AC0081B
:105CEC00000440F0020001F021FF1120DFE74FF427
:105CFC004055314A6968238A914238D143B162696F
:105D0C0072B3DBB204F110010022D6B2B3420BD84D
:105D1C00244B23482949C01AC008000440F0020053
:105D2C0001F004FF1220C2E7AE8951F8047FB7429C
:105D3C0002F10102E9D1237833B301286368204AC8
:105D4C001DD892689A421DD9164B15481D49C01A88
:105D5C00C008000440F0020001F0E8FE1020A6E7A5
:105D6C0010B9012BD4D1E6E70128E4D1D0E713B167
:105D7C006369002BCCD12378002BDCD1C8E7D26827
:105D8C009A42E1D2012092E7012890D00448054BB9
:105D9C000D49C01AC008000474E700BF4BC00F00C7
:105DAC00549D0F00049D0F00A7C00F00BEC00F0034
:105DBC00D1C00F00E0C00F00DBE5B151F3C00F0004
:105DCC00846D002003C10F0017C10F00024AD2F8E6
:105DDC000034002BFBD0704700E001400A4908B5A5
:105DEC000223C1F80435BFF36F8FBFF34F8FC1F897
:105DFC000805FFF7EBFF0023C1F80435BFF36F8FE5
:105E0C00BFF34F8F08BD00BF00E0014010B5094C37
:105E1C000123C4F80435BFF36F8FBFF34F8F0160BC
:105E2C00FFF7D4FF0023C4F80435BFF36F8FBFF323
:105E3C004F8F10BD00E0014070B50E4D012316468A
:105E4C00C5F80435BFF36F8FBFF34F8F0024B442F6
:105E5C0007D10023C5F80435BFF36F8FBFF34F8F05
:105E6C0070BD51F8243040F82430FFF7AFFF0134F7
:105E7C00EDE700BF00E0014000F1804000F5C040BC
:105E8C00002382B0036003680193019B02B070474A
:105E9C0043090BD0012B4FF6FF7318BF002300F002
:105EAC001F0023FA00F000F0010070474FF0FF33A1
:105EBC00F5E70000054B4FF0FF32072843F8202090
:105ECC0084BF1B1883F85820704700BF0C75002046
:105EDC0010B504460068FFF7DBFF20B907494FF403
:105EEC00F67000F043FB23681F2B83BF03F01F03E6
:105EFC00034823604FF0A04010BD00BFF89D0F0079
:105F0C000003005013B5019001A80C46FFF7E0FF09
:105F1C00019B00EB8300D0F8003723F44033C0F82A
:105F2C000037D0F8003743EA0443C0F8003702B01A
:105F3C0010BD000038B5184C94F86A204ABB04F127
:105F4C003001FF251046FFF7A3FF00B18D5401323D
:105F5C00302AF7D10021C8B20131FFF7ABFF0C2971
:105F6C00F9D10E4B00221A609A800D4BC02183F898
:105F7C000613402119604FF4BE70FFF77DFF094BEB
:105F8C004FF00041C3F80413012384F86A30104623
:105F9C0038BD0820FCE700BF0C7500207075002090
:105FAC0000E100E000600040034B93F86A00003809
:105FBC0018BF0120704700BF0C7500202DE9F74376
:105FCC00044688469146FFF763FF20B941494FF4D8
:105FDC000C7000F0CBFA404F3B1993F93030002B8A
:105FEC0075DA98F802309D07C3F3400047BF0822CA
:105FFC00002308230C22934203D1042003B0BDE8F4
:10600C00F08357F8231001314FEA830545D13A1933
:10601C0047F823901E4682F8303010B93B4483F881
:10602C00584098F80230590717D4DA0737D501A829
:10603C000194FFF74DFF019B00EB8300D0F8003774
:10604C0023F00203C0F800372449E20804F00700EB
:10605C0001238340885C03438B5498F8023098F8F2
:10606C0000209B0729D505F1804303F5C04324028A
:10607C00D3F8101521F44F3121F44071C3F81015E9
:10608C001204D3F8101504F47C5402F44032144377
:10609C000C43C3F810450020B0E70133ABE701A86F
:1060AC0098F801900194FFF713FF019B03F5E0733F
:1060BC004FEA890240F82320C6E7083E47FA86F6E5
:1060CC0096F8603043EA821386F86030E3E70820E4
:1060DC0094E700BF42C10F000C75002070750020C2
:1060EC0073B506460D46FFF7D3FE20B927494FF48A
:1060FC00187000F03BFA264CA31993F93030002BA2
:10610C0004DA224940F2612000F030FAA31993F925
:10611C003020072A1BDD224492F858309B09032BB0
:10612C0010D101A80196FFF7D3FE019BD0F81015F2
:10613C00D94001F001010231304602B0BDE8704097
:10614C00FFF7E0BE012B0CBF02210321F4E7D3B211
:10615C00072B19D8930003F1804303F5C04302F1D8
:10616C004000D3F81015800041F00101C3F8101560
:10617C0080B2FFF781FE3DB154F8223023B10123E8
:10618C009340044AC2F8043302B070BD42C10F0000
:10619C000C750020006000402DE9F04F002485B004
:1061AC00CDE90244584D4FF48072012102F1804335
:1061BC0003F5C0431B68012B07D1D5F804331942F2
:1061CC0003D090B2FFF758FE0C430432B2F5907F27
:1061DC004FEA4101EAD14C4BD3F87C31012B11D160
:1061EC004FF4BE70FFF748FE4FF0A04344F000445C
:1061FC00D3F820250292C3F82025D3F82028039247
:10620C00C3F82028E3B2D3B1404F00250126344215
:10621C0010D0AB0003F1804303F5C043D3F8100555
:10622C00D3F8101557F8253023B1C1F30141C0F351
:10623C00052098470135082D4FEA4606E7D1002C7A
:10624C005ADA324E324D334F4FF000094FF00108FD
:10625C0017F9013F5A1C3CD0C3F3C20210326A44F6
:10626C005FFA83FA12F8082C03F03F0403F00703DB
:10627C0008FA03F31A422CD001A80194FFF728FE68
:10628C00019B03F5E07350F82330C3F3014BBBF1D2
:10629C00020F14BF022103212046FFF733FE01A891
:1062AC000194FFF715FE019B08FA03F3C0F82035A3
:1062BC00331993F9303056F8233053B14FEA9A1111
:1062CC00032904D0BBF1020F19D1012901D12046B9
:1062DC00984709F10109B9F1040FB9D14FF0A04267
:1062EC00D2F820350293C2F82035D5F82025039238
:1062FC001343C5F82025A6D105B0BDE8F08FBBF13E
:10630C00030FE6D10229E1E7006000400C75002084
:10631C00000300506B75002010B5044612F003000A
:10632C0010D1094B1A604B1CDB0012FA83F3074A9D
:10633C001360074B1870074B1870074B1C80074BEA
:10634C00198010BD0720FCE78475002080750020A3
:10635C007C7500207D7500207A75002078750020F2
:10636C002DE9F743284F3B888B4206460D46904655
:10637C0046D300240DF107008DF8074000F08CF88F
:10638C00224B23481A78234B008893F800C084458D
:10639C005FFA8CF138BF0131D2B238BFCCB2A24215
:1063AC0027D01C781978CAB288428CBF01320022DF
:1063BC00E4B21A709DF8070000F09CF84FF6FF73DA
:1063CC009C421FD0144B1B6843F8348003EBC40968
:1063DC0096B18DB1114B38881B682A46314604FBA7
:1063EC00003002F05BF9A9F80450002003B0BDE8BE
:1063FC00F0834FF6FF74DDE70023A9F80430F4E7CF
:10640C000920F3E70420F1E77A7500207D75002060
:10641C00787500207C750020847500208075002024
:10642C0070B5104C104D22782B789A4200D170BD6B
:10643C000E480F4A2378126806880E4802EBC301F7
:10644C00006852F83320898803FB060090470A49FC
:10645C0022780988D3B291428CBF01330023237078
:10646C00E1E700BF7D7500207C7500207A75002067
:10647C00847500208075002078750020EFF305836B
:10648C00C3F308032BB9EFF31480C04300F00100F1
:10649C00704701207047000070B50446FFF7EEFF0F
:1064AC00012803D00F49432000F060F8EFF3108669
:1064BC0072B60D4A9068012380B993600B4B0C4D5A
:1064CC00D3F8801029401160C3F88050D3F88410A1
:1064DC0051604FF0FF32C3F884200346237006B995
:1064EC0062B670BD8FC10F008875002000E100E01E
:1064FC00FC06FFBD10B50446FFF7C0FF012803D012
:10650C000949512000F032F8084B9A685AB154B935
:10651C00EFF3108172B6064A186810605868506024
:10652C009C6001B962B610BD8FC10F008875002048
:10653C0000E100E030B53AB11368DB430A4D014489
:10654C00884204D1D84330BD4FF0FF33F6E710F842
:10655C00012B5340082213F0010418BF2C46013ABA
:10656C0084EA5303F7D1EBE72083B8ED07B5CDE907
:10657C0000016A46002144F20200FBF747F803B021
:10658C0000BD50E8012FC2EA024240E80123002B73
:10659C00F7D1704750E8022FC2EA224240E80223AA
:1065AC00002BF7D1704710B561B1B2FBF3F403FBCC
:1065BC001424A4B244B9C0E9001484608281C3815C
:1065CC00204610BD0E20FCE70920FAE782B050E807
:1065DC00022FC188B2EB324F4FF0000317BF92B2BB
:1065EC0041EA014142EA014104E04268B2EB324F18
:1065FC0008BF012340E80212002AE8D18DF80730C9
:10660C009DF80730002B0CBF1120002002B0704702
:10661C0037B550E8013F9DB2C48925448489A54211
:10662C0028BF2D1B0489A54202BFBFF32F8F002268
:10663C0007E0C5EA030540E80154002CE9D14FF00E
:10664C0001028DF803200193019A9DF803300A6032
:10665C0023B1006810FA82F003B030BD03F0FF00E4
:10666C00FAE708B50A884B889A4203D1FFF789FFED
:10667C00012008BD0020FCE737B550E8023F1FFAA7
:10668C00A3F5C488A54202BFBFF32F8F00220DE0F3
:10669C00C48925448489A54228BF2D1BC3EA05451E
:1066AC0040E80254002CE8D14FF001028DF8032091
:1066BC000193019A9DF803300A6023B1006800EB46
:1066CC00124003B030BD03F0FF00FAE708B50A88AA
:1066DC004B889A4203D1FFF75DFF012008BD0020D3
:1066EC00FCE710B5034653E8000F0A4643E80024C4
:1066FC0094F0000FF7D110BD10B5034653E8000F0E
:10670C0040EA010243E8002494F0000FF6D110BDDA
:10671C0010B5034653E8002F42EA010043E8000499
:10672C0094F0000FF6D110BD10B5034653E8000FDE
:10673C0000EA010243E8002494F0000FF6D110BDEA
:10674C0010B5034653E8002F02EA010043E80004A9
:10675C0094F0000FF6D110BD10B5034653E8002F8E
:10676C0002EB010043E8000494F0000FF6D110BDD9
:10677C0010B5034653E8002FA2EB010043E80004D8
:10678C0094F0000FF6D110BD0121FFF7B5BF012128
:10679C00FFF7BEBF0021FFF7C7BF0021FFF7D0BF37
:1067AC0010B50446002832D003681BB91949FF20E4
:1067BC00FFF7DCFE636823B916494FF48070FFF7CE
:1067CC00D5FEA36823B9134940F20110FFF7CEFEA2
:1067DC00E36823B90F494FF48170FFF7C7FE238A92
:1067EC0023B90C4940F20310FFF7C0FED4E9013085
:1067FC002268C01AC0B21360236808B9187110BDA2
:10680C001A680138C0B2511C19601070F4E70E20E0
:10681C00F5E700BFE5C10F0037B5054620B91349B0
:10682C004FF49270FFF7A2FE00240DF107008DF8D3
:10683C000740FFF731FE2A68696813688B420ED94E
:10684C00591E116013F8013C288AEC6800FB0344C4
:10685C00AB685B1A1179DBB2994238BF13719DF8A2
:10686C000700FFF747FE204603B030BDE5C10F001F
:10687C0037B505460C4620B9104940F24710FFF7D2
:10688C0075FE24B90D494FF4A470FFF76FFE002379
:10689C000DF107008DF80730FFF7FEFD2A6813682D
:1068AC00591C1160EA68A41A2A8AB4FBF2F41C7011
:1068BC009DF80700FFF71EFE03B030BDE5C10F00C9
:1068CC0010B5044618B906493120FFF74FFEA268EF
:1068DC002AB163692168206998470023A36010BD21
:1068EC002DC20F000EB433B5059D044618B91149DD
:1068FC004220FFF73BFE63691BB90E494320FFF7AB
:10690C0035FE23681BB90B494420FFF72FFE636843
:10691C001BB908494520FFF729FE35B106AB01AA82
:10692C0029462046019300F079F802B0BDE83040CA
:10693C0003B070472DC20F000A2938B504460D4626
:10694C0002D10D21FFF7F8FFA3682268591CA16042
:10695C00D554D4E901329A4204D32046BDE83840DC
:10696C00FFF7AEBF38BD00002DE9F84F9846DDE9C2
:10697C000A43164682460F460A464FF00109B242B8
:10698C000FD2C14538BFC14613F0010B01D16CB910
:10699C0000240125B8F1010F1CD908F1FF3875430B
:1069AC00F8E709F10109B2FBF6F2E8E79B070ED50F
:1069BC00B8F1000F0CBF30252025A145E9D2013CD0
:1069CC0029465046FFF7B8FF002CF6D1E0E720250A
:1069DC00F3E77543B7FBF5F39E42FAD9DFF838803D
:1069EC00B7FBF5F3504618F8031005FB1377FFF7C8
:1069FC00A3FFB542B5FBF6F5F2D2BBF1000F00D008
:106A0C0034B9BDE8F88F20215046013CFFF794FFC4
:106A1C004C45F8D8F5E700BFDECD0F002DE9F74F58
:106A2C0005460F46904620B9B24940F25220FFF776
:106A3C009DFD6B6923B9AF494FF41570FFF796FDB7
:106A4C002B6823B9AB4940F25520FFF78FFD6B68DB
:106A5C0023B9A84940F25620FFF788FD002F00F01B
:106A6C004B81397849B92B7B002B00F045812846A6
:106A7C0003B0BDE8F04FFFF723BF252907F101074D
:106A8C0040F0BE80002639782D293A4607F10107DF
:106A9C0021D0302922D02B2923D02A293B4623D19F
:106AAC00D8F800301A1D1C68C8F800203A46117836
:106ABC002E2928D1501C4FF0000A0A270178A1F189
:106ACC00300CBCF1090F02461FD807FB0A1101302C
:106ADC00A1F1300AF2E746F00106D4E746F00206CF
:106AEC00D1E746F00406CEE7002413F8011CA1F10F
:106AFC0030000928DBD80A2202FB0411A1F1300472
:106B0C001A460133F1E74FF0000A013201F0FB00A5
:106B1C006828174602D112F8011BF7E7782909D823
:106B2C006F290BD8632965D020D8252968D058291E
:106B3C0000F08A803B78002B93D194E770390829B8
:106B4C00F8D801A252F821F0D76C0F00416B0F005E
:106B5C00416B0F00696C0F00416B0F003F6C0F0015
:106B6C00416B0F00416B0F00556C0F00642901D075
:106B7C006929DFD1D8F80020D2F80090111D89EADC
:106B8C00E972C8F80010A2EBE9724FF0010B0A2170
:106B9C00092A39DCD34538BFD3462CB1B9F1000FE3
:106BAC0001DB720700D5013CB30702D5BAF1000F27
:106BBC0004D0F00702D40CB1A3452AD3B9F1000FCD
:106BCC002DDAC9F100092D212846FFF7B5FE06F094
:106BDC000302022A05D1BAF1000F02D10CB1A34570
:106BEC0021D3CDE9004653460A2249462846FFF7F1
:106BFC00BBFE9FE7D8F800301A1D1978C8F80020A2
:106C0C002846FFF799FE95E70BF1010BB2FBF1F269
:106C1C00BEE720212846013CFFF78EFECBE771072B
:106C2C00D5D52B21D0E730212846013CFFF784FE37
:106C3C00D4E7D8F800100A1DC8F80020CDE90046AA
:106C4C0053460A220968D1E7D8F800100A1DC8F883
:106C5C0000205346CDE900461022F3E7D8F8003067
:106C6C001A1DC8F8002016F00106D3F8009024D1A4
:106C7C00B9F1000F03D0484601F0E1FC0646B442DE
:106C8C001DD809F1FF3919F8011F00293FF452AF43
:106C9C002846FFF751FEF6E728460136FFF74CFE73
:106CAC0019F806100029F7D1A642BFF443AF2021F2
:106CBC002846013CFFF740FEF6E70026F0E72021CE
:106CCC002846013CFFF738FED9E7D8F800301A1DEA
:106CDC00C8F80020302128461C68FFF72DFE7821CB
:106CEC002846FFF729FE00220823CDE90032214671
:106CFC0010227BE76BC20F0003B0BDE8F08F00BF22
:106D0C0070B504460D46164618B908495520FFF7CC
:106D1C002DFC1DB905495620FFF728FC2B68256072
:106D2C0031462046BDE87040184700BFB0C20F0086
:106D3C002DE9F041DDF8188004460E4617461D4635
:106D4C0018B922498820FFF711FC1FB91F49892067
:106D5C00FFF70CFC23681BB91C498A20FFF706FCC3
:106D6C0045BB1A498B20FFF701FCB20703D017492A
:106D7C009120FFF7FBFBBB0703D014499220FFF7D0
:106D8C00F5FBE3689E4204D322696B1E33449342A5
:106D9C0003D90E499320FFF7E9FB2368CDF818803F
:106DAC00D3F80CE03A462B4631462046F446BDE873
:106DBC00F041604763685A68B5FBF2F302FB13536A
:106DCC00002BD2D001498E20CDE700BFB0C20F00FE
:106DDC002DE9F04104460D4616461F4618B91949CF
:106DEC009E20FFF7C3FB23681BB916499F20FFF7B2
:106DFC00BDFB1EB91349A020FFF7B8FB63681B68E5
:106E0C00013B2B4203D00F49A320FFF7AFFBE368F4
:106E1C009D4207D363681A686B1E02FB0633226916
:106E2C00934203D90749A520FFF7A0FB2368D3F8A9
:106E3C0010E032463B4629462046F446BDE8F04178
:106E4C00604700BFB0C20F0070B550B90E4D0F4C6B
:106E5C000026641B1423B4FBF3F4B44208D10020C5
:106E6C0010E00368002BF1D0BDE87040DB691847D7
:106E7C002B6813B901361435EFE7DB6928469847C0
:106E8C000028F7D070BD00BF084100201C41002035
:106E9C00014B43600020704710CE0F00084670472E
:106EAC0000207047024B1868003818BF012070474B
:106EBC009475002008B50248FFF76FFC002008BD50
:106ECC009475002008B510461A4601F0E7FB002027
:106EDC0008BD00002DE9F041804686B011480F46F0
:106EEC0016461D46FFF750FC0446C8B9AA083146A1
:106EFC003846FEF7A1FF0B48FFF74FFCD8F80830D7
:106F0C0053B101228DF800200C9A0592CDE901476E
:106F1C00CDE9036568469847204606B0BDE8F08188
:106F2C001124F9E7947500202DE9F043814687B0D0
:106F3C0014480F4616469846FFF726FC0446F0B94F
:106F4C000546AE4215D10F48FFF727FCD9F808309B
:106F5C005BB102228DF800200022CDE90127CDE99A
:106F6C000326CDF8148068469847204607B0BDE844
:106F7C00F08307EB0530FEF731FF0135E1E7112413
:106F8C00F3E700BF9475002029DF704728DF7047B6
:106F9C0070B503689D6886B004460E466DB1142228
:106FAC000021684601F0ACFBA36805932379019698
:106FBC002BB1012B0DD06846A84706B070BD01233C
:106FCC008DF8003023690293E3680393636904939B
:106FDC00F1E702238DF80030E3681B030293F5E719
:106FEC000846704700207047024B187A003818BFCB
:106FFC0001207047A0750020034B187A0122B0FACB
:10700C0080F05A7440097047A075002008B51046EE
:10701C001A4601F043FB002008BD000008B51422FD
:10702C000021044801F06CFB0348FFF7CFFA002065
:10703C0008BD00BFA0750020B475002010B5094C28
:10704C00094B43602046FFF79FFB48B901F0D8F885
:10705C00064920741C2306484FF4EE72FFF7A3FA7E
:10706C00002010BDA07500203CCE0F00C475002080
:10707C00B475002038B5224C224D237A3BB92249F5
:10708C002248FFF7F9FA286008B9606038BD02237E
:10709C0023722B681A7972B1012A22D02868032135
:1070AC00FFF776FF00232372636017491748BDE88A
:1070BC003840FFF70BBBD3E90520121A142AD3E989
:1070CC00031328BF14229208012A014438BF01225D
:1070DC001844FFF759FF50B11128DFD10123237257
:1070EC00D4E7D3E903031844FFF750FFF3E7237CFD
:1070FC00002BCBD1BDE83840022000F009B800BF0E
:10710C00A07500209C75002098750020B475002097
:10711C0038B5224C237A002B3FD0022B09D10328FF
:10712C002ED01F4B00221B68E2601A793AB1012A5B
:10713C0020D0637C6BBBBDE83840FFF79BBFD3E925
:10714C0005128D1A142D94BF521914329A61914262
:10715C00EFD102284FF0000308BF19462372104BE1
:10716C0018BF0D211868FFF713FF0E490E48FFF7E3
:10717C00ADFADEE71A6901321A615B699A42E7E7F8
:10718C00E3680133082B01D8E360D2E70023E36006
:10719C00DFE7BDE8384001F023B838BDA07500200A
:1071AC009C75002098750020B4750020831E012B5F
:1071BC0001D8FFF7ADBF704700F0FD03012B08D1DC
:1071CC00044B00225A74421E504250411874FFF76F
:1071DC0051BF7047A075002008B50648FFF7D4FAD8
:1071EC0030B9054B5B7C1BB9BDE80840FFF742BFCB
:1071FC0008BD00BFA4750020A07500202DE9F34147
:10720C0080460D46104801A916461F46FFF700FAA6
:10721C000446B0B117220021053001F071FA2D0B94
:10722C000123237101A90848C4F80080A760E56018
:10723C006661FFF716FAFFF7CFFF002002B0BDE83A
:10724C00F0810420FAE700BFB47500202DE9F3416A
:10725C0080460F460F4801A916461D46FFF7D8F980
:10726C000446A8B118220021043001F049FA089B09
:10727C00A36001A9C4E903670648C4F800806561EE
:10728C00FFF7EFF9FFF7A8FF002002B0BDE8F0818F
:10729C000420FAE7B47500202DE9F74F92469DF8CB
:1072AC00307001919846054618B92349B620FFF76E
:1072BC005DF9B5F806B06A7902FB0BFBABF1040B78
:1072CC00C34503D81C49C420FFF750F9DAF8006015
:1072DC00B5F8069006EB08025A4508F1040188BF80
:1072EC00ABEB0806B1FBF9F4CAF8006009FB14110A
:1072FC0044B9A9EB010AB24528BFB2462EB903B076
:10730C00BDE8F08F2D68013CF2E7019B04311819A0
:10731C0052466B186FB11946A6EB0A0601F0BEF97E
:10732C00B14554442D68CA464FF0000128BFB246FF
:10733C00E4E701461846EFE709C30F00FFF730BA40
:10734C00F8B546790146721E0546002393422D6816
:10735C0003D30024A64202D8F8BD0133F6E70F6828
:10736C002846FFF785FA01343946F3E72DE9F04159
:10737C00068A07460D46FFF74FFA0446F8B1331F4D
:10738C0003354FF480721D44B5FBF3F5EDB28280EA
:10739C00C380013D076080460026AE4210D23846BD
:1073AC00FFF73AFA40B16379013363710136C8F8DB
:1073BC00000007608046F0E72046FFF7C1FF00247D
:1073CC002046BDE8F08101210430FFF7C5B910B5A6
:1073DC00012104460430FFF7CBF9C0B220B9204696
:1073EC00BDE81040FFF7ACBF10BD00001FB5144640
:1073FC0003920022009203AAFFF74EFF039BA342C5
:10740C0006D00449F62004B0BDE81040FFF7AEB832
:10741C0004B010BD09C30F001FB51446039201221E
:10742C00009203AAFFF738FF039BA34207D005493C
:10743C004FF4807004B0BDE81040FFF797B804B06B
:10744C0010BD00BF09C30F00836800225A60C3E956
:10745C0004229A60DA601A607047000038B505465D
:10746C000C4618B908495020FFF780F81CB906499A
:10747C005120FFF77BF8D4E90032934208BF002378
:10748C006B602C6038BD00BF51C30F0010B50446B3
:10749C0018B90B496320FFF769F823681BB9084931
:1074AC006420FFF763F8636843B1226891685268FF
:1074BC000B449342636004BF0023636010BD00BFA4
:1074CC0051C30F0010B50B4AA2F594739A4201D820
:1074DC0000200CE0D11A091103EBC10453F8311050
:1074EC00814205D802D204F10803EFE7606810BDB1
:1074FC002246EBE770CF0F0008B5FFF7E3FF024B16
:10750C00002808BF184608BD70CF0F007047000058
:10751C0007B5044B0093044A402300F032F803B043
:10752C0000BD00BF39750F00A07700202DE9F04792
:10753C008A461446B2B10F4B0F4F03264FF000088A
:10754C0043F0010922460AEB0801002000F04AFD35
:10755C00054648B93B782BB14FF47A40C847013EF9
:10756C0002D13E70BDE8F0870123641BA8443B7038
:10757C00E8D1F7E790CF0F00E0770020704700F0DC
:10758C005DBDF0B595B01C46164608460D46FFF796
:10759C001AFF1A9B0D93CDE9086400242346082298
:1075AC0005A928460A948DF82C400C94FFF734FF5B
:1075BC00079B0293069B03939DF814308DF81140A2
:1075CC0003F00302012A1CD1BDF81440059EC3F33D
:1075DC00C203C4F383148DF81030A20008230EA943
:1075EC002846FFF719FF08AB0093224602AB0EA901
:1075FC00C6F3952000F0BEFB2846FFF7E8FE15B059
:10760C00F0BD022AF8D1BDF81640C3F3C203C4F38F
:10761C0089148DF810300827082C264628BF082618
:10762C003B4632460EA92846FFF7F6FEA41B08ABD4
:10763C0002AA31460EA8374400F000FC002CEBD116
:10764C00DAE7000008B5FFF79AFF0748042100F0BD
:10765C0003FB002803DA05494120FEF787FF044BA2
:10766C0001225A7108BD00BFA49D0F006CC70F000A
:10767C0068410020037813F0040215D003F00303D3
:10768C00012B03D0022B09D0012070470B68028814
:10769C000233C2F3831213440B60F5E70B68428884
:1076AC00023303EB9213F7E7104670472DE9F041D4
:1076BC00434F86B0002388460446851C0DF1070015
:1076CC0016468DF80730FEF7E7FE7A68C8F80020FA
:1076DC00BB6803F580639B1A9D4218D80022002ECC
:1076EC0069D004F00F04A40144F0050464F30F0204
:1076FC0079689DF80700C1F3090303330D4447F87B
:10770C0023207D60FEF7F6FE06B0BDE8F081012176
:10771C002C48FFF721F82C48FFF739F82B48FFF7D6
:10772C0036F8B8680290C0F30900033007EB80000C
:10773C0002A9FFF79FFF029A8046C2F30903B8B96A
:10774C0007EB8303911CDB6803930132C2F309023C
:10775C0007EB820203F00303012BD268029122D0C3
:10776C00022B07D01A494FF4C270FEF7FFFE0BE054
:10777C00D81CDBE7BDF80E30C3F3891303334FEA93
:10778C00124801EB930302931048FFF703F808B17A
:10779C00029BBB600B484146FEF7DEFFBB687A6874
:1077AC0003F5806397E7BDF80C30C3F383134FEAFE
:1077BC0012480B44E7E7A40544F0060298E700BF23
:1077CC00E477002000880020FC870020F887002048
:1077DC00D3C70F00064B074810B500221A70FFF7ED
:1077EC00ADFD044610B90448FFF72EFE204610BD2F
:1077FC00E4770020909D0F00A4CF0F0030B50A4C09
:10780C0071B10A4B0A491B1BDA0800239A4201D1B9
:10781C00002030BD31F82350854202D00133F5E70A
:10782C00034654F83300F4E7049D0F007C9D0F00D1
:10783C0008410020094B013903EBC000032909D88A
:10784C00DFE801F0020A0406022070470079704755
:10785C00407970470020704704207047049D0F004A
:10786C0070470000034BD3E90130C31A584258410A
:10787C00704700BFE47700202DE9F04786B0FFF792
:10788C00F1FF002840F08580754C04F58055A86107
:10789C00BFF34F8FA0680290C0F30900033004EBD4
:1078AC00800002A9FFF7E6FE029B10B1AA69002A2C
:1078BC006BD0C3F309029F1C013304EB8202C3F3A8
:1078CC00090304EB8303D268DB68049302F003031F
:1078DC00022B0392029766D1BDF80E306148C3F3B8
:1078EC008919B9F1500FC84628BF4FF0500868F3FA
:1078FC008F1308F10801ADF80E30FFF737FD06467F
:10790C00002800F09980FFF75EFD002303A90822F0
:10791C003046FFF76BFDFB43C3F309030133C7F399
:10792C0009010331B8EB830F4FEA830A04EB8101A1
:10793C0036D9082352463046FFF758FDA8EB0A0803
:10794C0049490AF108035FFA88F209F10309304644
:10795C0007EB9907FFF74AFD0297AB69002B57D14C
:10796C002F69002F5DD13046FFF731FD0DF1070077
:10797C008DF80770FEF790FDAB690BB9029BA36005
:10798C009DF80700FEF7B6FD45E062689A4204D800
:10799C00A260002006B0BDE8F087C3F309007DE7C4
:1079AC0008234246D1E7012B46D1BDF80C302D48B7
:1079BC00C3F38311062928BF062161F38913023111
:1079CC0001F00F018900ADF80C30FFF7CFFC064633
:1079DC0090B3FFF7F8FC0023082203A93046FFF709
:1079EC0005FD0027BDF80C30C3F38313BB42B4D99B
:1079FC0002994B1CC1F3090102930331BB000833FC
:107A0C00042204EB81013046FFF7F0FC0137E9E773
:107A1C003046FFF7DCFCFFF725FF80F00100C0B219
:107A2C00B8E7FB685B7923B13B6831461B68384685
:107A3C009847FB681F6894E72C6954B90B4B0C48AA
:107A4C000C49C01AC008000440F0020000F06EF8A7
:107A5C00E1E7236820469B689847E3681C68ECE7DD
:107A6C00E4770020909D0F00F0770020049D0F001C
:107A7C000C9D0F0022C80F002DE9F34704460F465A
:107A8C001846914601A901229846FFF70FFE019D69
:107A9C00214EA81C0023434533D120480021FEF77A
:107AAC0020FE80F3100A1E4B1E4A4FEA14499B1A03
:107ABC00B9EBD30F04D31C4940F2A910FEF756FDC5
:107ACC006B1CC3F30903E10006EB830301F03801DF
:107ADC0049EA0A40C5F3090541F00101D8600335B4
:107AEC0041EA8811337841EA872146F825101BB109
:107AFC00FFF7C2FE0028FBD1FFF7B2FE02B0BDE8D3
:107B0C00F0871918C1F3090106EB810159F82320FC
:107B1C00CA600133BFE700BFE47700200088002073
:107B2C007C9D0F00049D0F00D3C70F0000231A4645
:107B3C00FFF7A2BF07B50123019201AAFFF79CFF33
:107B4C0003B000BD07B5CDE9002302236A46FFF759
:107B5C0093FF03B000BD1FB5CDE90123069B039332
:107B6C0001AA0323FFF788FF05B000BD1FB5CDE9BF
:107B7C000023069B0293079B03936A460423FFF79B
:107B8C007BFF05B000BD7FB5CDE90123089B0393B6
:107B9C00099B04930A9B059301AA0523FFF76CFF2D
:107BAC0007B000BD2DE9F7430446D01C16468008EB
:107BBC008846002201A9FFF779FD019F244DB81CCE
:107BCC00C0F30900C0F58063B6EB830F00F103002E
:107BDC004FEA830905EB80002AD83246414600F073
:107BEC005DFD1C480021FEF77CFD80F310007B1C22
:107BFC00C3F3090305EB8303220CC7F3090742EA1D
:107C0C0000420337DA60E30055F8272003F038030D
:107C1C0043F0020343EA865302F47C12134345F803
:107C2C0027302B787BB9FFF71BFE03B0BDE8F08340
:107C3C004A46414600F032FDA6EB090208EB090169
:107C4C0005F10C00CBE7FFF717FE0028FBD1EAE7A4
:107C5C00E47700200088002030B50E4C2269002308
:107C6C00114629B9C1680B717AB920610A600AE022
:107C7C00C9680D79AB4201D00968F2E701330A2BD0
:107C8C00EED14FF0FF33184630BDD26814680C604B
:107C9C001060F8E7E487002038B5084B03F58052F4
:107CAC00012514691D7004B938BDE3685D71236842
:107CBC0020465B689847E3681C68F4E7E47700208B
:107CCC0010B5037A052B0C460FD0437A23B1084A22
:107CDC0008492046FEF706FE07492046FEF702FE3D
:107CEC002046BDE81040FEF7EBBD002AF8D0F3E7C4
:107CFC0037C80F00FFBD0F0059C80F00C38873B5FC
:107D0C0004460D4633B1144A00921449144A2846CD
:107D1C00FEF7E8FD217A05291CD0637A4BB1A088C7
:107D2C00FFF788FD0F4B104953F820202846FEF72B
:107D3C00D9FD227A0D4BA08853F822600021FFF761
:107D4C005DFD0B4903463246284602B0BDE8704043
:107D5C00FEF7C8BD02B070BD37C80F0044C80F0095
:107D6C003CC80F00B0CF0F00FFBD0F00D4CF0F00E9
:107D7C005CC80F002DE9F04385B01F460C9D002315
:107D8C0095F80C902B7306460C46904629463846BF
:107D9C00FFF7B4FFB8F1060F09D8DFE808F00412BA
:107DAC00181F2833400031462846FEF79BFD002261
:107DBC0029463846FFF784FF85F80C9005B0BDE8DE
:107DCC00F083226831462846FEF78CFDEFE7D4E9B4
:107DDC00002331462846FEF785FDE8E7A3680093AB
:107DEC00D4E9002331462846FEF77CFDDFE7E36843
:107DFC000193A3680093D4E9002331462846FEF78B
:107E0C0071FDD4E723690293E3680193A36800939F
:107E1C00D4E9002331462846FEF764FDC7E76369C1
:107E2C00039323690293E3680193A3680093D4E955
:107E3C00002331462846FEF755FDB8E708292DE901
:107E4C00F04780460E4617461C4635D8002593F859
:107E5C000C901D7319461046FFF750FFAE422DD9FA
:107E6C0018F805201B492046FEF73CFD0135082D6E
:107E7C00F4D119492046FEF735FD4FF0000A56455E
:107E8C0023D918F80A507E2D1DD8284600F088FCFE
:107E9C00002814BF2A462E2210492046FEF722FD48
:107EAC000AF1010ABAF1080FE9D10122214638463C
:107EBC00FFF706FF84F80C90BDE8F08708492046D0
:107ECC00FEF710FDD2E72E22E6E706492046FEF724
:107EDC0009FDE5E766C80F0070C80F0072C80F00F7
:107EEC006CC80F006EC80F000369C26893429CBF38
:107EFC0081685B18013B981A70472DE9F041D0E975
:107F0C00027405463E1B4068964220448846144441
:107F1C0004D900F0C3FBEC60BDE8F0813246E41BF1
:107F2C0000F0BCFB6868224608EB0601F1E72DE97E
:107F3C00F843C5680646894617464FF00008336972
:107F4C00B46870689D4228BF1B19641BBC4203F1C6
:107F5C00FF3328BF3C465B1B9C4228BF1C4649464E
:107F6C002844224600F09AFBB3682544AB4208BF74
:107F7C0000253F1BA044A144F560E0D14046BDE87C
:107F8C00F88300001149124A022310B5C1E90433E9
:107F9C00104B8A61CB618A644FF480530E4A0B629A
:107FAC000C460023CA6410228B624B62CB628B6539
:107FBC004B65CB650A65E01D084900F057FB084985
:107FCC00204600F053FB2023A37110BD7C990020A8
:107FDC00C0C80F007C8900206C890020C9C80F0024
:107FEC00CDC80F00F8B5144B182600FB06651D44D0
:107FFC0006FB00330F46DB6A012B14460AD0022B1A
:10800C0014D023B92846FFF76FFF844208D9002407
:10801C002046F8BD2846FFF767FF844228BF044678
:10802C00224639462846FFF768FFF1E72846BDE8A7
:10803C00F840FFF77CBF00BF7C990020FFF7A2BF80
:10804C0010DF704711DF704713B5044609496846C5
:10805C00FFF704FA019808B902B010BDD0E900315D
:10806C002046984718B16846FFF710FAF2E711203E
:10807C00F2E700BF00D00F0013B50446074968466D
:10808C00FFF7ECF9019B0BB902B010BD2046D3E908
:10809C00002190476846FFF7F9F9F3E7F4CF0F009A
:1080AC000B4991F81623EC2352091341DB0706D533
:1080BC00084B9A683AB94FF480030B60704742F250
:1080CC000200F9F7B9BA1A6842F480021A607047D4
:1080DC0000E100E088750020084B9A6822B11A680C
:1080EC0022F480021A607047054B4FF48002C3F8EB
:1080FC008020BFF34F8FBFF36F8F704788750020C0
:10810C0000E100E0F7B5194F3C7864BB184E01252F
:10811C0020463570FFF798FF112821D02046FFF735
:10812C00ABFF144B8DF80340186801900DF1030060
:10813C00FEF7B2F9104901A8FFF782FF0446B0FA26
:10814C0080F0400938709DF80300FEF7D3F93CB974
:10815C000A4B34701C70FFF7A3FF2846FFF78CFF07
:10816C00204603B0F0BD0824FAE700BFF6990020C2
:10817C00F49900200CD00F0019160F00F59900206F
:10818C00F7B5154F3B781BB3144E01203070FFF739
:10819C005BFF11284FF000051CD00220FFF76CFF8D
:1081AC000DF107008DF80750FEF776F9FFF74AFF3F
:1081BC0004469DF807003D70FEF79CF92CB903208E
:1081CC003470FFF789FFFFF757FF204603B0F0BD6F
:1081DC000824FAE72C46F8E7F6990020F4990020D9
:1081EC00054B1B7833B1054B1B780BB1FFF7C8BFA0
:1081FC00FFF788BF08207047F4990020F6990020FB
:10820C00014B1878704700BFF699002007B5074955
:10821C006846FFF723F9019B0BB903B000BDD3E906
:10822C00002090476846FFF731F9F4E7E8CF0F00DC
:10823C00FFF7ECBF60DF704769DF704761DF7047A5
:10824C0030B54FF4FA75ADF5017D0DF1020103A8BF
:10825C00ADF80250FFF7F2FF70B90D4901A8FFF716
:10826C00FDF8029B002BF0D003A8D3E90021904726
:10827C0001A8FFF70BF9F4E7052805D00DF5017DF2
:10828C00BDE83040F9F7D8B90DF5017D30BD00BF20
:10829C0010D00F00024B1B780BB1FFF7D1BF70470A
:1082AC00F799002018B1034B0360002070470E2093
:1082BC00704700BF0841002030B5054685B00C461C
:1082CC00002900F0A3800023CDE90133504A039329
:1082DC0001230A608DF804008DF8063001A90623ED
:1082EC002020ADF80830FFF7A7FF60B1FFF704F9C5
:1082FC004849494B5B1ADB081B040246474943F0CB
:10830C000100FFF717FC0023CDE90133039322682A
:10831C00012301A940208DF80530FFF78DFF60B1D6
:10832C00FFF7EAF83B493C4B5B1ADB081B0402469F
:10833C003B4943F00100FFF7FDFB0023CDE901337E
:10834C00039322688DF80450F72301A92320ADF87C
:10835C000630FFF771FF60B1FFF7CEF82D492E4BB9
:10836C005B1ADB081B0402462E4943F00100FFF7A1
:10837C00E1FB002301202268039301A9CDE901331D
:10838C008DF80400FFF758FF60B1FFF7B5F82149ED
:10839C00214B5B1ADB081B040246234943F0010006
:1083AC00FFF7C8FB0023CDE9023322684FF4B0631A
:1083BC0001A9A1200193FFF73FFF60B1FFF79CF8E3
:1083CC001449154B5B1ADB081B040246174943F092
:1083DC000100FFF7AFFB00232268039301A9A02043
:1083EC00CDE90133FFF728FF10B9002005B030BDEF
:1083FC00FFF782F80749084B5B1ADB081B0402469F
:10840C000B4943F00100FFF795FBEEE70E20EDE77B
:10841C0008410020049D0F006C9D0F00DCC80F006C
:10842C0022C90F006EC90F00B5C90F0001CA0F0099
:10843C0052CA0F00F8B506460768FFF7FBFE336813
:10844C00BB4205461ED91A4B1A4C1B49E41AE408C8
:10845C00240444F00200FFF769FB336817493A46DD
:10846C0044F00200FFF76EFB4FF080533268D3F8F4
:10847C000C3113499B0203F100539A1A44F0020089
:10848C00FFF758FB25B90F4B01221A702846F8BD8F
:10849C002846FFF731F80649064B5B1ADB081B042C
:1084AC000246094943F00100FFF744FBEEE700BF29
:1084BC00049D0F006C9D0F00A5CA0F00D4CA0F00BD
:1084CC0005CB0F00F79900202FCB0F004BDF704727
:1084DC001FB501A8FFF7FAFF70B90C4902A8FEF707
:1084EC00BDFF039B002BF4D00198D3E900219047EA
:1084FC0002A8FEF7CBFFF4E7052804D005B05DF821
:10850C0004EBF9F799B805B000BD00BF1CD00F0003
:10851C0038B1054B0360054B436001230372002007
:10852C0070470E20704700BF63850F003D850F001C
:10853C0069B10B78022B0CD1022804D0032814BF8C
:10854C0008201120704703230B70002070470E2069
:10855C0070470820704710B50C4681B10B78012B81
:10856C0006D00ED9033B012B94BF0820112010BD5F
:10857C00FCF76EFB0028FAD102232370F7E70E20DC
:10858C00F5E70820F3E7000070B58169124B134A38
:10859C0011F8025C0446D21A45B900690C21B2FBF1
:1085AC00F1F200218A4204D1012010E04FF0FF309B
:1085BC00F4E71E68AE420CD1461C02D05E688642BF
:1085CC0007D19D68D4E90001D4E90223A8472060B3
:1085DC0070BD01310C33E5E7F89C0F00049D0F00D2
:1085EC001EF0040F0CBFEFF30880EFF30980FFF7C8
:1085FC00CBBF00BF00B5042A8E4609D350F8043B0C
:10860C005EF804CB634505D1043A032A7146F5D8CC
:10861C009AB10368086880EA030191FAA1F1B1FAF2
:10862C0081F1B2EBD10F08D901F0380123FA01F234
:10863C00D2B2C840C0B2101A00BD002000BD0178F3
:10864C0089B14FF0013C0346194653F8042BCCFA80
:10865C0052F2002AF8D092FAA2F2B2FA82F201EBAC
:10866C00D201081A70470020704700000246F0B48F
:10867C004FF00137FB0151F8044BE51BA5431D409E
:10868C0002D142F8044BF6E7091FF0BC11F8013B8C
:10869C0002F8013B002BF9D1704700005AB3844615
:1086AC0090EA01039B071FD1830707D011F8013B08
:1086BC0000F8013B521EF7D11CE08446203A09D346
:1086CC002DE9F007B1E8F807A0E8F807203AF9D24D
:1086DC00BDE8F0071C3205D451F8043B40F8043BCC
:1086EC00121FF9D2043205D011F8013B00F8013BFE
:1086FC00521EF9D16046704700220B0011001A007F
:10870C0084465AB3830704D000F8011B521EF9D1DA
:10871C0024E0C9B241EA012141EA0141202A11D3E6
:10872C00203A2DE9F0030B460C460D460E460F463B
:10873C0088468946A0E8FA03203AFBD2BDE8F0034C
:10874C0020320BD0042A05D340F8041B121F05D08D
:10875C00042AF9D200F8011B521EFBD16046704767
:10876C0084460020002918BF002A0ED0097848B290
:10877C0000280BD4BCF1000F18BFCCF8001000215E
:10878C00C3E90011002818BF012070476FF00100E9
:10879C0070477F298EBF6FF0010001700120704778
:1087AC0049F6F811C2F200010968002904BF44F22D
:1087BC007011C2F20001496889680A6809211047E2
:1087CC007F280BD84DF2BC12C0F20F024DF23C23A5
:1087DC00C0F20F03105C595C0840704700207047D2
:1087EC00A0F161011A2938BF20387047A0F141016E
:1087FC001A2938BF203070477F280BD84DF2BC1295
:10880C00C0F20F024DF23C23C0F20F03105C595C16
:10881C000840704700207047A0F161011A2938BF49
:10882C0020387047A0F141011A2938BF2030704719
:10883C0030B10268034B04489A4208BF00207047CD
:10884C0002487047DD55AABB8208F0007108F000A1
:10885C0038B50D460446B0B1A0220021043000F01A
:10886C0049FD95B10822294604F1640000F048FD49
:10887C00082205F1200104F1840000F041FD044BB5
:10888C002360002038BD0348FCE70348FAE700BF2B
:10889C00DD55AABB7108F0008308F0002DE9F74301
:1088AC0005460E461F461146FFF7C2FF0446002838
:1088BC0040F08280002E00F08380002900F082803E
:1088CC00202F40F0818005F14404082205F10409B1
:1088DC00204600F015FD05F12408082231464846D3
:1088EC0000F00EFD06F120010822404600F008FDC4
:1088FC0001A94FF48070019700F0A0FA002865D10F
:10890C00334A4FF48073136001219360314A08237A
:10891C0000F04AFB012108462F4A052300F044FBD6
:10892C0008234A4601211C2000F03EFB0823424646
:10893C000121032000F038FB2246082301210220EC
:10894C0000F032FB254A082301211A2000F02CFBF1
:10895C00234A052301211B2000F026FB214A082372
:10896C000121142000F020FB1F4A082301211520AF
:10897C0000F01AFB082305F164020121162000F017
:10898C0013FB082305F184020121172000F00CFBD6
:10899C000823164A01210B2000F006FB00F062FBB5
:1089AC000446019800F0EEFA114B002C18BF1C463F
:1089BC00A421284600F0A0FC204603B0BDE8F083BB
:1089CC000C4CF9E70C4CF7E70C4CF5E7084CEFE7CF
:1089DC0090B002508CD20F0004D30F004CD20F0079
:1089EC00F0D20F00B0D20F00D0D20F006CD20F001B
:1089FC008408F0007608F0008008F0008108F00090
:108A0C0037B50193069B009304461546FFF720FFEC
:108A1C0040B9DDE900322946204603B0BDE83040BC
:108A2C00FFF73CBF03B030BD0C4BC2691A608269C2
:108A3C0043F8042C426943F8082C026943F80C2CC7
:108A4C00C26843F8102C826843F8142C426843F82F
:108A5C00182C026843F81C2C704700BF5CB60250FF
:108A6C000C4B1B68C3610C4B1B6883610B4B1B6865
:108A7C0043610B4B1B6803610A4B1B68C3600A4BB9
:108A8C001B688360094B1B684360094B1B680360C0
:108A9C00704700BF5CB6025058B6025054B6025034
:108AAC0050B602504CB6025048B6025044B6025072
:108ABC0040B6025030B10268034B04489A4208BFDA
:108ACC000020704702487047DD55AABB0202F00037
:108ADC000002F00013B5044670B10430702101900F
:108AEC0000F00AFC01980549202200F001FC044B1F
:108AFC002360002002B010BD0248FBE728D30F0012
:108B0C00DD55AABB0002F0002DE9FF47254B0446BA
:108B1C000F4615460FCBE84688E80F0025B900260E
:108B2C00304604B0BDE8F0872046FFF7C3FF064689
:108B3C000028F5D1666A231D01938EBB206FC0B14E
:108B4C00C0F14009A94528BFA94604F1300A4A469C
:108B5C003946504400F0CCFB226F4A44402A4F4423
:108B6C002267A5EB090504D15146404600F0D6FB1F
:108B7C00266705F03F0935F03F0505D039462A46F2
:108B8C00404600F0CBFB2F44B9F1000FC7D04A464A
:108B9C00394604F1300000F0ABFBC4F87090BFE72D
:108BAC00014EBDE718D30F000C02F0002DE9FF4178
:108BBC00144B04460D460FCBE84688E80F002046C0
:108BCC00FFF778FF0746B0B9CDB1636A261D019651
:108BDC003BB90123226F636204F13001404600F07F
:108BEC009DFB3346043D243453F8042B12BAA342A4
:108BFC0045F8042FF8D1384604B0BDE8F081024F97
:108C0C00F9E700BF18D30F000502F000084B1B68F2
:108C1C001B0EF02B08D1074B1A68074B9A4205D153
:108C2C00064B0020186070470520704706207047DF
:108C3C0028B9025024BA02500000E0200CBA0250AD
:108C4C00002230B549001346023840F6FC759400FA
:108C5C0004F1A04404F52C34904202F10102CABF85
:108C6C00236025605B181E2AF1D1044A13600B4463
:108C7C005360034B034A1A6030BD00BF78B00250FA
:108C8C0084B0025020F80F0030B51F4B85B01A4647
:108C9C00196800910099CC07FAD500F1A05000F5A5
:108CAC002C408000016813680193019BD807FAD50A
:108CBC00164B174C1B68174D13F11F0048BF03F1DF
:108CCC003E0040110138002810DA00230130400129
:108CDC0053B1A0F120014FF00042134204D10138EE
:108CEC0088424FEA5202F8D105B030BD13680393A5
:108CFC00039BDB07FAD5431823602B680293029B76
:108D0C00002BE3D10138DEE7B4B00250ACB0025016
:108D1C00E4B00250DCB00250F0B51D6885B001F033
:108D2C001F040DB91F2C25D1154D2E462F68019708
:108D3C00019FFF07FAD500F1A05000F52C408000F0
:108D4C00006835680395039DED07FAD50D4D00EBD2
:108D5C00611028600C48006802901F2C18BFC94392
:108D6C0002980FBF106001F01F0100FA01F11160B1
:108D7C000021196010684300C00F136005B0F0BDEE
:108D8C00B4B00250E4B00250DCB002500C4B18608E
:108D9C003F3020F03F008901403058609960D96025
:108DAC001961596199610748D9611C3382B0026815
:108DBC000192019AD207FAD5196002B0704700BF30
:108DCC0090B00250B4B0025038B5A0F12003B3F506
:108DDC00426F05462CD88F2826D800F1470300F1A6
:108DEC006604DB064FEA541400D0013464013F34AE
:108DFC00A409013411B18C421AD80C46E3004FF48B
:108E0C008050B0FBF3F0202828BF202002B1106066
:108E1C00084B01221A602146FFF712FF2846214613
:108E2C00FFF7B4FF002038BD00F11F046409DDE733
:108E3C000148F8E71CB802502221F0000A46002134
:108E4C00FFF7C2BF2DE9F041484B88B01C461D68A6
:108E5C000195019DEF07FAD5454BDFF820E1454F11
:108E6C0013449B000A181B681E2A88BFC0F11E0100
:108E7C001F330A185B095A43B2F5806F88BF4FF451
:108E8C0080614FF0000203F1010588BFB1FBF3F1E3
:108E9C00944688BF091A25F001058000914233DC05
:108EAC0022680492049AD207FAD5334A12682168D0
:108EBC0005910599CF07FAD530482E49026000225A
:108ECC0015469A4246D15A1C2A4D194622F00102E7
:108EDC0000268A4241D8216806910699CE07FAD518
:108EEC002749096825680795079DED07FAD50160A4
:108EFC00002120480C46994232D11E4900209A424A
:108F0C0031D808B0BDE8F08126680296029EF607BB
:108F1C00FAD500F1A04606F52C363668D4F8008058
:108F2C00CDF80C80DDF80C8018F0010FF6D0CEF8DF
:108F3C00006000269E4205D11E46B54206D801327D
:108F4C000430ABE7C7F800C00136F3E7C7F800C040
:108F5C000136F2E70D600132B3E72E600131B8E75C
:108F6C0004600131C7E708600133C8E7B4B00250B0
:108F7C0024AC0014D8B002507CB00250D4B00250D3
:108F8C0078B0025008B540B1202801464FF00702D6
:108F9C0028BF20210020FFF755FF024B00221A604A
:108FAC0008BD00BF1CB80250F0B52A4D85B02C4648
:108FBC002E680096009EF707FAD500F1A05000F538
:108FCC002C4080000568206801900198C607FAD5EE
:108FDC00214E2248356002EB8307BA422BD15A1C32
:108FEC001E4822F0010200279A4229D823680293D6
:108FFC00029BD807FAD51A4B0B449B0018681F30FC
:10900C00B2EB501F4FEA501313D22168039103990E
:10901C00C907FAD5154400219B1A104A3560084639
:10902C008B4210D85A1C0D4922F0010200209A42A2
:10903C000CD805B0F0BD52F804CBC0F800C0CCE79A
:10904C0007600133D0E710600131E9E708600133B4
:10905C00EDE700BFB4B00250D4B00250D8B002500B
:10906C0024AC00142DE9F041834B1D689868203323
:10907C00A0B01E461A680192019AD207FAD57F4C0D
:10908C007F4B236033680293029BDF07FAD57D4B3D
:10909C0023607D4B1F461A680392039AD107FAD5B9
:1090AC007A4B1968C1F3402132680492049AD207B2
:1090BC00FAD5774A22603A680592059AD207FAD512
:1090CC001A68C2F34022002900F0D180002A00F077
:1090DC00CE8032680692069AD107FAD56D4A226084
:1090EC003A680792079AD207FAD51A68C2F3402257
:1090FC00316808910899C907FAD567492160396820
:10910C0009910999C907FAD51B68C3F34023002AB2
:10911C0000F0AF80002B00F0AC8033680A930A9B00
:10912C00DA07FAD5564B236033680B930B9BDB079E
:10913C00FAD55A4A226033680C930C9BDF07FAD598
:10914C00574B236033680D930D9BD907FAD5554BBC
:10915C00236033680E930E9BDB07FAD5524B2360CA
:10916C0033680F930F9BDF07FAD5504B2360504B9E
:10917C001E46196810911099C907FAD53F4C4D4BF2
:10918C00236033681193119BDB07FAD54A4B23609C
:10919C0033681293129BDF07FAD5484B23603A4B86
:1091AC009846196813911399C907FAD5324F38604C
:1091BC0033681493149BDB07FAD52260336815933C
:1091CC00159BD807FAD53E4B236033681693169B34
:1091DC00D907FAD53B4B236033681793179BDA07F3
:1091EC00FAD5394B236033681893189BDB07FAD5F3
:1091FC00364B236033681993199BD807FAD5344B37
:10920C00236033681A931A9BD907FAD5314B236024
:10921C0033681B931B9BDA07FAD52F4B236000F0A6
:10922C0033FC08BBD8F800301C931C9BDB07F9D52A
:10923C003D6033681D931D9BD907FAD5274B2360DE
:10924C0033681E931E9BDA07FAD5254B2360D8F89A
:10925C0000301F931F9BDB07F9D50C4B1B6813F4D5
:10926C00805F204B08BF184620B0BDE8F0811E4837
:10927C00FAE71E48F8E700BF90B0025080B00250E9
:10928C0000100251C01F7229B4B0025088B00250B5
:10929C00C0CF0129C01F0E29C03F0029400102493F
:1092AC00003184A800001649400108A180440888B8
:1092BC00B0B00250C044708880077A41C0077E412C
:1092CC0000006A498006164940006E4900020021E0
:1092DC0000822021408220218082242140A161A192
:1092EC0000C861510308F1000108F1000208F10007
:1092FC00FFF7D4B9FFF704BA0A460021FFF700BA0A
:10930C0001EB820204388A4201D10020704752F8E6
:10931C00043D1BBA40F8043FF5E700002DE9F74F78
:10932C00314B4468054691469A461A68002AFCD18E
:10933C002E4B9B461A68002AFCD14FF0FF3001914E
:10934C0000F094FC802000F097FC294E294ADFF8AD
:10935C00B880294F012307203360A2F59E72C2F812
:10936C003C011360636AC8F80030A36A3B602B6849
:10937C0042F8043CAB68204698470199DAF8003073
:10938C00002BFBD1B9F1000F20D11C4B04221A6029
:10939C00DAF80030002BFBD1DBF80090B9F1000FAC
:1093AC00FAD1EB6820469847D8F8003063623B68E6
:1093BC00A362134BC3F80090C3F84491DAF8003061
:1093CC00002BFBD1336003B0BDE8F08F236A012B77
:1093DC0004BF0B4A13600B4B40201960C3F8049078
:1093EC0000F050FCD4E700BF10B9025020BC025072
:1093FC0018B8025000B90250D0B70250C8B702508A
:10940C0084B6025028BC0250CCB7025010B5544B55
:10941C0098B019461A680192019AD207FAD5514BA5
:10942C00514A1A600A680292029AD407FAD54F4A36
:10943C001A600A680392039AD007FAD54C48186050
:10944C000A680492049AD207FAD54A4A1A600A6842
:10945C000592059AD407FAD5474A1A600A6806920B
:10946C00069AD207FAD5454A1A600A680792079AF3
:10947C00D407FAD5424A1A600A680892089AD207A9
:10948C00FAD5404A1A600A680992099AD407FAD5A3
:10949C003D4A1A600A680A920A9AD207FAD53B4AE0
:1094AC001A600A680B920B9AD407FAD5384A1A60DC
:1094BC000A680C920C9AD207FAD5364A1A600A68D6
:1094CC000D920D9AD407FAD5334A1A600A680E9297
:1094DC000E9AD207FAD5314A1A600A680F920F9A7F
:1094EC00D407FAD52E4A1A600A681092109AD2073D
:1094FC00FAD52C4A1A601A4B19461C681194119C07
:10950C00E407FAD5174B1860086812901298C40734
:10951C00FAD51A600A681392139AD007FAD5124A30
:10952C001A600A681492149AD207FAD51E4A1A6065
:10953C000A681592159AD407FAD51C4A1A600A685B
:10954C001692169AD007FAD5194A1A600A68179219
:10955C00179AD207FAD5174A1A6018B010BD00BF77
:10956C00B0B0025080B002500093652100043190DD
:10957C00409665900083612100C3302100C3649044
:10958C00008161900046102100811121004144218D
:10959C0000C320290C4610C80086312100C360216D
:1095AC0040C1282940966521001331904096252909
:1095BC00594614C84004324910B5494B94B0194669
:1095CC001A680092009AD207FAD5464B464A1A609E
:1095DC000A680192019AD407FAD5444A1A600A68BB
:1095EC000292029AD007FAD5414818600A68039291
:1095FC00039AD207FAD53F4A1A600A680492049A71
:10960C00D407FAD53C4A1A600A680592059AD20723
:10961C00FAD53A4A1A600A680692069AD407FAD51D
:10962C00374A1A600A680792079AD207FAD5354A60
:10963C001A600A680892089AD407FAD5324A1A6056
:10964C000A680992099AD207FAD5304A1A600A6850
:10965C000A920A9AD407FAD52D4A1A600A680B9214
:10966C000B9AD207FAD52B4A1A600A680C920C9AFC
:10967C00D407FAD5284A1A600A680D920D9AD207B7
:10968C00FAD5264A1A600A680E920E9AD407FAD5B1
:10969C00234A1A600A680F920F9AD207FAD5214A08
:1096AC001A600F4B19461C681094109CE407FAD5ED
:1096BC000C4B1860086811901198C407FAD51A6001
:1096CC000A681292129AD007FAD5174A1A600A68D9
:1096DC001392139AD207FAD5144A1A6014B010BD1B
:1096EC00B0B0025080B00250809065210004099007
:1096FC0040966590808061218020082180206490B4
:10970C00008161900046102100811121004144210B
:10971C0080202029024610C8008609218020602163
:10972C00402128294096652140962529594614C880
:10973C0010B5504B96B01C461A680192019AD2078C
:10974C00FAD54D4B4D4A1A6022680292029AD20702
:10975C00FAD54B4A1A604B4A42EA8040226803927F
:10976C00039AD207FAD5186022680492049AD0079B
:10977C00FAD5454A1A60A2F5800242EA8141226874
:10978C000592059AD207FAD5196022680692069AB4
:10979C00D007FAD53D4A1A6022680792079AD1077A
:1097AC00FAD53B4A1A6022680892089AD207FAD571
:1097BC00384A1A6022680992099AD007FAD5364AB3
:1097CC001A6022680A920A9AD107FAD5334A1A60AB
:1097DC0022680B920B9AD207FAD5314A1A6022688A
:1097EC000C920C9AD007FAD52E4A1A6022680D9268
:1097FC000D9AD107FAD52C4A1A6022680E920E9A4D
:10980C00D207FAD5294A1A6022680F920F9AD0070C
:10981C00FAD5274A1A60216810911099C907FAD510
:10982C001A60144B1A46196811911199C807FAD588
:10983C00114B20491960116812911299C907FAD578
:10984C001D491960116813911399CC07FAD50B496E
:10985C001960116814911499C807FAD51749196041
:10986C00116815911599C907FAD5154A1A6016B0E1
:10987C0010BD00BFB0B0025080B002504004419007
:10988C0000862929D81001C8401441904014212980
:10989C00401465210034409000310C90C0400C9075
:1098AC00C030202940960D9000416090031645C8A9
:1098BC000086112100416021594644C8401445904E
:1098CC0040142D9070B5264888B005460468009465
:1098DC00009CE607FAD52348234C0460234C44EA49
:1098EC0083432C680194019CE407FAD5036093012F
:1098FC0043EA824242F0104444F4C0442B68029381
:10990C00029BDE07FAD504602B680393039BDB07ED
:10991C00FAD5174B03608B0143EA814141F01043A8
:10992C0043F4C0432E680496049EF607FAD50360F0
:10993C002B680593059BDE07FAD5046041F058416E
:10994C002B680693069BDC07FAD5016042F058425F
:10995C002B680793079BDB07FAD5026008B070BD34
:10996C00B0B0025080B00250C02102298071009822
:10997C0080611890354B8EB019461A680092009A87
:10998C00D207FAD5324B334A1A600A680192019A0F
:10999C00D007FAD5304A1A600A680292029AD207A6
:1099AC00FAD52E4A1A600A680392039AD007FAD5A0
:1099BC002B4A1A600A680492049AD207FAD5294AEB
:1099CC001A600A680592059AD007FAD5264A1A60D9
:1099DC000A680692069AD207FAD5244A1A600A68CF
:1099EC000792079AD007FAD5214A1A600A6808929A
:1099FC00089AD207FAD51F4A1A600A680992099A7E
:109A0C00D007FAD51C4A1A600A680A920A9AD20739
:109A1C00FAD51A4A1A6008680B900B98C007FAD549
:109A2C001A600A680C920C9AD007FAD5144A1A607C
:109A3C000A680D920D9AD207FAD5124A1A600E21B5
:109A4C000D230F2200200EB0FFF73CBFB0B0025028
:109A5C0080B0025080430129406339218070012974
:109A6C008020542100D13490C0403490C030202943
:109A7C00C0530D9000413890832308C880E3102117
:109A8C0000413821CF4308C82DE9F041012392B0A1
:109A9C00CDE90333624B1E461A680592059AD1072D
:109AAC00FAD5604C604B2360604B19461A680692DD
:109ABC00069AD207FAD55E4B1A68D70400F1A88033
:109ACC0032680792079AD507FAD55A4A22600A6873
:109ADC000892089AD007FAD51B68DA04C3F300374A
:109AEC0000F198801220FFF7CFF805461320FFF7FE
:109AFC00CBF885428CBF12201320FFF7C5F8451E0A
:109B0C00FFF738FF03AB01AA29461220FFF704F92F
:109B1C0004AB804602AA29461320FFF7FDF800EBA0
:109B2C004800022832D003283ED0012874D1336873
:109B3C000993099BDB07FAD53F4B236033680A93E3
:109B4C000A9BD807FAD53D4B236033680F930F9BC4
:109B5C00D907FAD53A4B236033681093109BDA0778
:109B6C00FAD5384B236033681193119BDB07FAD578
:109B7C00354B2360013D25D51023192218210020D7
:109B8C00FFF7A0FE384612B0BDE8F08133680B93A6
:109B9C000B9BD907FAD52D4B236033680C930C9B88
:109BAC00DA07FAD52A4BCFE733680D930D9BDB0709
:109BBC00FAD5284B236033680E930E9BD807FAD541
:109BCC00254BC1E703AB01AA29461220FFF7A4F8E5
:109BDC0004AB044602AA29461320FFF79DF810EBAC
:109BEC00440402D1FFF712FCC4E7FFF7E5FC022C9A
:109BFC0008D0032C09D0012C10D117211620FFF707
:109C0C0097FDB7E715211420F9E70F210E20F6E791
:109C1C00124FB7E7124FB5E7124FB3E7124FB1E748
:109C2C00B0B0025080B0025000084A51B4B002509B
:109C3C0088B0025000084E5100065A4940065E4951
:109C4C00000442410014424940042E490006524986
:109C5C004006564900063A4940063E490608F100BE
:109C6C000708F1000408F1000508F100014B186029
:109C7C00704700BF08BA0250014B1860704700BF14
:109C8C0004BA0250094BC2431A60043B82B01B68F1
:109C9C000193074B019A024204D0064A10601868DF
:109CAC0002B0704720BF1A680192F3E704BA025061
:109CBC00FC99002008BA0250054B4FF0FF321A6095
:109CCC0053F8042C034B1A601A68034B1A60704744
:0C9CDC0004BA0250FC99002008BA0250A3
:089CE8002D340F001D340F00A4
:089CF000513F0F001D3C0F0065
:0C9CF80000000000030000001D850F00AC
:109D040088C10F000000000033C80F0000000404E5
:109D1400DCC10F0000000000DCA60F0000000404FA
:109D240030AD0F0000000404D2AE0F0000000404A4
:109D340004B40F00000004044DB70F000000040435
:109D440085B70F000000040438C00F0000000404AD
:109D54002BC10F0000000404FCC20F000000040427
:109D6400D4C80F00000003034CCB0F000000030312
:089D740058CB0F0000000303AF
:109D7C00E45500202066002031660020EC550020C0
:109D8C00F40000009C880020648900206C8900206D
:089D9C00A4880020180000005B
:109DA40098CF0F0000000000C3C70F0068410020D7
:089DB4007D360F0000000000E5
:089DBC0005700F00000000001B
:089DC400C5710F000000000052
:109DCC00A1820F0000000000DD840F0000000000E5
:089DDC00B9710F000000000046
:109DE4000000000000000000E5400F00001000002B
:049DF400000010005B
:109DF8002E2E2F2E2E2F2E2E2F2E2E2F2E2E2F6D37
:109E08006F64756C65732F6E7266782F68616C2F3E
:109E18006E72665F6770696F2E6800504B45595FB8
:109E2800535441545F535720696E70757431005014
:109E38004B45595F535441545F535720696E7075B1
:109E4800743200646675206F62736572766572207D
:109E580025640052656365697665642061206661E2
:109E6800756C74212069643A203078253038782C54
:109E78002070633A203078253038782C20696E6657
:109E88006F3A2030782530387800526563656976F6
:109E9800656420616E206572726F723A2030782591
:109EA8003038782100496E73696465206D61696E88
:109EB800004166746572206D61696E2C2073686F4D
:109EC800756C64206E6576657220626520726561C6
:109ED800636865642E00696E207765616B206E7219
:109EE800665F6466755F696E69745F757365720035
:109EF800526573657474696E6720626F6F746C6FF6
:109F0800616465722E00496E61637469766974795B
:109F18002074696D656F75742E00496E206E7266C7
:109F28005F626F6F746C6F616465725F696E69748C
:109F380000426F6F742076616C69646174696F6E3A
:109F4800206661696C65642E204E6F2076616C69AD
:109F5800642061707020746F20626F6F742E0042ED
:109F68006F6F742076616C69646174696F6E2066C6
:109F780061696C65642E20536F6674446576696305
:109F8800652069732070726573656E7420627574DC
:109F980020696E76616C69642E00426F6F7420765A
:109FA800616C69646174696F6E206661696C65646F
:109FB8002E2041707020697320696E76616C696427
:109FC8002E004170702069732076616C69640044CA
:109FD8004655206D6F646520626563617573652001
:109FE800617070206973206E6F742076616C69648B
:109FF8002E00444655206D6F646520726571756545
:10A00800737465642076696120475052454752450C
:10A01800542E00556E726561636861626C65004517
:10A028006E746572206D61696E206C6F6F7000438D
:10A038003A5C6E72665C6E5246355F53444B5F31D4
:10A04800372E312E305F646464653536305C636F5B
:10A058006D706F6E656E74735C6C69627261726943
:10A0680065735C626F6F746C6F616465725C6E724D
:10A07800665F626F6F746C6F616465722E63005205
:10A08800756E6E696E67206E72665F626F6F746C54
:10A098006F616465725F6170705F73746172742060
:10A0A8007769746820616464726573733A203078E4
:10A0B800253038780044697361626C696E6720697D
:10A0C8006E74657272757074732E204E5649432DE6
:10A0D8003E494345525B305D3A203078257800464A
:10A0E80061696C65642072756E6E696E67206E7248
:10A0F800665F6466755F6D62725F6972715F666FD5
:10A1080072776172645F616464726573735F7365AB
:10A1180074282900436F756C64206E6F7420707208
:10A128006F7465637420626F6F746C6F61646572BD
:10A1380020616E642073657474696E677320706142
:10A148006765732C20307825782E00436F756C6412
:10A15800206E6F742070726F7465637420536F661D
:10A168007444657669636520616E64206170706C03
:10A1780069636174696F6E2C20307825782E0043EE
:10A188003A5C6E72665C6E5246355F53444B5F3183
:10A19800372E312E305F646464653536305C636F0A
:10A1A8006D706F6E656E74735C6C696272617269F2
:10A1B80065735C626F6F746C6F616465725C6E72FC
:10A1C800665F626F6F746C6F616465725F617070F7
:10A1D8005F73746172745F66696E616C2E6300747C
:10A1E800696D65725F73746F7020283078257829DF
:10A1F8000074696D65725F61637469766174652066
:10A2080028307825782900433A5C6E72665C6E5275
:10A2180046355F53444B5F31372E312E305F6464CF
:10A2280064653536305C636F6D706F6E656E747320
:10A238005C6C69627261726965735C626F6F746C81
:10A248006F616465725C6E72665F626F6F746C6F6B
:10A25800616465725F6466755F74696D6572732E9B
:10A26800630074696D65725F66697265202830786D
:10A2780025782900566572696679696E6720424CAF
:10A288003A20416464723A203078253038782C209E
:10A298005372633A203078253038782C204C656E1C
:10A2A8003A20307825303878004E6F20626F6F740E
:10A2B8006C6F6164657220636F7079206E65656488
:10A2C80065642C20626F6F746C6F616465722075B1
:10A2D800706461746520636F6D706C6574652E00C1
:10A2E800436F7079696E6720626F6F746C6F616419
:10A2F80065723A205372633A203078253038782CCA
:10A30800204C656E3A2030782530387800526571D7
:10A318007565737420746F20636F707920424C20C8
:10A328006661696C6564004E6F20636F7079206E9A
:10A33800656564656400433A5C6E72665C6E52469D
:10A34800355F53444B5F31372E312E305F64646480
:10A35800653536305C636F6D706F6E656E74735CF7
:10A368006C69627261726965735C626F6F746C6F3D
:10A37800616465725C6E72665F626F6F746C6F6148
:10A388006465725F66775F61637469766174696F2B
:10A398006E2E6300436F7079696E67203078257878
:10A3A80020746F20307825782C2073697A653A20DC
:10A3B80030782578004661696C656420746F207771
:10A3C8007269746520696D61676520636F7079696A
:10A3D8006E672070726F677265737320746F207375
:10A3E800657474696E677320706167652E00456EC9
:10A3F800746572206E72665F626F6F746C6F6164F1
:10A4080065725F6466755F73645F636F6E74696EAF
:10A41800756500536F757263652061646472657356
:10A428007320646F6573206E6F7420636F6E746140
:10A43800696E20612076616C696420536F6674448C
:10A4480065766963652E00534420616C72656164AA
:10A458007920636F70696564005570646174696E12
:10A46800672053442E204F6C642053442076657235
:10A478003A2025642C204E6577207665723A20258F
:10A4880064004661696C656420746F20636F70793D
:10A49800206669726D776172652E00456E7465720B
:10A4A800206E72665F626F6F746C6F616465725F55
:10A4B80066775F61637469766174650056616C697B
:10A4C800642041707000456E746572206E72665F1C
:10A4D8006466755F6170705F636F6E74696E7565D1
:10A4E8000053657474696E67206170702061732011
:10A4F80076616C69640043524320636F6D707574B4
:10A508006174696F6E206661696C656420666F723C
:10A5180020636F70696564206170703A207372639C
:10A52800206372633A203078253038782C207265A1
:10A5380073206372633A203078253038780056618A
:10A548006C69642053440056616C696420424C0075
:10A5580056616C6964205344202B20424C00456EA0
:10A56800746572206E72665F6466755F73645F629D
:10A578006C5F636F6E74696E75650053442B424C53
:10A588003A20534420636F7079206661696C656472
:10A598000053442B424C3A20424C20636F70792080
:10A5A8006661696C6564004E6F206669726D7761DB
:10A5B800726520746F2061637469766174652E001A
:10A5C80041637469766174696F6E206661696C6550
:10A5D800642077697468206572726F722025642020
:10A5E8002862616E6B20636F64653A203078257845
:10A5F80029004120536F6674446576696365206855
:10A608006173206A757374206265656E2061637476
:10A618006976617465642E2049742773206C696BB0
:10A62800656C79207468617420616E206170706C4B
:10A6380069636174696F6E2077696C6C20636F6DF4
:10A648006520696D6D6564696174656C7900436F37
:10A65800756C64206E6F74207772697465207365F9
:10A668007474696E67732E00496E7465726E616CDE
:10A6780020666565640057445420656E61626C65A8
:10A6880064204352563A2564207469636B730053FF
:10A6980074617274696E6720612074696D657220D7
:10A6A800282564207469636B732920666F7220669D
:10A6B800656564696E67207761746368646F672E87
:10A6C80000574454206973206E6F7420656E616270
:10A6D8006C6564006E72665F626F6F746C6F616444
:10A6E80065725F77647400433A5C6E72665C6E52A2
:10A6F80046355F53444B5F31372E312E305F6464EB
:10A7080064653536305C636F6D706F6E656E74733B
:10A718005C6C69627261726965735C63727970748A
:10A728006F5C6E72665F63727970746F5F65636485
:10A7380073612E6300433A5C6E72665C6E524635F6
:10A748005F53444B5F31372E312E305F646464654C
:10A758003536305C636F6D706F6E656E74735C6CEC
:10A7680069627261726965735C63727970746F5C37
:10A778006E72665F63727970746F5F736861726519
:10A78800642E63002E2E2F2E2E2F2E2E2F2E2E2FA0
:10A798002E2E2F636F6D706F6E656E74732F6C69DC
:10A7A800627261726965732F6D757465782F6E7248
:10A7B800665F6D74782E6800456E746572696E67A1
:10A7C80020444655206D6F64652E00436F756C6498
:10A7D800206E6F7420696E6974616C697A652044B3
:10A7E8004655207472616E73706F72743A203078B7
:10A7F800253038780046726565696E67206275662F
:10A8080066657220257000416476657274697369A3
:10A818006E672E2E2E00436F6E6E6563746564003E
:10A828004661696C75726520746F20757064617417
:10A838006520636F6E6E656374696F6E20706172F8
:10A84800616D65746572733A2030782578006361AC
:10A858006E6E6F7420616C6C6F63617465206D65DA
:10A868006D6F727920627566666572210042756641
:10A878006665722025702061637175697265642C44
:10A88800206C656E202564202825642900526563A4
:10A89800656976656420424C455F47415454535F6F
:10A8A8004556545F45584348414E47455F4D5455BA
:10A8B8005F5245515545535420287265717565732B
:10A8C800743A2025642C207265706C793A202564CE
:10A8D800292E00526563656976656420424C455FA0
:10A8E8004741505F4556545F444154415F4C454E83
:10A8F8004754485F5550444154455F52455155456A
:10A9080053542E00526563656976656420424C4550
:10A918005F4741505F4556545F444154415F4C4541
:10A928004E4754485F555044415445202825752CBE
:10A93800206D61785F72785F74696D65202575296F
:10A948002E00526563656976656420424C455F4711
:10A9580041505F4556545F5345435F504152414D06
:10A96800535F524551554553540043434344206671
:10A978006F722073657276696365206368616E67BC
:10A988006564206973203078253034780052656317
:10A99800656976656420424C455F4741505F45567E
:10A9A800545F434F4E4E5F504152414D5F555044A6
:10A9B800415445006D61785F636F6E6E5F696E74B8
:10A9C800657276616C3A202564006D696E5F636F0D
:10A9D8006E6E5F696E74657276616C3A20256400EC
:10A9E800736C6176655F6C6174656E63793A202576
:10A9F8006400636F6E6E5F7375705F74696D656F09
:10AA080075743A202564005265636569766564202B
:10AA1800424C455F4741505F4556545F434F4E4E49
:10AA28005F504152414D5F5550444154455F524536
:10AA38005155455354004661696C75726520746FB1
:10AA48002075706461746520636F6E6E65637469E8
:10AA58006F6E20706172616D6574657220726571C8
:10AA6800756573743A203078257800526563656996
:10AA780076656420424C455F4741505F4556545FB8
:10AA88005048595F555044415445202852583A255A
:10AA9800642C2054583A25642C207374617475739F
:10AAA8003A25642900526563656976656420424CDD
:10AAB800455F4741505F4556545F5048595F555070
:10AAC800444154455F524551554553542E005365F2
:10AAD800742072656365697074206E6F74696600AE
:10AAE800436F756C64206E6F742068616E646C656A
:10AAF800206F6E5F6374726C5F70745F77726974D5
:10AB0800652E206572725F636F64653A2030782520
:10AB180030347800526563656976656420424C4537
:10AB28005F4741505F4556545F5345435F494E4622
:10AB38004F5F524551554553540046696E697368D5
:10AB480065642068616E646C696E6720636F6E6E01
:10AB5800207365632075706461746500536875744B
:10AB680074696E6720646F776E20424C452074725A
:10AB7800616E73706F72742E00446973636F6E6ECA
:10AB8800656374696E672E00424C45207472616E6D
:10AB980073706F7274207368757420646F776E2E8B
:10ABA80000433A5C6E72665C6E5246355F53444BA6
:10ABB8005F31372E312E305F646464653536305C22
:10ABC800636F6D706F6E656E74735C6C69627261D1
:10ABD800726965735C626F6F746C6F616465725CD7
:10ABE800626C655F6466755C6E72665F6466755FED
:10ABF800626C652E630044465520726571756573F5
:10AC080074202564206661696C65642077697468BE
:10AC1800206572726F723A20307825780044465564
:10AC28005F576176655F646562756700496E697430
:10AC380069616C697A696E6720424C4520444655C3
:10AC4800207472616E73706F7274005365747469E6
:10AC58006E6720757020766563746F722074616208
:10AC68006C653A2030782530387800456E61626C22
:10AC7800696E6720536F66744465766963652E0054
:10AC8800436F6E6669677572696E6720424C45202E
:10AC9800737461636B2E00456E61626C696E672028
:10ACA80074686520424C4520737461636B2E004EB6
:10ACB8006F206164766572746973696E67206E616E
:10ACC8006D6520666F756E640053657474696E6790
:10ACD80020616476206E616D653A2025732C206CA6
:10ACE800656E6774683A202564005573696E67203D
:10ACF80064656661756C74206164766572746973E5
:10AD0800696E67206E616D6500424C45204446556A
:10AD1800207472616E73706F727420696E697469E1
:10AD2800616C697A65642E006E72665F6466755F31
:10AD3800626C65007772697465006572617365009D
:10AD4800466C61736820257320737563636573733C
:10AD58003A20616464723D25702C2070656E6469C8
:10AD68006E6720256400466C617368202573206631
:10AD780061696C6564202830782578293A206164F7
:10AD880064723D25702C206C656E3D3078257820E6
:10AD980062797465732C2070656E64696E6720250E
:10ADA8006400496E697469616C697A696E67206EBE
:10ADB80072665F6673746F726167655F7364206241
:10ADC80061636B656E642E00496E697469616C69B4
:10ADD8007A696E67206E72665F6673746F726167F8
:10ADE800655F6E766D63206261636B656E642E00CD
:10ADF8006E72665F6673746F726167655F7772699A
:10AE0800746528616464723D25702C207372633DFB
:10AE180025702C206C656E3D2564206279746573FD
:10AE2800292C2071756575652075736167653A20F1
:10AE38002564006E72665F6673746F726167655F22
:10AE480077726974652829206661696C6564207762
:10AE5800697468206572726F7220307825782E00C8
:10AE68006E72665F6673746F726167655F65726143
:10AE7800736528616464723D307825702C206C6598
:10AE88006E3D2564207061676573292C2071756596
:10AE980075652075736167653A202564006E726672
:10AEA8005F6673746F726167655F65726173652849
:10AEB80029206661696C6564207769746820657209
:10AEC800726F7220307825782E006E72665F646625
:10AED800755F666C61736800416C6C20666C6173A9
:10AEE80068206F7065726174696F6E73206861762F
:10AEF8006520636F6D706C657465642E20444655DB
:10AF080020636F6D706C657465642E004661696CB2
:10AF1800656420746F207363686564756C65206F61
:10AF2800626A65637420657865637574653A203074
:10AF38007825782E0057686F6C65206669726D7782
:10AF480061726520696D6167652072656365697600
:10AF580065642E20506F737476616C6964617469DE
:10AF68006E672E00526571756573742068616E6432
:10AF78006C696E6720636F6D706C6574652E205206
:10AF88006573756C743A203078257800433A5C6EA6
:10AF980072665C6E5246355F53444B5F31372E31D3
:10AFA8002E305F646464653536305C636F6D706F36
:10AFB8006E656E74735C6C69627261726965735CEC
:10AFC800626F6F746C6F616465725C6466755C6EE9
:10AFD80072665F6466755F7265715F68616E646CE6
:10AFE80065722E630048616E646C65204E52465F40
:10AFF8004446555F4F505F524543454950545F4E54
:10B008004F5449465F5345540048616E646C65204F
:10B018004E52465F4446555F4F505F41424F52542F
:10B028000048616E646C65204E52465F4446555F29
:10B038004F505F4F424A4543545F43524541544540
:10B048002028636F6D6D616E64290048616E646CC1
:10B0580065204E52465F4446555F4F505F4352430A
:10B068005F4745542028636F6D6D616E6429004801
:10B07800616E646C65204E52465F4446555F4F5082
:10B088005F4F424A4543545F57524954452028630D
:10B098006F6D6D616E64290048616E646C65204E49
:10B0A80052465F4446555F4F505F4F424A454354AE
:10B0B8005F455845435554452028636F6D6D616E53
:10B0C80064290057726974696E672076616C6964D7
:10B0D80020696E697420636F6D6D616E6420746F92
:10B0E80020666C6173682E0048616E646C65204E42
:10B0F80052465F4446555F4F505F4F424A4543545E
:10B108005F53454C4543542028636F6D6D616E64F1
:10B11800290048616E646C65204E52465F4446556E
:10B128005F4F505F4F424A4543545F435245415435
:10B1380045202864617461290043616E6E6F742034
:10B148006372656174652064617461206F626A6509
:10B15800637420776974686F75742076616C6964AC
:10B1680020696E697420636F6D6D616E64004F6253
:10B178006A6563742073697A652063616E6E6F74A3
:10B1880020626520302E004F626A656374207369FF
:10B198007A65206D7573742062652070616765201B
:10B1A800616C69676E656400496E76616C696420DC
:10B1B80073697A6520666F72206F626A65637420AE
:10B1C80028746F6F206C617267652900437265612E
:10B1D80074696E6720746865206F626A656374209D
:10B1E800776974682073697A6520307825303878F3
:10B1F80020776F756C64206F766572666C6F772048
:10B208006669726D776172652073697A652E204F61
:10B218006666736574206973203078253038782025
:10B22800616E64206669726D776172652073697AF0
:10B2380065206973203078253038782E0045726192
:10B248007365206F7065726174696F6E20666169DD
:10B258006C6564004372656174696E67206F626A29
:10B2680065637420776974682073697A653A202564
:10B27800642E204F66667365743A2030782530381E
:10B28800782C204352433A203078253038780048CB
:10B29800616E646C65204E52465F4446555F4F5060
:10B2A8005F4F424A4543545F5752495445202864EA
:10B2B80061746129005772697465207265717565DA
:10B2C800737420746F6F206C6F6E670048616E64D2
:10B2D8006C65204E52465F4446555F4F505F43525F
:10B2E800435F47455420286461746129004F6666AE
:10B2F8007365743A25642C204352433A30782530DC
:10B3080038780048616E646C65204E52465F44464A
:10B31800555F4F505F4F424A4543545F4558454338
:10B328005554452028646174612900496E76616C22
:10B33800696420646174612E206578706563746542
:10B34800643A2025642C20676F743A2025640048ED
:10B35800616E646C65204E52465F4446555F4F509F
:10B368005F4F424A4543545F53454C454354202858
:10B37800646174612900637263203D203078257808
:10B388002C206F6666736574203D20307825782CF4
:10B39800206D61785F73697A65203D203078257863
:10B3A80000496E76616C6964206F626A6563742017
:10B3B8007479706520696E20726571756573742E75
:10B3C80000496E76616C6964206F70636F646520F4
:10B3D80072656365697665643A20307825782E0051
:10B3E8005363686564756C65722072616E206F7551
:10B3F80074206F6620737061636521006E72665FEA
:10B408006466755F7265715F68616E646C65720011
:10B4180044657374696E6174696F6E2073657474C2
:10B42800696E677320617265206964656E7469630B
:10B43800616C20746F20736F757263652C2077724E
:10B44800697465206E6F74206E65656465642E206E
:10B45800536B697070696E672E0057726974696EF4
:10B46800672073657474696E67732E2E2E0045729B
:10B478006173696E67206F6C642073657474696E9C
:10B4880067732061743A2030782530387800436F2C
:10B49800756C64206E6F74206572617365207468C2
:10B4A800652073657474696E6773207061676521C0
:10B4B80000436F756C64206E6F74207772697465D1
:10B4C80020746865204446552073657474696E67F6
:10B4D80073207061676521005573696E6720736515
:10B4E8007474696E677320706167652E00436F70AE
:10B4F80079696E6720666F7262696464656E207030
:10B50800617274732066726F6D206261636B75700F
:10B5180020706167652E00526573746F72696E677B
:10B528002073657474696E67732066726F6D20622C
:10B5380061636B75702073696E636520746865203C
:10B5480073657474696E6773207061676520636FD3
:10B558006E74656E74732061726520696E76616CB5
:10B5680069642028435243206572726F72292E0045
:10B57800526573657474696E6720626F6F746C6F5F
:10B58800616465722073657474696E67732073698A
:10B598006E6365206E6569746865722074686520DD
:10B5A80073657474696E67732070616765206E6F68
:10B5B8007220746865206261636B757020617265C2
:10B5C8002076616C69642028435243206572726F4B
:10B5D80072292E004F6C642073657474696E6773EA
:10B5E80020706167652064657465637465642E20E6
:10B5F800557067726164696E6720696E666F2E00A8
:10B608004261636B696E6720757020736574746935
:10B618006E6773207061676520746F20616464725F
:10B6280065737320307825782E00433A5C6E726615
:10B638005C6E5246355F53444B5F31372E312E30A6
:10B648005F646464653536305C636F6D706F6E651A
:10B658006E74735C6C69627261726965735C626F47
:10B668006F746C6F616465725C6466755C6E72663B
:10B678005F6466755F73657474696E67732E6300C3
:10B68800436F756C64206E6F7420706572666F729C
:10B698006D206261636B7570206F6620626F6F74D6
:10B6A8006C6F616465722073657474696E67732169
:10B6B800204572726F723A20307825780043616CA9
:10B6C8006C696E67206E72665F6466755F73657419
:10B6D80074696E67735F696E697428292E2E2E004F
:10B6E8006E72665F6466755F666C6173685F696ECB
:10B6F80069742829206661696C65642077697468B3
:10B70800206572726F723A202578006E72665F64E7
:10B7180066755F73657474696E67735F7772697451
:10B72800655F616E645F6261636B7570282920666E
:10B7380061696C65642077697468206572726F72DC
:10B748003A202578006E72665F6466755F7365746B
:10B7580074696E67730045726173696E67207365FB
:10B768007474696E677320706167652061646469C9
:10B7780074696F6E616C20646174612E006E72660C
:10B788005F6466755F73657474696E67735F7376FB
:10B79800636900496E697469616C697A696E6720CA
:10B7A8007472616E73706F7274732028666F756E31
:10B7B800643A20256429004661696C656420746FC9
:10B7C80020696E697469616C697A65207472616E4A
:10B7D80073706F72742025642C206572726F7220EA
:10B7E8002564005368757474696E6720646F776E9A
:10B7F800207472616E73706F7274732028666F752F
:10B808006E643A20256429004661696C6564207479
:10B818006F2073687574646F776E207472616E73CD
:10B82800706F72742025642C206572726F722025E7
:10B838006400747275650066616C736500456E74AA
:10B848006572206E72665F6466755F6361636865C2
:10B858005F7072657061726528290072657175691B
:10B868007265645F73697A653A20307825782E00AE
:10B8780073696E676C655F62616E6B3A2025732E23
:10B88800006B6565705F6170703A2025732E006BE0
:10B898006565705F736F66746465766963653A2081
:10B8A80025732E0053445F50524553454E543A2059
:10B8B80025732E0042616E6B20636F6E74656E7423
:10B8C800733A0042616E6B203020636F64653A20E2
:10B8D8003078253032783A2053697A653A203078C2
:10B8E80025780042616E6B203120636F64653A20D1
:10B8F8003078253032783A2053697A653A203078A2
:10B90800257800433A5C6E72665C6E5246355F532A
:10B91800444B5F31372E312E305F646464653536B1
:10B92800305C636F6D706F6E656E74735C6C6962AA
:10B938007261726965735C626F6F746C6F61646564
:10B94800725C6466755C6E72665F6466755F75745A
:10B95800696C732E6300706173733A2025642E003E
:10B9680063616368655F616464726573733A20300C
:10B978007825782E0063616368655F746F6F5F7305
:10B988006D616C6C3A2025732E006B6565705F667F
:10B9980069726D776172653A2025732E0064656C53
:10B9A8006574655F6D6F72653A2025732E0041627C
:10B9B8006F7274696E672E2043616E6E6F742066B5
:10B9C8006974206E6577206669726D77617265208B
:10B9D8006F6E2064657669636500496E76616C698F
:10B9E800646174696E67206170702E0048616E64CE
:10B9F8006C65723A20496E76616C69642070726F6A
:10BA0800746F636F6C20627566666572206D5F7017
:10BA1800625F73747265616D0048616E646C657213
:10BA28003A20496E76616C696420696E6974206396
:10BA38006F6D6D616E642E0048616E646C65723A5C
:10BA480020496E76616C69642070726F746F636FE1
:10BA58006C20627566666572206D5F70625F7374D4
:10BA68007265616D2028696E697420636F6D6D6100
:10BA78006E642900424C2073697A65202825642960
:10BA8800206F766572206C696D6974202825642999
:10BA980000496E6974207061636B657420646F651A
:10BAA80073206E6F7420636F6E7461696E207661A7
:10BAB8006C6964206669726D776172652073697A52
:10BAC800650050423A20496E6974207061636B6565
:10BAD800742064617461206C656E3A2025640043AB
:10BAE8003A5C6E72665C6E5246355F53444B5F310A
:10BAF800372E312E305F646464653536305C636F91
:10BB08006D706F6E656E74735C6C69627261726978
:10BB180065735C626F6F746C6F616465725C646698
:10BB2800755C6E72665F6466755F76616C69646188
:10BB380074696F6E2E63005369676E617475726500
:10BB48002072657175697265642E20436865636B40
:10BB5800696E67207369676E61747572652E004E31
:10BB68006F207369676E617475726520666F756E94
:10BB7800642E00496E76616C6964207369676E6132
:10BB88007475726520747970650043616C63756CB7
:10BB98006174696E67206861736820286C656E3A05
:10BBA8002025642900566572696679207369676E75
:10BBB8006174757265005369676E6174757265208A
:10BBC8006661696C656420286572725F636F64657D
:10BBD8003A203078257829005369676E6174757248
:10BBE800653A00486173683A005075626C69632071
:10BBF8004B65793A00496D616765207665726966BB
:10BC0800696564006D616A6F72006D696E6F7200BC
:10BC1800536F6674446576696365207570646174F2
:10BC28006520697320612025732076657273696FBA
:10BC38006E207570646174652E2043757272656E2E
:10BC4800743A2025642E204E65773A2025642E000C
:10BC58004861736820766572696669636174696FA3
:10BC68006E2E2073746172742061646472657373DC
:10BC78003A20307825782C2073697A653A20307814
:10BC8800257800436F756C64206E6F742072756E32
:10BC98002068617368207665726966696361746992
:10BCA8006F6E20286572725F636F64652030782537
:10BCB80078292E0048617368207665726966696321
:10BCC8006174696F6E206661696C65642E004578E1
:10BCD80070656374656420465720686173683A002C
:10BCE80041637475616C20465720686173683A0037
:10BCF800496E697420636F6D6D616E64206C61724A
:10BD0800676572207468616E206578706563746514
:10BD1800642E0050726576616C69646174696F6E37
:10BD2800206661696C65642E00496E697420636FD2
:10BD38006D6D616E643A004578656375746520774A
:10BD4800697468206661756C7479206F66667365BE
:10BD5800740043616E27742066696E6420726F6F89
:10BD68006D20666F72207570646174650057726922
:10BD780074652061646472657373207365742074DC
:10BD88006F20307825303878004661696C6564200A
:10BD9800746F206465636F646520696E69742070D0
:10BDA80061636B65740043524320636865636B206D
:10BDB8006F6620617070206661696C65642E205220
:10BDC800657475726E202564006E72665F637279A1
:10BDD80070746F5F686173685F63616C63756C61D1
:10BDE80074652829206661696C65642077697468C0
:10BDF800206572726F7220257300496E76616C69D6
:10BE08006420626F6F742076616C69646174696F15
:10BE18006E20747970653A20256400496E76616CED
:10BE280069646174696E67206F6C64206170706CFE
:10BE380069636174696F6E20696E2062616E6B2040
:10BE4800302E0054686520536F66744465766963C4
:10BE58006520646F6573206E6F7420636F6E746104
:10BE6800696E20746865206D61676963206E756D01
:10BE7800626572206964656E74696679696E6720A7
:10BE88006974206173206120536F66744465766914
:10BE980063652E0054686520536F6674446576693F
:10BEA80063652073697A6520696E20746865206906
:10BEB8006E666F2073747275637420697320746F73
:10BEC8006F20736D616C6C20636F6D706172656457
:10BED8002077697468207468652073697A652072B0
:10BEE80065706F7274656420696E20746865206976
:10BEF8006E697420636F6D6D616E642E00546865A1
:10BF0800206E657720536F66744465766963652093
:10BF18006973206F66206120646966666572656E64
:10BF2800742066616D696C79207468616E2074682C
:10BF3800652070726573656E7420536F667444650E
:10BF4800766963652E20436F6D7061746962696CF0
:10BF58006974792063616E6E6F74206265206775FD
:10BF68006172616E746565642E00496E76616C69F4
:10BF7800646174696E6720617070206265636175C1
:10BF8800736520697420697320696E636F6D7061D1
:10BF98007469626C652077697468207468652053D9
:10BFA8006F66744465766963652E004D616A6F72C9
:10BFB8002053442075706461746520627574206E26
:10BFC8006F20424C2E2041626F727420746F206182
:10BFD800766F696420696E63617061636974617406
:10BFE800696E672074686520424C2E00426F6F743A
:10BFF8002076616C69646174696F6E206F66206277
:10C008006F6F746C6F61646572206973206E6F74F2
:10C0180020737570706F7274656420616E64207728
:10C02800696C6C2062652069676E6F7265642E00AA
:10C038006E72665F6466755F76616C696461746967
:10C048006F6E00433A5C6E72665C6E5246355F53A3
:10C05800444B5F31372E312E305F6464646535366A
:10C06800305C636F6D706F6E656E74735C6C696263
:10C078007261726965735C626F6F746C6F6164651D
:10C08800725C6466755C6E72665F6466755F766521
:10C09800725F76616C69646174696F6E2E630049C2
:10C0A8006E76616C6964206669726D77617265206D
:10C0B800747970652E00496E76616C6964206861D8
:10C0C800736820747970652E004E6F20485720766B
:10C0D800657273696F6E2E004661756C74792048BD
:10C0E800572076657273696F6E2E0053442072650F
:10C0F80071206E6F74206D65742E0046572076652A
:10C108007273696F6E20746F6F206C6F772E0046A4
:10C11800572076657273696F6E206D697373696EE7
:10C12800672E006E72665F6466755F7665725F760D
:10C13800616C69646174696F6E00433A5C6E726623
:10C148005C6E5246355F53444B5F31372E312E308B
:10C158005F646464653536305C6D6F64756C6573F7
:10C168005C6E7266785C647269766572735C737211
:10C17800635C6E7266785F6770696F74652E6300C2
:10C188004750494F544500433A5C6E72665C6E52A4
:10C1980046355F53444B5F31372E312E305F646430
:10C1A80064653536305C636F6D706F6E656E747381
:10C1B8005C6C69627261726965735C7574696C5CE8
:10C1C8006170705F7574696C5F706C6174666F72B2
:10C1D8006D2E63006D656D5F6D6E677200433A5C2E
:10C1E8006E72665C6E5246355F53444B5F31372E34
:10C1F800312E305F646464653536305C636F6D7012
:10C208006F6E656E74735C6C696272617269657376
:10C218005C62616C6C6F635C6E72665F62616C6CB1
:10C228006F632E6300433A5C6E72665C6E524635ED
:10C238005F53444B5F31372E312E305F6464646541
:10C248003536305C65787465726E616C5C667072E8
:10C25800696E74665C6E72665F667072696E74662B
:10C268002E6300433A5C6E72665C6E5246355F53CD
:10C27800444B5F31372E312E305F64646465353648
:10C28800305C65787465726E616C5C667072696E3C
:10C2980074665C6E72665F667072696E74665F66FD
:10C2A8006F726D61742E6300433A5C6E72665C6EE9
:10C2B8005246355F53444B5F31372E312E305F6421
:10C2C8006464653536305C636F6D706F6E656E746F
:10C2D800735C6C69627261726965735C6673746FB2
:10C2E800726167655C6E72665F6673746F726167B0
:10C2F800652E63006E72665F6673746F7261676540
:10C3080000433A5C6E72665C6E5246355F53444B2E
:10C318005F31372E312E305F646464653536305CAA
:10C32800636F6D706F6E656E74735C6C6962726159
:10C33800726965735C6D656D6F626A5C6E72665F6B
:10C348006D656D6F626A2E6300433A5C6E72665C5F
:10C358006E5246355F53444B5F31372E312E305F76
:10C36800646464653536305C636F6D706F6E656EDE
:10C3780074735C6C69627261726965735C6578700C
:10C388006572696D656E74616C5F73656374696FFE
:10C398006E5F766172735C6E72665F7365637469F3
:10C3A8006F6E5F697465722E63004E52465F535517
:10C3B8004343455353004E52465F4552524F525FD6
:10C3C8005356435F48414E444C45525F4D49535381
:10C3D800494E47004E52465F4552524F525F534FA7
:10C3E80046544445564943455F4E4F545F454E4178
:10C3F800424C4544004E52465F4552524F525F49A7
:10C408004E5445524E414C004E52465F4552524F93
:10C41800525F4E4F5F4D454D004E52465F4552525A
:10C428004F525F4E4F545F464F554E44004E524652
:10C438005F4552524F525F4E4F545F535550504FC5
:10C4480052544544004E52465F4552524F525F493E
:10C458004E56414C49445F504152414D004E524660
:10C468005F4552524F525F494E56414C49445F53C3
:10C4780054415445004E52465F4552524F525F490F
:10C488004E56414C49445F4C454E475448004E5225
:10C49800465F4552524F525F494E56414C49445FA0
:10C4A800464C414753004E52465F4552524F525FE9
:10C4B800494E56414C49445F44415441004E52460E
:10C4C8005F4552524F525F444154415F53495A4568
:10C4D800004E52465F4552524F525F54494D454FA8
:10C4E8005554004E52465F4552524F525F4E554C7E
:10C4F8004C004E52465F4552524F525F464F524291
:10C50800494444454E004E52465F4552524F525F91
:10C51800494E56414C49445F41444452004E5246AC
:10C528005F4552524F525F42555359004E52465F33
:10C538004552524F525F434F4E4E5F434F554E54F4
:10C54800004E52465F4552524F525F5245534F5527
:10C5580052434553004E52465F4552524F525F4D2B
:10C568004F44554C455F4E4F545F494E49544941DD
:10C578004C495A4544004E52465F4552524F525F0D
:10C588004D555445585F494E49545F4641494C45BD
:10C5980044004E52465F4552524F525F4D555445E6
:10C5A800585F4C4F434B5F4641494C4544004E52FF
:10C5B800465F4552524F525F4D555445585F554E50
:10C5C8004C4F434B5F4641494C4544004E52465FF1
:10C5D8004552524F525F4D555445585F434F4E4454
:10C5E8005F494E49545F4641494C4544004E5246C6
:10C5F8005F4552524F525F4D4F44554C455F414C39
:10C6080052454144595F494E495449414C495A455C
:10C6180044004E52465F4552524F525F53544F5258
:10C628004147455F46554C4C004E52465F45525275
:10C638004F525F4150495F4E4F545F494D504C45F2
:10C648004D454E544544004E52465F4552524F5256
:10C658005F464541545552455F4E4F545F454E41E4
:10C66800424C4544004E52465F4552524F525F4934
:10C678004F5F50454E44494E47004E52465F455223
:10C68800524F525F4452565F5457495F4552525F6A
:10C698004F56455252554E004E52465F4552524FE4
:10C6A800525F4452565F5457495F4552525F414E5C
:10C6B80041434B004E52465F4552524F525F4452DF
:10C6C800565F5457495F4552525F444E41434B00B1
:10C6D8004E52465F4552524F525F424C455F495059
:10C6E80053505F52585F504B545F5452554E43411C
:10C6F800544544004E52465F4552524F525F424C99
:10C70800455F495053505F4348414E4E454C5F4149
:10C718004C52454144595F455849535453004E5271
:10C72800465F4552524F525F424C455F4950535005
:10C738005F4C494E4B5F444953434F4E4E4543541B
:10C748004544004E52465F4552524F525F424C4557
:10C758005F495053505F504545525F52454A4543E3
:10C7680054454400433A5C6E72665C6E5246355FCF
:10C7780053444B5F31372E312E305F646464653526
:10C7880036305C636F6D706F6E656E74735C6C6968
:10C79800627261726965735C6C6F675C7372635C0B
:10C7A8006E72665F6C6F675F64656661756C745FF7
:10C7B8006261636B656E64732E63007274745F6C80
:10C7C8006F675F6261636B656E6400433A5C6E72AB
:10C7D800665C6E5246355F53444B5F31372E312EBF
:10C7E800305F646464653536305C636F6D706F6E9E
:10C7F800656E74735C6C69627261726965735C6C96
:10C808006F675C7372635C6E72665F6C6F675F669E
:10C81800726F6E74656E642E63004261636B656E41
:10C82800647320666C757368656400617070001BC2
:10C838005B306D001B5B313B33316D0025734C6FF2
:10C8480067732064726F70706564202825642925D9
:10C85800730D0A003C25733E2025733A20002025DD
:10C8680030327800202020007C002563001B5B31DB
:10C878003B33306D001B5B313B33326D001B5B314A
:10C888003B33336D001B5B313B33346D001B5B3135
:10C898003B33356D001B5B313B33366D001B5B3121
:10C8A8003B33376D006572726F72007761726E6923
:10C8B8006E6700696E666F005465726D696E616CB3
:10C8C8000052545400534547474552006E72665F04
:10C8D8007364680073645F626C655F6366675F7347
:10C8E800657428292072657475726E6564202573D5
:10C8F800207768656E20617474656D7074696E6701
:10C9080020746F2073657420424C455F434F4E4E30
:10C918005F4346475F4741502E0073645F626C6512
:10C928005F6366675F736574282920726574757222
:10C938006E6564202573207768656E206174746560
:10C948006D7074696E6720746F2073657420424C33
:10C95800455F4741505F4346475F524F4C455F43F1
:10C968004F554E542E0073645F626C655F63666753
:10C978005F73657428292072657475726E6564200A
:10C988002573207768656E20617474656D707469AD
:10C998006E6720746F2073657420424C455F434F67
:10C9A8004E4E5F4346475F474154542E0073645FC1
:10C9B800626C655F6366675F7365742829207265BA
:10C9C8007475726E6564202573207768656E2061C2
:10C9D8007474656D7074696E6720746F2073657404
:10C9E80020424C455F434F4D4D4F4E5F4346475F96
:10C9F80056535F555549442E0073645F626C655FFA
:10CA08006366675F73657428292072657475726E32
:10CA18006564202573207768656E20617474656D80
:10CA28007074696E6720746F2073657420424C457A
:10CA38005F47415454535F4346475F415454525FE4
:10CA48005441425F53495A452E0073645F626C65D6
:10CA58005F6366675F7365742829207265747572F1
:10CA68006E6564202573207768656E20617474652F
:10CA78006D7074696E6720746F2073657420424C02
:10CA8800455F47415454535F4346475F53455256A9
:10CA98004943455F4348414E4745442E00496E731C
:10CAA800756666696369656E742052414D20616CD4
:10CAB8006C6F636174656420666F722074686520AA
:10CAC800536F66744465766963652E004368616ECA
:10CAD8006765207468652052414D207374617274D3
:10CAE800206C6F636174696F6E2066726F6D2030A1
:10CAF80078257820746F20307825782E004D61785D
:10CB0800696D756D2052414D2073697A6520666F95
:10CB180072206170706C69636174696F6E206973EB
:10CB280020307825782E0073645F626C655F656ECF
:10CB380061626C6528292072657475726E6564205F
:10CB480025732E006E72665F7364685F626C6500A1
:10CB58006E72665F7364685F736F63000300020040
:10CB6800B8DE1AD1DC8B9278B47A8E359B94279DE7
:10CB78008D111C4BFC9CD77A21CFD23CBFD3589C3B
:10CB88002A61CD1DD8CD3622F249DAD8C592E00700
:10CB98008A29E89C19B09F3E4EA45042DC95183E65
:10CBA80000000000000000000338FDD870470000B6
:10CBB800ED1A0F00891A0F00DF1F0F005B200F000E
:10CBC8007B200F00DB190F0095190F007B1F0F004A
:10CBD80000000000000000000338FDD87047000086
:10CBE8004800000000204000000000002D330F0026
:10CBF800B5330F0061330F00200000000000000073
:10CC080000000000010017000400FCFF680100009C
:10CC18007CCC0F00020017000400FCFFAC010000F0
:10CC28003CCC0F00000000000000000000000000E5
:10CC3800000000000100070000000000680100007B
:10CC48007CCC0F0002000100000000000100000081
:10CC58000000000003000500010000004200000081
:10CC680000000000000000000000000000000000BC
:10CC780000000000010011000100FFFF010000009A
:10CC880000000000020017000200FEFF640100001F
:10CC9800ACCC0F0000000000000000000000000005
:10CCA80000000000010011000400FCFF0400000067
:10CCB80000000000020011000400FCFF0400000056
:10CCC80000000000030021000400FCFF0400100025
:10CCD80000000000040011000100FFFF0100000037
:10CCE80000000000050011000200FEFF0400000023
:10CCF80000000000060011000400FCFF0400000012
:10CD080000000000070011000400FCFF0400000000
:10CD180000000000080017000200FEFF24000000C9
:10CD28008CCD0F00090010000100FFFF010000007A
:10CD3800BCCD0F000A0027000200FEFF44000300DC
:10CD48005CCD0F00000000000000000000000000A3
:10CD580000000000010001000000000001000000C8
:10CD68000000000002000500010000004200000071
:10CD780000000000000000000000000000000000AB
:10CD88000000000001000100000000000100000098
:10CD98000000000002000500010000002200000061
:10CDA800000000000000000000000000000000007B
:10CDB80000000000000000000338FDD870470C0098
:10CDC8000C000000580250EADA308883B89F604FA0
:10CDD80015F30000C98E30313233343536373839DF
:10CDE80041424344454600009D6E0F00C16E0F004E
:10CDF800D16E0F00E16E0F00356F0F00A96E0F00A6
:10CE0800AD6E0F00B16E0F000010000004000000AE
:10CE18000100000049700F0029700F0019700F0001
:10CE280059720F0009720F00ED6F0F00F16F0F00BC
:10CE3800F56F0F0000100000040000000100000062
:10CE480000000000B2C30F0001000000BEC30F00C5
:10CE580002000000DCC30F0003000000FDC30F0048
:10CE68000400000010C40F000500000021C40F00DA
:10CE78000600000035C40F00070000004DC40F0075
:10CE88000800000065C40F00090000007DC40F0001
:10CE98000A00000096C40F000B000000AEC40F008B
:10CEA8000C000000C5C40F000D000000D9C40F001D
:10CEB8000E000000EBC40F000F000000FAC40F00C2
:10CEC800100000000EC50F001100000025C50F005E
:10CED8001200000034C50F001300000049C50F0000
:10CEE800800000005DC50F00810000007EC50F00B6
:10CEF800820000009AC50F0083000000B6C50F002D
:10CF080084000000D4C50F0085000000F5C50F009F
:10CF1800860000001AC60F009000000031C60F00FE
:10CF2800910000004FC60F00920000006DC60F0070
:10CF38000082000082C60F0001820000A0C60F0018
:10CF480002820000BCC60F0000840000D8C60F0093
:10CF580001840000FCC60F000284000026C70F00F1
:10CF6800038400004BC70F00556E6B6E6F776E2001
:10CF78006572726F7220636F6465000000000000C4
:10CF880000000000000000000338FDD870470000D2
:10CF98001D750F0089750F0019750F001C8800207A
:10CFA8007F0000000488002037C80F0075C80F00F4
:10CFB8003CC80F007DC80F0085C80F008DC80F0042
:10CFC80095C80F009DC80F00A5C80F0000000000FD
:10CFD800ADC80F00B3C80F00BBC80F002EAC0F00C0
:10CFE800CC9D0F00DC9D0F0008000000C49D0F00C1
:10CFF800CC9D0F0008000000BC9D0F00C49D0F00D1
:10D008000800000001000007B49D0F00BC9D0F0040
:10D0180008000000DC9D0F00E49D0F0008000000E0
:10D02800EDD00F0064D10F00F0D00F0053756E647F
:10D038006179004D6F6E6461790054756573646140
:10D0480079005765646E6573646179005468757218
:10D05800736461790046726964617900536174751B
:10D068007264617900004A616E7561727900466583
:10D07800627275617279004D617263680041707205
:10D08800696C004D6179004A756E65004A756C7966
:10D09800004175677573740053657074656D6265DA
:10D0A80072004F63746F626572004E6F76656D62D1
:10D0B800657200446563656D6265720000414D00EC
:10D0C800504D0000256D2F25642F25790025483AFD
:10D0D800254D3A2553002561202562202565202508
:10D0E8005420255900430000CD870F00ED870F001D
:10D0F800F9870F0005880F0025880F0031880F0079
:10D108009F870F006D870F0053756E004D6F6E007F
:10D118005475650057656400546875004672690067
:10D1280053617400004A616E00466562004D617289
:10D1380000417072004D6179004A756E004A756C45
:10D148000041756700536570004F6374004E6F7639
:10D158000044656300002E00000000005ED10F004F
:10D1680060D10F0060D10F0060D10F0060D10F00B7
:10D1780060D10F0060D10F0060D10F0060D10F00A7
:10D1880060D10F00FFFFFFFFFFFFFFFFFFFFFFFF63
:10D19800FFFF000034D00F0010D10F006ED00F0039
:10D1A8002DD10F00C5D00F00CCD00F00D5D00F0067
:10D1B800DED00F00202020202020202020682828D2
:10D1C8002828202020202020202020202020202047
:10D1D80020202020481010101010101010101010CF
:10D1E80010101010848484848484848484841010AF
:10D1F80010101010108181818181810101010101CC
:10D2080001010101010101010101010101010110F7
:10D2180010101010108282828282820202020202A0
:10D2280002020202020202020202020202020210C8
:10D23800101010200007032004170201085710409F
:10D2480080000000FFFFFFFFFFFFFFFFFFFFFFFF62
:10D2580000000000000000000000000001000000C5
:10D26800FFFFFFFFFCFFFFFFFFFFFFFFFFFFFFFFC9
:10D2780000000000000000000000000001000000A5
:10D28800FFFFFFFF512563FCC2CAB9F3849E17A7AD
:10D29800ADFAE6BCFFFFFFFFFFFFFFFF0000000045
:10D2A800FFFFFFFF0000000096C298D84539A1F49F
:10D2B800A033EB2D817D0377F240A463E5E6BCF84B
:10D2C80047422CE1F2D1176BF551BF376840B6CB16
:10D2D800CE5E316B5733CE2B169E0F7C4AEBE78E12
:10D2E8009B7F1AFEE242E34FFFFFFFFF7F00000033
:10D2F800800000000000000000000000FFFFFFFFAA
:10D308007F00000080000000000000000000000016
:10D318000200000000000000358A0F006D8A0F002F
:10D3280067E6096A85AE67BB72F36E3C3AF54FA5AE
:10D338007F520E518C68059BABD9831F19CDE05BDA
:10D348000090D0034C4100203C4100202C4100209B
:10D3580000000000000000000000000000000000C5
:10D3680000000000000000000000000001000000B4
:10D3780000000000000000000000000002000000A3
:10D38800FF00FFFF0100000000E00F0000000000A8
:10D39800FF00000028D00F0028D00F0028D00F0071
:08D3A80028D00F0028D00F006F
:020000020000FC
:020000041000EA
:0410140000100F00B9
:0410180000E00F00E5
:04000003F0001219DE
:00000001FF
