:020000022000DC
:106000000000012019620200016202000362020026
:10601000056202000762020009620200000000003F
:106020000000000000000000000000000B62020001
:106030000D620200000000000F6202001162020007
:10604000750A03001362020049190300913303002B
:10605000136202001362020045180300B91D030019
:106060001362020013620200136202001362020054
:106070001362020013620200136202001362020044
:1060800013620200CD420300136202001362020099
:106090001362020013620200715E030013620200C9
:1060A0001362020013620200136202001362020014
:1060B00013620200136202000000000000000000F2
:1060C00013620200136202001362020013620200F4
:1060D000136202001362020013620200000000005B
:1060E00000000000000000000000000000000000B0
:1060F00000000000000000000000000000000000A0
:10610000000000000000000000000000000000008F
:10611000000000000000000000000000000000007F
:10612000000000000000000000000000000000006F
:10613000000000000000000000000000000000005F
:10614000000000000000000000000000000000004F
:10615000000000000000000000000000000000003F
:10616000000000000000000000000000000000002F
:10617000000000000000000000000000000000001F
:10618000000000000000000000000000000000000F
:1061900000000000000000000000000000000000FF
:1061A00000000000000000000000000000000000EF
:1061B00000000000000000000000000000000000DF
:1061C00000000000000000000000000000000000CF
:1061D00000000000000000000000000000000000BF
:1061E00000000000000000000000000000000000AF
:1061F000000000000000000000000000000000009F
:10620000FEE7FEE7FEE7FEE7FEE7FEE7FEE7FEE766
:10621000FEE7FEE700F002B8FFF7FCBF0F484FF0C3
:106220000701884385460E4880470E48016841F4BF
:1062300070010160BFF34F8FBFF36F8F00F01AB88A
:1062400009480A490A4A884207D0521A05D00378F9
:1062500001300B700131013AF9D170470000012083
:1062600065B7020088ED00E0046F0300C839002024
:10627000DC39002039493A480A1A02D007229143F2
:106280008D46384938480A1A06D00722914381F3CF
:106290000988022282F3148834483549354A00F0CF
:1062A0003EF835483549364A00F039F83548364920
:1062B000364A00F034F836483649374A00F02FF8AD
:1062C00036483749374A00F02AF837483749384ABC
:1062D00000F025F837483849384A00F020F83848A7
:1062E0003849002200F033F837483849002200F0DE
:1062F0002EF837483749091A10F04DFB364A9047B7
:1063000024482549884205D00268043003B49047E8
:1063100003BCF7E700200021304A9047FEE788429F
:1063200014D0521A12D003460B43134303242342C2
:1063300006D1036804300B600431043AF9D1704788
:10634000037801300B700131013AF9D1704788426E
:1063500002D002700130FAE770470000000001200F
:1063600000F800200000012000000120EC72030072
:10637000DC39002014450020E0630200E0630200E5
:106380002A6E0300EC720300DC390020DC390020A7
:10639000186F0300186F0300186F0300186F0300D5
:1063A000186F0300186F0300186F0300186F0300C5
:1063B000EA720300247E03001445002014450020E7
:1063C0001445002054510020545100205451002005
:1063D00054510020545900204162020031A90200AA
:1063E000024B0022C3F8002500BF70470070004038
:1063F00082B003468DF80730114B1B789DF80720BB
:106400009A420BD99DF807300D4A12789B1A012B3E
:1064100010DD0B4A9DF8073013700BE0084B1B781A
:106420001A469DF80730D31A012B03DD044A9DF864
:1064300007301370024B1B78184602B0704700BF3C
:106440002045002084B00346ADF80630BDF8063084
:1064500041F26702934201D9642319E0BDF8063086
:1064600040F64852934201D8002311E0BDF80630AF
:10647000A3F64853642202FB03F303F5C873064AEC
:1064800082FB03121212DB17D31A0393039BDBB2B6
:10649000184604B0704700BF1F85EB51014B1B68C5
:1064A000184670471C450020014B1B681846704772
:1064B0001845002000B587B0019000F0CDF80DF12F
:1064C0000E03194600200BF0EDFE0590BDF90E20DD
:1064D000174B1A80059B002B1ED1154B1B881BB236
:1064E0001A464FF4166302FB03F3124AA2FB03237E
:1064F0005B0A0493049B5B000F4A13600E4B1B68FE
:106500009BB21846FFF79EFF03461846FFF770FF41
:1065100003461A46094B1A6000F086F800F02AF884
:10652000034B1B881BB29BB2184607B000BD00BFCF
:1065300014450020818080801C45002018450020E3
:1065400000B585B00190019B1B78002B0CD1019BFD
:106550005B68B3F90020064B1A80019B5B68012140
:1065600018460BF03FFF039000BF05B000BD00BF11
:106570001445002008B5FFF791FF034640F6E342BB
:10658000934208D80BF0A4FD01F0C4FB01F0B6FB68
:1065900000200EF09BFF00BF08BD82B001904FF0BD
:1065A000A043184602B0704700B585B00190084678
:1065B00011461A4603468DF803300B468DF802301B
:1065C00013468DF8013001AB1846FFF7E6FF039044
:1065D0009DF803209DF802305B001A439DF80130BE
:1065E0009B001A439DF818301B0242EA03019DF8F4
:1065F0001C301B04019A1943039B02F5E07243F817
:10660000221000BF05B000BD00B585B00390002387
:106610000193002300930023012200210398FFF738
:10662000C3FF00BF05B000BD08B5FFF7D9FE0BF0F2
:106630004FFD074B0022C3F80025064B00221A60CD
:10664000044B1B680220FFF7DFFF00BF08BD00BF3F
:1066500000700040FC7F004000B589B01D4B1B68F6
:10666000049300238DF813301B4B0122C3F800253F
:106670001A4B01221A60194B1B6804AB18491846C3
:106680000BF0C6FC0790079B0693069B002B02D0DD
:1066900006980CF089FE134A01AB07CA03C31A70AF
:1066A00000238DF8073002238DF8063005238DF87E
:1066B000083001AB194600200BF056FD0790079BF0
:1066C0000593059B002B02D005980CF06DFE00BFD2
:1066D00009B000BD186F030000700040FC7F00404F
:1066E000416502001C6F030000B585B001900B46A8
:1066F000ADF8023013468DF80130019B0393BDF8CD
:106700000230132B45D9039B1B78F02B32D0F02B92
:1067100041DC302B31D0302B3DDC212B20D0212B04
:1067200039DC202B0ED0202B35DC182B2DD0182B4C
:1067300031DC172B25D0172B2DDC122B09D0142B75
:1067400014D028E09DF901301946039800F0F2F8C2
:1067500022E09DF901301946039800F02BF81BE068
:10676000039800F03DF900F0FDFF15E0039800F0FC
:1067700053F911E000F0F6FD0EE0039802F0AAFFD5
:106780000AE0039802F0F8FA06E0039800F012FE1F
:1067900002E000BF00E000BF05B000BD82B0019084
:1067A000034B1B680133024A136000BF02B07047FD
:1067B0002845002000B58BB001900B468DF80330C2
:1067C00004AB14220021184610F0D0F913238DF8E1
:1067D0001030FFF769FE03468DF82730234B1B6806
:1067E000CDF811309DF827308DF81530FFF756FEA3
:1067F00003461F4AA2FB03235B098DF826309DF850
:1068000026308DF8163001238DF8173001238DF8CE
:10681000183001238DF819309DF803308DF81A30A7
:106820009DF82630222B07D89DF81B30022262F3F8
:1068300001038DF81B3011E09DF82730272B07D876
:106840009DF81B30012262F301038DF81B3005E037
:106850009DF81B3023F003038DF81B3004AB14218B
:10686000184603F0AFFE00BF0BB000BD2845002066
:106870001F85EB5100B589B001900B468DF80330B0
:1068800003AB14220021184610F070F916238DF87E
:106890000C3001238DF80D3003AB1421184603F0A2
:1068A00091FE00BF09B000BD00B58BB0019003ABF5
:1068B00014220021184610F059F911238DF80C30DC
:1068C000194B1B88DBB28DF80D3003AB184603F073
:1068D000E3F803468DF8273003AB1421184603F084
:1068E00071FE0890089B002B03D0104B00221A70F9
:1068F00018E09DF82730002B03D00B4B1B88FF2B93
:1069000003D10A4B00221A700CE0074B1B8801339D
:106910009AB2054B1A80064B00224FF400511846DC
:106920000DF092F80BB000BD224500202445002058
:10693000E039002000B58DB001900B468DF8033092
:1069400002F086FF0A9000F083FC099003AB14224A
:106950000021184610F00AF903F040F910238DF8D1
:106960000C30099BB3F8C030DBB28DF80D3002F06B
:10697000A9FF0B900B9BB3F5106F02D94FF4106376
:106980000B930B9B9BB2ADF80E30124B1B7883F030
:106990000103DBB2002B19D003AB1421184603F01E
:1069A00011FE0890089B002B10D1BDF80E30002B73
:1069B0000CD0094B00221A80064B01221A70074B9B
:1069C00000224FF4005118460DF03EF800BF0DB004
:1069D00000BD00BF2445002022450020E0390020F2
:1069E00000B585B0019002F033FF0390019B5B7806
:1069F0001A46044B1B889A4201D103F0E5F800BF08
:106A000005B000BD2245002000B583B0019004F020
:106A1000EDFA00BF03B000BD00B58BB0019003AB31
:106A200014220021184610F0A1F815238DF80C301F
:106A300001238DF80D30FFF737FD0990099B222BBC
:106A400007D9019B5B78012B03D100238DF80E3011
:106A500002E001238DF80E3003AB1421184603F039
:106A6000B1FD0890089B002B0AD19DF80E30002B39
:106A700006D1054B002240F6CD4118460CF0E4FF4C
:106A800000BF0BB000BD00BF003A002000B583B0CE
:106A9000114A002111480CF0B1FF0190104A002169
:106AA00010480CF0ABFF01900F4A01210F480CF089
:106AB000A5FF01900E4B00224FF4804118460CF0C8
:106AC000C3FF019B0093009B002B02D000980CF0A9
:106AD0006BFC00BF03B000BDA9680200286F030073
:106AE000096A02002C6F03009D670200306F0300EB
:106AF000203A002076DF704700BF18468BDF7047D2
:106B000000BF18468CDF704700BF184600B583B041
:106B100001900199024809F033FB00BF03B000BDAA
:106B20002C45002000B585B06B4608220021184690
:106B300010F01CF8094B0093094B01936B46184663
:106B400007F014FC0390039B0293029B002B02D0DE
:106B500002980CF029FC00BF05B000BD0D6B0200CF
:106B60001440002000B583B00190019B132B03D08B
:106B700001980CF019FC00E000BF03B000BD00B5A7
:106B800089B00190009100238DF81B30009B1B7889
:106B9000022B3FD0022B40DC002B02D0012B1ED059
:106BA0003BE0009B5988009B0E331A46019809F080
:106BB000B3FC0590059B0493049B002B02D0049822
:106BC0000CF0F2FB019809F043FC0590059B039340
:106BD000039B002B20D003980CF0E6FB1CE003F095
:106BE00077FE03468DF81B300023079302E0079BD6
:106BF00001330793009B9B891A46079B9342F6D368
:106C0000009B9868009B9B899DF91B201946FFF704
:106C10006BFD02E000BF00E000BF00BF09B000BD97
:106C200000B587B00B4B01930B4B02930B4B0393B7
:106C300001AB19460A4809F035FB0590059B049302
:106C4000049B002B02D004980CF0AEFB00BF07B0F1
:106C500000BD00BF7F6B0200656B02001440002086
:106C60002C45002000B5A7B00190019B5B682093E4
:106C700000F0EEFA1F90019B1B78062B1AD0062B12
:106C800000F35481052B08D0052B00F34F81032B13
:106C900014D0042B00F04C8148E1019B5B681D93EC
:106CA0001D9B1C931C9B002B00F044811C980CF036
:106CB0007BFB3FE1019B5B681E9340E1019B5B68AE
:106CC0001B931B9B002B00F03A811B9B9B69002BA5
:106CD00000F035811B9B9B8B002B00F03081002343
:106CE000ADF896300023ADF85A300023ADF85A3095
:106CF0001B9B98691B9B998B0DF15A02092305F088
:106D0000F2FB0346ADF89630BDF89630002B0ED15D
:106D10000023ADF85A301B9B98691B9B998B0DF192
:106D20005A02082305F0DFFB0346ADF89630BDF8A4
:106D30009630002B00F00381BDF896301F2B00F237
:106D4000FE80BDF85A301A46BDF8963013441B9A9F
:106D5000928B934200F3F0801B9B9B69BDF85A20F5
:106D600013441A9302AB2022002118460FF0FEFEB6
:106D7000BDF8962002AB1A9918460FF0C5FEBDF873
:106D8000963098336B44002203F8902C1F9B2033DD
:106D900012931F9B403313931F9B603314931F9BCD
:106DA000803315930423199300238DF89530002325
:106DB000249331E0249B9B0098336B4453F8503C60
:106DC000002B23D0249B9B0098336B4453F8503CFA
:106DD00018460FF04AFE1890189B002B18D0BDF8EB
:106DE0009630189A9A4214D8249B9B0098336B448F
:106DF00053F8503C189A19461A980FF011FE0346A2
:106E0000002B06D101238DF8953009E000BF00E08A
:106E100000BF249B01332493249A199B9A42C9D31F
:106E20009DF89530002B00F089801B9B023317934F
:106E300000238DF88F30002322932BE04149229AC2
:106E40001346DB0013440B441B78002B1FD0229AFF
:106E50001346DB0013443B4A1344D81C179B0133F1
:106E6000062219460FF0DCFD0346002B0FD11B9BB9
:106E700093F913003349229A1346DB0013440B4461
:106E8000013302461A7001238DF88F3005E0229BF2
:106E900001332293229B032BD0DD9DF88F3083F0AA
:106EA0000103DBB2002B49D0002321933AE02549AE
:106EB000219A1346DB0013440B441B78002B2ED180
:106EC0002049219A1346DB0013440B4401221A7017
:106ED000219A1346DB0013441A4A13440233072253
:106EE000179918460FF010FE0AAB20220021184611
:106EF0000FF03CFEBDF896200AAB1A9918460FF029
:106F000003FE1B9B93F913000E49219A1346DB00E5
:106F100013440B44013302461A7000BF0EE0219B5C
:106F200001332193219B032BC1DD07E000BF06E065
:106F300000BF04E000BF02E000BF00E000BF00BFF0
:106F400027B000BDD847002000B587B001900B46A0
:106F5000ADF80230019B0593124ABDF80230138050
:106F6000BDF80230002219460F4809F0D5FA049006
:106F7000049B0393039B002B02D003980CF014FA9C
:106F8000059B9B881946094807F0B4FA0490049BB6
:106F90000293029B002B02D002980CF005FA00BF6E
:106FA00007B000BD284000202C450020403A0020BA
:106FB00000B585B001900B46ADF802301346ADF830
:106FC0000030BDF802301A460199044809F05CFA15
:106FD0000390039B184605B000BD00BF2C45002060
:106FE00000B583B0084B1B884FF6FF72934207D061
:106FF000054B1B8813211846FFF77CFD019000E02C
:1070000000BF03B000BD00BF2840002010B58AB00B
:107010004FF0FF33099381238DF82330002307932A
:1070200024E02B49079A1346DB0013440B441B78DA
:10703000002B18D02649079A1346DB0013440B4453
:10704000013393F900309DF923209A420BDA20494D
:10705000079A1346DB0013440B4401331B788DF869
:107060002330079B0993079B01330793079B032B4F
:10707000D7DD099B002B01DA052325E004AB0722AD
:10708000002118460FF072FD099A1346DB001344E5
:107090000F4A13449A1C04AB1068186091889279C7
:1070A00099809A710B4B6C460C330FCB07C423802D
:1070B0004FF47A73ADF80630694604A80123064AF6
:1070C000FFF720FD0690069B18460AB010BD00BFD2
:1070D000D8470020904700209247002000B583B099
:1070E000FFF70CFD019000BF03B000BD00B583B0F9
:1070F0002422002108480FF039FD084808F083FDDC
:107100000190019B0093009B002B02D000980CF093
:107110004BF900BF03B000BDD847002090470020C6
:1071200000B587B06B4600221A605A609A60DA6038
:1071300000238DF80C306B46084A1946084808F0C1
:107140000AFD0590059B0493049B002B02D0049834
:107150000CF02AF900BF07B000BD00BF656C02004B
:107160009047002000B585B00190019B084A9A60C5
:10717000019B084ADA60FFF7D5FCFFF751FDFFF7E6
:10718000CFFF00F065F8039000BF05B000BD00BF61
:10719000496F0200B16F020041DF704700BF18461F
:1071A00000B583B00190019B5B68002B03D00120E8
:1071B00001F0B2FC09E0019B1B78012B02D0022BED
:1071C00002D002E000BF00E000BF03B000BD86B007
:1071D000019000914FF6FF73ADF816300023049331
:1071E0002DE0019A049B13441B781BB21B021AB2B8
:1071F000BDF9163053401BB2ADF81630002303938F
:1072000017E0BDF91630002B0BDABDF916305B0024
:107210001BB283F4815383F001031BB2ADF8163027
:1072200004E0BDF816305B00ADF81630039B013367
:107230000393039B072BE4D9049B01330493049A23
:10724000009B9A42CDD3BDF81630184606B0704761
:10725000014B1846704700BF2C40002008B501E0E4
:10726000FFF79AFF04480DF0A9FB0346002BF7D166
:1072700000BF00BF08BD00BFC839002000B585B001
:10728000019000230393019B23F47F6323F00F03FA
:10729000029300230122029904480DF054FB03904D
:1072A000FFF7DCFF039B184605B000BDC83900207E
:1072B00000B589B0059004911346ADF80E30002357
:1072C0000793059BC3F30B03002B0ED10023012270
:1072D000059912480DF037FB0790079B002B04D04F
:1072E000012001F019FC079B14E0FFF7B7FFBDF880
:1072F0000E3000220092049A059908480DF0D2FA47
:107300000790079B002B02D0012001F005FCFFF73E
:10731000A5FF079B184609B000BD00BFC839002073
:1073200000B587B0039002911346ADF80630039B79
:10733000B3F5802F06D3BDF80620039B1344B3F5A5
:10734000EE2F01D9102308E0BDF80630029A039908
:1073500003480DF06EFA0590059B184607B000BD76
:10736000C8390020024B01221A7000BF704700BFCD
:10737000FC470020024B01221A7000BF704700BF7B
:10738000FD47002008B5094B1B78002B04D0074BA4
:1073900000221A7000F0B0F8054B1B78002B03D0C8
:1073A0004FF4EC20FFF76AFF00BF08BDFD47002047
:1073B000FC47002000B585B0019000238DF80F3008
:1073C000019B5B78082B70D0082B7ADC072B61D0EF
:1073D000072B76DC062B49D0062B72DC042B3AD027
:1073E000042B6EDC032B2BD0032B6ADC022B1CD06E
:1073F000022B66DC002B02D0012B0BD061E00123B5
:107400008DF80F30019B03332022194635480FF0C9
:1074100042FB56E001238DF80F30019B03332022FD
:10742000194631480FF037FB4BE001238DF80F3040
:10743000019B0333202219462C480FF02CFB40E01F
:1074400001238DF80F30019B033320221946284871
:107450000FF021FB35E001238DF80F30019B033342
:107460002022194623480FF016FB2AE001238DF84D
:107470000F30019BB3F803309AB21A4BA3F8C02027
:10748000184BB3F8C030042B1AD8164B0522A3F8BA
:10749000C02015E001238DF80F30019BB3F90330B4
:1074A0001AB2104BA3F8C2200BE001238DF80F3065
:1074B000019BB3F803309AB20A4BA3F8C42000E052
:1074C00000BF9DF80F30002B08D0FFF753FF019B42
:1074D00019221A701421019803F074F800BF05B046
:1074E00000BD00BF2C4000204C4000206C4000201C
:1074F0008C400020AC40002000B5BDB0EE210F480C
:10750000FFF765FE03461A460C4BA3F8EE20F02267
:107510000A494FF4EC20FFF7CBFE6B46F0221946E8
:107520004FF4EC20FFF7FCFE6B46F02219460348AF
:107530000FF076FA00BF3DB000BD00BF2C40002028
:1075400000B583B00022044904480DF056F90190BB
:10755000019B184603B000BD14700300C839002019
:10756000BFF34F8F00BF064BDB6803F4E0620449B2
:10757000044B1343CB60BFF34F8F00BF00BFFDE749
:1075800000ED00E00400FA0582B001904FF0A04346
:10759000184602B0704700B585B001900846114604
:1075A0001A4603468DF803300B468DF80230134619
:1075B0008DF8013001AB1846FFF7E6FF03909DF808
:1075C00003209DF802305B001A439DF801309B00B8
:1075D0001A439DF818301B0242EA03019DF81C3043
:1075E0001B04019A1943039B02F5E07243F8221031
:1075F00000BF05B000BD00B585B003900023019326
:10760000002300930023012201210398FFF7C3FF09
:1076100000BF05B000BD00B585B003900B468DF8E6
:107620000B309DF80B3000220192002200920022C4
:1076300000210398FFF7AFFF00BF05B000BD00B504
:1076400085B0019001AB1846FFF79EFF0390019BA8
:10765000012202FA03F31946039800F06FF800BF05
:1076600005B000BD00B585B0019001AB1846FFF72D
:107670008BFF0390019B012202FA03F31946039842
:1076800000F066F800BF05B000BD00B585B0019000
:1076900001AB1846FFF778FF0390039BD3F804353E
:1076A0000293029BDA43019B012101FA03F31A4082
:1076B000039BC3F80825019B01229A40029B1A40B4
:1076C000039BC3F80C2500BF05B000BD00B585B015
:1076D000019001AB1846FFF757FF0390039800F0A5
:1076E0001DF80246019B22FA03F303F0010318463A
:1076F00005B000BD00B585B0019001AB1846FFF79D
:1077000043FF0390039800F011F80246019B22FA10
:1077100003F303F00103184605B000BD82B00190E9
:10772000019BD3F81035184602B0704782B0019023
:10773000019BD3F80435184602B0704782B001901F
:107740000091019B009AC3F8082500BF02B0704762
:1077500082B001900091019B009AC3F80C2500BFF4
:1077600002B07047024B05229A7100BF704700BFFC
:1077700004480020024B0A22DA7200BF704700BFA3
:1077800004480020024B0122DA7000BF704700BF9E
:1077900004480020034B01229A70024B0022DA7049
:1077A00000BF70470448002008B5094B01225A71F8
:1077B0001820FFF79FFF0346002B03D0044B142231
:1077C0005A7402E0024B0A221A7400BF08BD00BFBF
:1077D00004480020024B28229A7200BF704700BF65
:1077E0000448002082B00190019B452B03D9054B32
:1077F0000A221A7302E0034B0A225A7300BF02B036
:10780000704700BF0448002008B500220021012075
:1078100000F08CFA054B01221A71044B03229A7373
:10782000024B0A22DA7300BF08BD00BF04480020E3
:1078300008B500220021002000F078FA024B002257
:107840001A7100BF08BD00BF0448002008B5FFF74B
:1078500089FD01220021002000F068FA064B012278
:107860005A70054B0F22DA71034B0F221A72024B2A
:107870000F225A7200BF08BD04480020024B0022AC
:107880005A7000BF704700BF0448002082B0034612
:107890008DF80730064A9DF807301370054B01221A
:1078A0001A70044B05229A7400BF02B0704700BFE3
:1078B000FE47002004480020024B00221A7000BF3F
:1078C000704700BF0448002000B583B00190A34B6F
:1078D0001B68002B40F03981A14B5B79DBB2002B98
:1078E00030D09F4B1B7CDBB2002B15D09C4B1B7CFC
:1078F000DBB2013BDAB29A4B1A740022012100205C
:1079000000F014FA964B1B7CDBB2002B40F01F8179
:10791000012002F063FF1AE1914B5B7CDBB2002B8C
:107920000CD08F4B5B7CDBB2013BDAB28C4B5A74D0
:1079300000220021012000F0F9F908E1884B002223
:107940005A7104E1864B5B78DBB2002B3AD0844B52
:10795000DB79DBB2002B0CD0814BDB79DBB2013B56
:10796000DAB27F4BDA7101220021002000F0DEF94B
:10797000F2E07B4B1B7ADBB2002B0CD0784B1B7AEE
:10798000DBB2013BDAB2764B1A72002200210120F1
:1079900000F0CCF9E0E0724B5B7ADBB2002B0CD04C
:1079A0006F4B5B7ADBB2013BDAB26D4B5A7200224D
:1079B0000121002000F0BAF9CEE0FFF75FFF03F0ED
:1079C00015FBC9E0664B9B78DBB2002B18D0162064
:1079D000FFF77CFE0346002B01D0FFF7D3FE604B80
:1079E000DB78DBB2002B05D000220121002000F063
:1079F0009DF9B1E000220021012000F097F9ABE0F1
:107A0000574B1B79DBB2002B22D0554BDB7BDBB213
:107A1000013BDAB2524BDA73514BDB7BDBB2002B0A
:107A200040F097804E4B0A22DA730D20FFF72DFEAF
:107A30004B4B9B7BDBB2013BDAB2494B9A73484B11
:107A40009B7BDBB2002B40F08480FFF7F1FE80E0EF
:107A5000434B1B78DBB2002B11D0414B9B7CDBB23C
:107A6000013BDAB23E4B9A743D4B9B7CDBB2002B60
:107A700071D13B4B05229A7400F088F96BE0384BCA
:107A8000DB7ADBB2002B0CD0354BDB7ADBB2013B6F
:107A9000DAB2334BDA7200220021012000F046F9FD
:107AA0005AE02F4B9B7ADBB2002B15D02C4B9B7AE4
:107AB000DBB2013BDAB22A4B9A72294B9B7ADBB2DA
:107AC000002B03D100210020FEF7D4FE002201216B
:107AD000002000F02BF93FE0214B1B7BDBB2002B99
:107AE0000CD01F4B1B7BDBB2013BDAB21C4B1A7371
:107AF00000220121002000F019F92DE0184B5B7BDA
:107B0000DBB2002B0CD0164B5B7BDBB2013BDAB255
:107B1000134B5A7300220121012000F007F91BE0EA
:107B20000F4B9B79DBB2002B0CD00D4B9B79DBB25A
:107B3000013BDAB20A4B9A7101220121012000F0C7
:107B4000F5F809E000F0E6F806E000BF04E000BF49
:107B500002E000BF00E000BF03B000BD984C002071
:107B60000448002000B585B001901320FFF7AEFD5A
:107B70000346DAB2244B1A70234B1B78002B40D1FA
:107B8000224B1B680133214A1360204B1B680A2BD0
:107B900008D11820FFF7AEFD0346002B23D0FFF7D6
:107BA00055FE20E0194B1B68032B0FD11820FFF75F
:107BB000A1FD0346002B04D1FFF7F6FD00F0A4F869
:107BC00011E0FFF7F1FD00F099F80CE00F4B1B6896
:107BD000062B08D11820FFF78DFD0346002B02D09D
:107BE000022002F0FBFD0A4B00224FF480411846B0
:107BF0000BF02AFF0390039B002B02D003980BF09D
:107C0000D3FB00BF05B000BD17480020004800208E
:107C10002041002000B585B001900B468DF803305F
:107C200000230393019B132B09D0019B132B5BD8DB
:107C3000019B072B4AD0019B112B3FD054E013200E
:107C4000FFF744FD0346DAB2294B1A70284B1B7824
:107C5000002B22D0274B18460BF043FF0390264BF6
:107C60001B68002B3BD11820FFF744FD0346002B77
:107C700035D0FEF719FC0290029B452B03D90298E0
:107C8000FFF7B0FD2BE0029B1D2B03D90298FFF7F5
:107C9000A9FD24E0FFF7B8FD21E0174B00221A6090
:107CA000144B18460BF01DFF0390124B00224FF4AB
:107CB000804118460BF0C8FE039010E01120FFF73A
:107CC00005FD0346002B0CD0FFF74AFC0720FFF709
:107CD000FDFC0346002B06D001F068FA03E000BF6C
:107CE00002E000BF00E000BF00BF05B000BD00BF64
:107CF00017480020204100200048002008B5182027
:107D0000FFF7B0FC00BF08BD08B51820FFF797FCCF
:107D100000BF08BD08B50B20FFF7A4FC0C20FFF73F
:107D2000A1FC0D20FFF79EFC00BF08BD00B583B08D
:107D300003468DF807300B468DF8063013468DF854
:107D400005309DF80730002B03D00D20FFF777FC9E
:107D500002E00D20FFF786FC9DF80630002B03D0D3
:107D60000B20FFF76CFC02E00B20FFF77BFC9DF87B
:107D70000530002B03D00C20FFF761FC02E00C2043
:107D8000FFF770FC00BF03B000BD000008B51D4B3D
:107D90001B78002B1AD11C4B1B78002B09D01A4BD7
:107DA00000221A700D20FFF75DFC0C20FFF747FC46
:107DB00008E0154B01221A700D20FFF740FC0C2043
:107DC000FFF750FC0B20FFF74DFC19E00E4B1B7822
:107DD000002B09D00C4B00221A700D20FFF742FC3B
:107DE0000B20FFF72CFC08E0074B01221A700D2036
:107DF000FFF725FC0B20FFF735FC0C20FFF732FCCA
:107E000000BF08BDFE4700201848002000B595B00F
:107E1000132009F021FB132009F04EFC09F010FBA0
:107E2000034683F00103DBB2002B08D009F0A4FA6B
:107E30001390139B002B02D013980BF0B5FAA24AB3
:107E40000021A2480BF0DAFD1290129B002B02D009
:107E500012980BF0A9FA9E4A01219E480BF0CEFD24
:107E60001190119B002B02D011980BF09DFA0B2062
:107E7000FFF7C1FB0C20FFF7BEFB0D20FFF7BBFB9C
:107E80001820FFF7B8FBFFF745FFFFF737FF924BCE
:107E9000002240F2666118460BF0D6FD1090109B50
:107EA000002B02D010980BF07FFA4FF420330F9381
:107EB0004FF480430E9300238DF817300023049372
:107EC0000023039300230D9300238DF8333000210A
:107ED0001620FFF7A0FB00211320FFF79CFB0021D9
:107EE0001120FFF798FB1120FFF7F0FB0346002B52
:107EF0004ED002F0B7FCFFF74DFC0BF037FE0D90B3
:107F00001320FFF7E3FB0346002B0CBF01230023E4
:107F10008DF833301320FFF7D9FB0346002B2ED109
:107F20009DF81730DBB283F00103DBB2002B07D0E2
:107F300001238DF817300D9B04930D9B0393DCE711
:107F4000049B19460D980BF006FE0790039B1946FB
:107F50000D980BF000FE02460E9B934204D80D9B39
:107F60000393079B9B0B0693079A0F9B9A42C4D3DC
:107F7000594B18460BF0B5FD00F0BAFEBDE79DF871
:107F80001730DBB2002BB8D000238DF81730B4E7E0
:107F900003238DF8083000238DF809309DF80A304E
:107FA00023F001038DF80A309DF80A3023F0020314
:107FB0008DF80A309DF80A3023F004038DF80A305A
:107FC00000238DF8093002AB444A1946132009F00A
:107FD0006DFA0B900B9B002B02D00B980BF0E4F981
:107FE0000121132009F0D2FA03238DF80430002375
:107FF0008DF805309DF8063023F001038DF806302A
:108000009DF8063023F002038DF806309DF8063007
:1080100023F004038DF8063000238DF8053001AB02
:108020002E4A1946072009F041FA0A900A9B002BB4
:1080300002D00A980BF0B8F90121072009F0A6FA3E
:1080400003238DF8003000238DF801309DF80230B5
:1080500023F001038DF802309DF8023023F0020373
:108060008DF802309DF8023023F004038DF80230C1
:1080700000238DF801306B46184A1946112009F08B
:1080800015FA0990099B002B02D009980BF08CF986
:108090000121112009F07AFA1320FFF717FB03469C
:1080A000002B0DD10E4B00224FF4804118460BF0EF
:1080B000CBFC0890089B002B02D008980BF074F9B9
:1080C00000BF15B000BD00BF657B0200486F030014
:1080D000C97802004C6F030040410020157C02006B
:1080E0002041002072DF704700BF184673DF7047E1
:1080F00000BF184674DF704700BF184676DF704730
:1081000000BF184677DF704700BF18467CDF704716
:1081100000BF184633DF704700BF184600B585B072
:10812000019000238DF80B3000238DF80A30019B5D
:108130001B78002B01D0032B1AE002F0C9FB034689
:108140008DF80B300023039302E0039B013303936C
:10815000019B9B8A1A46039B9342F6D3019B1869A5
:10816000019B9B8A9DF90B201946FEF7BDFA00BFC3
:1081700000BF05B000BD00B583B0FFF7CBFF019095
:10818000019B0093009B002B02D000980BF00CF990
:1081900000BF03B000BD00B583B003468DF80730C3
:1081A0009DF80730002B01D0032B02E0FFF7E3FF1F
:1081B00000BF00BF03B000BD00B583B001900198BF
:1081C0000BF0F2F800BF03B000BD000000B587B0AF
:1081D00000230193144B019301AB1946134807F098
:1081E00080FA0590059B0493049B002B02D0049811
:1081F0000BF0DAF802AB0422002118460EF0B6FCB0
:108200000B4B029302AB19460A4807F0A9FE0590F2
:10821000059B0393039B002B02D003980BF0C4F83B
:1082200000BF07B000BD00BFB98102002448002094
:108230001D8102006C41002000B5AFB001ABAC2243
:10824000002118460EF092FC02238DF80430002322
:108250008DF8063005238DF807300123ADF8503036
:10826000114B159301238DF87C3001238DF880305C
:10827000A0232393002324930C4B2A9301AB19468C
:108280000B4804F0FFFB2D902D9B2C932C9B002B77
:1082900002D02C980BF088F80121054804F0E5FB8A
:1082A00000BF2FB000BD00BF8841002097810200B1
:1082B0003048002000B585B001900B46ADF8023083
:1082C0000A4ABDF802301380BDF80230194608484A
:1082D00007F029FA0390039B0293029B002B02D024
:1082E00002980BF061F800BF05B000BD60410020AE
:1082F0002448002000B585B001900B46ADF802304F
:108300001346ADF80030BDF800300DF102020199BE
:10831000034807F0CBFE0390039B184605B000BD51
:108320006C41002000B583B0084B1B884FF6FF72EC
:10833000934207D0054B1B8813211846FFF7DEFE3A
:10834000019000E000BF03B000BD00BF604100200D
:1083500000B583B00B4B93F854301846FFF7CAFEB4
:108360000190019B002B0AD0019B082B07D0019B99
:108370000093009B002B02D000980BF015F800BF73
:1083800003B000BD3048002000B585B001909DF8D5
:108390000830012262F303038DF808309DF808309D
:1083A000012262F307138DF8083001980EF05DFB8F
:1083B00003469AB202AB01991846FFF7A7FE039055
:1083C00000BF05B000BD000000B59BB0FEF740FF48
:1083D000189000238DF8673008AB3C220021184626
:1083E0000EF0C4FB02238DF8203004238DF82330D7
:1083F00000238DF8223002F001F80346002B07D04D
:10840000214B44F221321A8004238DF8673008E0B2
:108410001D4B41F234221A80189BB3F9C2308DF8FB
:108420006730189B03F1A0026B46184918460DF0FF
:1084300095FF154A6B4693606B4618460EF015FB88
:1084400003469AB2104B9A800F4B129301238DF87A
:108450004C300F4B93F8543019469DF967301A464B
:108460000120FFF74FFE1790179B002B01D0179BA1
:1084700007E008AB00221946054804F01CFD1790E0
:10848000179B18461BB000BD644C0020506F0300C2
:108490003048002000B595B0FEF7DAFE1390284B67
:1084A0001B788DF806300123ADF8043002AB3C2276
:1084B000002118460EF05AFB06238DF80B300223DC
:1084C0008DF8083001F09AFF0346002B04D01D4BB5
:1084D00044F221321A8003E01A4B41F234221A800E
:1084E000139BA033174A9360139BA03318460EF0DA
:1084F000BCFA03469AB2134B9A80124B0C93012399
:108500008DF8343002AB002219460F4804F0D3FC3A
:108510001290129B002B01D0129B0EE004238DF8C9
:108520004730094B93F8543019469DF947301A46A5
:108530000120FFF7E7FD1290129B184615B000BD11
:108540006C410020704C00203048002000B585B000
:10855000034600918DF80730FEF77AFE0290002363
:1085600003939DF80730002B35D0029B1846FFF788
:108570000BFFFFF729FF0346002B02D0039B0133BB
:108580000393284B052283F83C20029BB3F8C430A8
:10859000DB00254A82FB03125210DB17D31A1A465E
:1085A000204B5A64214A22492248FFF79BFD03468B
:1085B000002B02D0039B013303931A4B93F85430E2
:1085C00001211846FFF792FD0346002B20D0039BA4
:1085D000013303931CE0029B1846FFF7D5FEFFF71B
:1085E00059FF0346002B02D0039B013303930D4B2D
:1085F000A0225A610B4B012283F83C200321094839
:1086000004F018FB0346002B02D0039B01330393B5
:10861000039B002B02D0082000F07EFA00BF05B0BB
:1086200000BD00BF30480020676666666C480020C9
:10863000404C00208448002000B583B00190019B8D
:10864000054A1A60019B054A5A60FFF7BFFDFFF714
:10865000F3FD00BF03B000BDB5820200F582020049
:1086600076DF704700BF18467FDF704700BF1846AF
:108670008FDF704700BF1846B1DF704700BF184654
:1086800082B001904FF0A043184602B0704700B589
:1086900085B00190084611461A4603468DF803300E
:1086A0000B468DF8023013468DF8013001AB1846A9
:1086B000FFF7E6FF03909DF803209DF802305B0072
:1086C0001A439DF801309B001A439DF818301B0295
:1086D00042EA03019DF81C301B04019A1943039BD5
:1086E00002F5E07243F8221000BF05B000BD00B5EE
:1086F00085B00390002301930023009300230122FF
:1087000001210398FFF7C3FF00BF05B000BD00B50E
:1087100085B003900B468DF80B309DF80B3000228E
:10872000019200220092002200210398FFF7AFFF80
:1087300000BF05B000BD00B585B0019001AB184683
:10874000FFF79EFF0390019B012202FA03F31946F3
:10875000039800F053F800BF05B000BD00B585B028
:10876000019001AB1846FFF78BFF0390019B01229C
:1087700002FA03F31946039800F04AF800BF05B067
:1087800000BD00B585B0019001AB1846FFF778FF3A
:108790000390039BD3F804350293029BDA43019BB9
:1087A000012101FA03F31A40039BC3F80825019B3A
:1087B00001229A40029B1A40039BC3F80C2500BF7C
:1087C00005B000BD00B585B0019001AB1846FFF7BC
:1087D00057FF0390039800F009F80246019B22FA24
:1087E00003F303F00103184605B000BD82B0019009
:1087F000019BD3F81035184602B0704782B0019043
:108800000091019B009AC3F8082500BF02B0704791
:1088100082B001900091019B009AC3F80C2500BF23
:1088200002B0704700B58BB00190009100238DF825
:108830002730019B1B88562B68D0562B76DC522B99
:1088400043D0522B72DC3B2B50D03B2B6EDC212BC8
:1088500013D0212B6ADC132B26D0132B66DC102BB4
:1088600066D0112B00D061E0019B1B7A8DF80B3094
:10887000364B4FF6FF721A8065E000238DF8083002
:1088800000238DF80930019B9B8802AA11461846E7
:10889000FFF7EEFE0890089B0493049B002B49D041
:1088A00004980AF081FD45E0284B18880023002237
:1088B0008521FFF7D9FE0890089B0393039B002BAB
:1088C0003AD003980AF070FD36E0204B1888002358
:1088D00000220021FFF7D0FE0890089B0693069B1C
:1088E000002B2BD006980AF05FFD27E0019B9B88A8
:1088F00013211846FFF7B4FE0890089B0593059BCB
:10890000002B1DD005980AF04FFD19E0019B9B88B4
:1089100013211846FFF7A4FE0890089B0793079BB6
:10892000002B0FD007980AF03FFD0BE000BF0AE0D4
:1089300000BF08E000BF06E000BF04E000BF02E0A7
:1089400000BF00E000BF00BF0BB000BD1042002020
:1089500008B50CF071FD00BF08BD00B583B00190F3
:108960000B468DF80330019B132B08D0019B132B72
:108970001CD8019B072B10D0019B112B16E0132054
:10898000FFF720FF0346002B03D00C20FFF7E6FE85
:108990000CE00C20FFF7CFFE08E00720FFF712FFE6
:1089A0000346002B01D000F001FC00BF00BF03B064
:1089B00000BD000000B589B0554A02AB12681146EF
:1089C00019800233120C1A7002AB524A1946132056
:1089D00008F06CFD0790079B002B02D007980AF067
:1089E000E3FC0121132008F0D1FD03238DF80430AE
:1089F00000238DF805309DF8063023F001038DF833
:108A000006309DF8063023F002038DF806309DF8FD
:108A1000063023F004038DF8063000238DF805306E
:108A200001AB3C4A1946112008F040FD0690069B18
:108A3000002B02D006980AF0B7FC0121112008F0A3
:108A4000A5FD03238DF8003000238DF801309DF83B
:108A5000023023F001038DF802309DF8023023F03C
:108A600002038DF802309DF8023023F004038DF8E4
:108A7000023000238DF801306B46264A1946072044
:108A800008F014FD0590059B002B02D005980AF014
:108A90008BFC0121072008F079FD01211620FFF74A
:108AA00036FE0B20FFF723FE0C20FFF720FE0D20E3
:108AB000FFF71DFE1820FFF71AFE1820FFF74EFEE5
:108AC0000BF054F804904FF4004303930B20FFF78E
:108AD00032FE0C20FFF72FFE0D20FFF72CFE00BF0B
:108AE0000BF044F80346049918460BF034F802469C
:108AF000039B9342F4D80B20FFF730FE0C20FFF7C6
:108B00002DFE0D20FFF72AFE00BF09B000BD00BFFB
:108B1000646F03005B89020000B583B001901D4AB9
:108B2000019B13600B20FFF719FE0C20FFF716FEC8
:108B30000D20FFF713FE174B1B68082B1FD0082BC7
:108B400024D8042B14D0042B20D8012B02D0022BC4
:108B500007D01BE0642301220021002000F04EF822
:108B600015E0642300220021012000F047F80EE008
:108B7000642300220121002000F040F807E0642374
:108B800001220121012000F039F800E000BF00BF00
:108B900003B000BD984C002000B585B00190FDF7F2
:108BA0007DFC0390039B41F2CB02934204D8039BCC
:108BB00040F64852934203D80220FFF7ADFF00BFB2
:108BC00000BF05B000BD00B583B001900D20FFF7D8
:108BD000D8FD00BF03B000BD00B583B001900C20EC
:108BE000FFF7CFFD00BF03B000BD00B583B001901B
:108BF0000B20FFF7C6FD00BF03B000BDF0B585B088
:108C0000009303468DF807300B468DF80630134667
:108C10008DF80530009B00221C4615464FF00002DF
:108C20004FF00003EB0343EA5443E20312F57A7674
:108C300043F100074FF4FA624FF000033046394623
:108C40000DF080FA02460B46134603939DF8073059
:108C5000002B09D0144B18460AF043FF124B002298
:108C6000039918460AF0F0FE9DF80630002B09D053
:108C70000E4B18460AF035FF0C4B0022039918469C
:108C80000AF0E2FE9DF80530002B09D0084B18468B
:108C90000AF027FF064B0022039918460AF0D4FE7B
:108CA00000BF05B0F0BD00BFB0410020F041002082
:108CB000D041002008B5084A012108480AF09EFE6C
:108CC000074A012107480AF099FE074A012107488F
:108CD0000AF094FE00BF08BDC78B0200586F030066
:108CE000D98B02005C6F0300EB8B0200606F030006
:108CF00000B583B0FFF75EFEFFF7DCFFFDF7ACFCCD
:108D0000FEF71EFC0346002B02D00120FFF704FFF4
:108D1000002000F025FA034683F00103DBB2002BAC
:108D200002D00420FFF7F8FE00F0DAF801F0EAFDC7
:108D300000210020FFF70AFC0C4A01210C480AF030
:108D40005DFE0190019B0093009B002B02D00098D8
:108D50000AF02AFB074B00224FF4804118460AF024
:108D600073FE00F0BDF8FFF7F3FDFAE7998B020000
:108D7000546F03009041002000B58DB00190019B1D
:108D8000D3F8023003F5FD4310330B930AF0EEFEE7
:108D90000346074A1360074A0B9B1360064B0122E8
:108DA0001A7002AB184600F02FF800BF0DB000BDDE
:108DB000A04C00209C4C0020A44C002000B585B0A5
:108DC0000E4B1B7883F00103DBB2002B01D0002394
:108DD00010E00AF0CBFE0390094B1B68194603987C
:108DE0000AF0B9FE0290029BDB0B0193054B1A6857
:108DF000019B1344184605B000BD00BFA44C0020E1
:108E0000A04C00209C4C002030B585B00190FFF7AD
:108E1000D5FF03460293019B002B11D002AB1846ED
:108E20000DF0E9FF0390039B002B09D0019A039BEF
:108E300014461D460FCD0FC40FCD0FC42B68236001
:108E400000BF05B030BD82B001904FF0A04318467E
:108E500002B0704700B585B0019001AB1846FFF72E
:108E6000F2FF0390039800F009F80246019B22FAF2
:108E700003F303F00103184605B000BD82B0019072
:108E8000019BD3F81035184602B0704700B587B083
:108E9000019000910023ADF8103078238DF80F3049
:108EA0000023059304AB1946002001F016F8034691
:108EB0000593BDF81030C3F308039BB2002B0BD011
:108EC000059B002B08D1009B9BB20DF10F00019A6E
:108ED000012100F00DFFE5E700BF07B000BD000075
:108EE00010B588B000230793484B1B78DBB2002BEA
:108EF00006D10720FFF7AEFF0346002B00F081806C
:108F0000434B1A681346DB009B1A0693069901200F
:108F10000DF06BFD03460593059B002B73D03B4B77
:108F200000221A7000F078FF0023ADF80C301B23EC
:108F30008DF8103003AB1946002000F0CEFF9DF8ED
:108F40000D3003F01003DBB2002B12D0069B9BB256
:108F50001946059800F080FB07902E4B1B78DBB27A
:108F600083F00103DBB2002B1ED0079800F014FD44
:108F70001AE048F20103ADF8083002AB02211846AE
:108F800000F08AFE70238DF807300DF107000423EE
:108F9000214A012100F0ACFE00238DF8093002AB1C
:108FA0000221184600F078FE0020FDF783FA194BE5
:108FB0001B78DBB2002B1BD01422002117480DF0C8
:108FC000D5FD164B31221A70144B03225A70134BE5
:108FD00000229A70114B1022DA70104B104A1C1D9F
:108FE00013460FCB84E80F0014210C4801F0EAFA75
:108FF00006990598FFF74AFF05980DF0EBFC00F085
:10900000F3FE00F085FB08B010BD00BFCC4C002083
:109010001C420020CD4C0020C84C0020A84C002051
:10902000BC4C002000B585B00023ADF804301B23F4
:109030008DF80C3001AB1946002000F04EFFBDF852
:109040000430C3F308039BB2ADF80E30BDF80E3008
:10905000184605B000BD000000B583B000230193A1
:1090600010E00C4A019B12F813308DF800300023F9
:109070008DF801306B460221184600F00DFE019B71
:1090800001330193019BB3F5947FEAD300BF00BF86
:1090900003B000BD2C42002000B583B00023019333
:1090A00020E0144A019B12F813308DF80030114A69
:1090B000019B12F81330072B05D10F4B1B68DBB255
:1090C0008DF8013006E00B4A019B5B0013445B788E
:1090D0008DF801306B460221184600F0DDFD019B42
:1090E00001330193019B052BDBD900BF00BF03B007
:1090F00000BD00BF204200201C42002000B583B00C
:109100000023019320E0144A019B12F813308DF8DC
:109110000030114A019B12F81330072B05D10F4B79
:109120001B68DBB28DF8013006E00B4A019B5B0047
:1091300013445B788DF801306B460221184600F02D
:10914000ABFD019B01330193019BB3F5947FDAD30F
:1091500000BF00BF03B000BD2C4200201C42002015
:1091600000B583B003468DF8073000F055FE00F0DF
:1091700097FA034683F00103DBB2002B03D000F023
:1091800033FE00230FE0FFF767FF9DF80730002B49
:1091900002D0FFF7B3FF01E0FFF77EFFFFF742FFCA
:1091A00000F022FE0123184603B000BD024B01224D
:1091B0001A7000BF704700BFCC4C002000B589B0CA
:1091C0000346ADF806300B46ADF804301346ADF853
:1091D0000230BDF9063007EE903AB8EEE77A3E4B22
:1091E000D3ED007A67EE277ACDED067ABDF904302B
:1091F00007EE903AB8EEE77A374BD3ED007A67EE98
:10920000277ACDED057ABDF9023007EE903AB8EE37
:10921000E77A314BD3ED007A67EE277ACDED047A09
:109220002E4B1B78DBB2002B26D0DDED067A9FEDAE
:109230002C7A67EE877AFDEEE77A17EE903A1AB24B
:10924000284B1A80DDED057A9FED257A67EE877A47
:10925000FDEEE77A17EE903A1AB2224B5A80DDED16
:10926000047A9FED1F7A67EE877AFDEEE77A17EEB4
:10927000903A1AB21B4B9A80DDED067A27EEA77A58
:10928000DDED057A67EEA77A37EE277ADDED047A11
:1092900067EEA77A77EE277AB0EE670A0CF04EFFFA
:1092A0008DED030ADDED037AB7EE007A77EEC77A2B
:1092B000CDED077ADDED077AF5EEC07AF1EE10FA22
:1092C00002D54FF000030793079B07EE903AB0EEEC
:1092D000670A09B000BD00BF14420020CD4C002039
:1092E00000007A44BC4C002000B587B00346ADF8BE
:1092F00006300B46ADF804301346ADF80230BDF928
:10930000063007EE903AB8EEE77A3B4BD3ED007AA1
:1093100067EE277ACDED047ABDF9043007EE903A76
:10932000B8EEE77A344BD3ED007A67EE277ACDEDCD
:10933000037ABDF9023007EE903AB8EEE77A2E4B89
:10934000D3ED007A67EE277ACDED027A2B4B1B78AE
:10935000DBB2002B26D0DDED047AB2EE047A67EEA4
:10936000877AFDEEE77A17EE903A1AB2244BDA804C
:10937000DDED037AB2EE047A67EE877AFDEEE77AE6
:1093800017EE903A1AB21E4B1A81DDED027AB2EE58
:10939000047A67EE877AFDEEE77A17EE903A1AB212
:1093A000174B5A81DDED047A27EEA77ADDED037ABB
:1093B00067EEA77A37EE277ADDED027A67EEA77AB5
:1093C00077EE277AB0EE670A0CF0B8FE8DED050A4D
:1093D000DDED057AB0EE007AF4EEC77AF1EE10FA20
:1093E00002D54FF000030593059B07EE903AB0EECF
:1093F000670A07B000BD00BF18420020CD4C002016
:10940000BC4C002000B58FB0019000914FF00003DC
:109410000D934FF000030C930023ADF82E30002382
:10942000ADF82C3000230A93A9E00A9A1346DB001A
:109430009B1A0693069B019A13441B78DB088DF850
:1094400017309DF81730022B49D1069B0233019A41
:1094500013441B781BB21B021AB2069B01330199FD
:109460000B441B781BB21343ADF80E30069B04333C
:10947000019A13441B781BB21B021AB2069B0333DA
:1094800001990B441B781BB21343ADF80C30069BBB
:109490000633019A13441B781BB21B021AB2069BB7
:1094A000053301990B441B781BB21343ADF80A3006
:1094B000BDF90E20BDF90C10BDF90A301846FFF7B2
:1094C0007DFEB0EE407ADDED0D7A77EE877ACDED58
:1094D0000D7ABDF82E300133ADF82E304CE09DF8FA
:1094E0001730012B48D1069B0233019A13441B7895
:1094F0001BB21B021AB2069B013301990B441B7865
:109500001BB21343ADF81430069B0433019A134485
:109510001B781BB21B021AB2069B033301990B4442
:109520001B781BB21343ADF81230069B0633019A29
:1095300013441B781BB21B021AB2069B0533019918
:109540000B441B781BB21343ADF81030BDF910204B
:10955000BDF91210BDF914301846FFF7C5FEB0EE84
:10956000407ADDED0C7A77EE877ACDED0C7ABDF896
:109570002C300133ADF82C300A9B01330A930A9B3F
:10958000009A9A423FF651AF4FF000030993BDF89D
:109590002E30002B0CD0BDF82E3007EE903AB8EEEE
:1095A000677ADDED0D6AC6EE877ACDED087A02E0C6
:1095B0004FF000030893BDF82C30002B0CD0BDF801
:1095C0002C3007EE903AB8EE677ADDED0C6AC6EE05
:1095D000877ACDED077A02E04FF000030793BDF8DC
:1095E0002E30002B0FD0BDF82E3007EE903AB8EE9B
:1095F000677ADDED0D6AC6EE877A9DED097A77EE22
:10960000277ACDED097ABDF82C30002B13D0BDF8A8
:109610002C3007EE903AB8EE677ADDED0C6AC6EEB4
:10962000877A9FED0B7A67EE877A9DED097A77EE60
:10963000277ACDED097ADDED097A9FED067A67EE9E
:10964000877AFCEEE77A17EE903A18460FB000BD25
:109650006F12033B00007A4400B585B001900B46C1
:10966000ADF8023078238DF80D3000238DF80F30DF
:1096700000238DF80E30BDF802300DF10D00019A77
:10968000012100F035FB054B1B6819460198FFF7D7
:10969000B9FE0346184605B000BD00BF1C420020BD
:1096A00000B583B00F238DF8073000238DF8063006
:1096B0000DF106020DF107000123012100F018FB56
:1096C0009DF80630712B01D1012300E000231846DC
:1096D00003B000BD30B482B00190019B002B0ED0CE
:1096E000094A019B14461D4628686968AA68EB6808
:1096F0000FC428692060054B01221A7000E000BFEA
:1097000002B030BC704700BFA84C0020CE4C0020F7
:1097100000B587B0444B1B78002B00F08380424B90
:1097200000221A70414BDB788DF816303F4B9B7846
:109730008DF8153000238DF817309DF81630002B6A
:109740006FD09DF81630102B6BD800F065FB374BAF
:109750005B78032B47D0032B57DC022B31D0022B35
:1097600053DC002B02D0012B0FD04EE09DF81630B9
:109770009BB20DF115002E4A012100F0B9FA012328
:109780008DF8173000F030FB3FE09DF815308DF874
:1097900004309DF8162001AB0133254918460DF021
:1097A000B3F99DF816309BB201339AB201AB114662
:1097B000184600F071FA01238DF8173000F014FB01
:1097C00023E000F011FB1B4B01221A701A4B1B4ABD
:1097D0001A601B4B1B4A1A601B4B02221A600120A5
:1097E000FFF7BEFC11E000F0FFFA124B00221A70E6
:1097F000114B164A1A60124B124A1A60124B4B2236
:109800001A600020FFF7ACFC00BF9DF81730002B5A
:1098100008D0064B31221A701421044800F0D2FE01
:1098200000E000BF07B000BDCE4C0020A84C0020D7
:10983000AC4C0020CD4C00201442002040DA7F398F
:1098400018420020295C8F3D1C42002040DA7F38FE
:10985000014B1846704700BFD04C002086B00190E5
:10986000019B08330593059BA3F58022144BA3FBB2
:109870000213590B0B465B000B441B03D31A0493D2
:10988000049BB3F5345F0FD3059BA3F580230C4AEB
:10989000A2FB03235B0B0393039A13465B00134461
:1098A0001B0303F586230593059BB3F5982F02D37D
:1098B0004FF480230593059B184606B0704700BF00
:1098C000ABAAAAAA8EB000230D9300230C932F4BB2
:1098D0001B680B932E4B1B680A930B9A0A9B9A42A8
:1098E0001CD80A9A0B9BD31A0D930B9BA3F58023CC
:1098F000284AA2FB03235B0B03930A9BA3F5802357
:10990000244AA2FB03235B0B0293029A039BD21A05
:1099100013465B0013441B020C9327E00A9A0B9B2F
:10992000D31A03F540430D930B9BA3F58023194AEB
:10993000A2FB03235B0B0993042308930A9BA3F563
:109940008023144AA2FB03235B0B0793089A099B0D
:10995000D31A0693079B0593069A059B1344049319
:10996000049A13465B0013441B020C930D9A0C9B44
:109970009A4201D2002305E00D9A0C9BD31A019361
:10998000019BDB0818460EB0704700BF88440020DA
:1099900084440020ABAAAAAA00B589B0019002AB0A
:1099A0000822002118460DF0E1F8354B1B69013300
:1099B000334A1361324B5A69019B1344304A536155
:1099C000FDF746FC07902E4B1B69079AB2F8C020A2
:1099D0002C49A1FB0212920892B293424DD32A4B1A
:1099E0001B681846FFF73AFF0690284B1B68069A3B
:1099F0009A4220D1244B1A68244B1B689A421AD0F1
:109A0000224B1B68A3F58023214AA2FB03235B0B97
:109A10000593059A13465B0013441B0303F5862345
:109A20001A4A1360194B1B68B3F5982F03D3174BD1
:109A30004FF480221A60124B5A69114B1B69B2FB1A
:109A4000F3F39BB2ADF808300F4B1B6802A9082254
:109A50001846FDF72DFC0490049B002B02D10A4A06
:109A6000069B13600B4B1B6801330A4A1360044BBF
:109A700000225A61024B00221A6100BF09B000BDEA
:109A8000D04C0020CDCCCCCC7C44002080440020A5
:109A9000ABAAAAAA4C4D002000B589B001900023C2
:109AA0008DF81F30019B02330693454B1A68454BD6
:109AB0001B689A4264D100237FE0414B1B6803A9D5
:109AC00008221846FDF72CFCBDF80C109DF81F303D
:109AD0005B00069A1A440B46C3F30D0399B2138830
:109AE00061F30D0313809DF81F305B00069A134449
:109AF0001B88C3F30D039BB2C82B0AD99DF81F30F6
:109B00005B00069A1A445378022161F3871353705D
:109B10001EE09DF81F305B00069A13441B88C3F3B8
:109B20000D039BB2502B0AD99DF81F305B00069A9B
:109B30001A445378012161F38713537008E09DF8AC
:109B40001F305B00069A1A44537823F0C003537009
:109B50009DF81F3001338DF81F30194B1B681846D4
:109B6000FFF77CFE0590164B1B68059A9A4204D1BC
:109B7000144B1B68124A13600CE0114A059B1360DA
:109B80009DF81F30082B05D80D4B1A680D4B1B682C
:109B90009A4292D19DF81F30002B07D0084B1A68CB
:109BA000084B1B689A4201D0012306E09DF81F3044
:109BB000002B01D0002300E00023184609B000BDAF
:109BC0008844002084440020024B1B68024A136032
:109BD00000BF70478844002080440020044B1B686D
:109BE000044A1360044B1B68044A136000BF7047AB
:109BF0007C440020844400208044002088440020CD
:109C000082B001904FF0A043184602B0704700B5F3
:109C100085B00190084611461A4603468DF8033078
:109C20000B468DF8023013468DF8013001AB184613
:109C3000FFF7E6FF03909DF803209DF802305B00DC
:109C40001A439DF801309B001A439DF818301B02FF
:109C500042EA03019DF81C301B04019A1943039B3F
:109C600002F5E07243F8221000BF05B000BD00B558
:109C700085B003900B468DF80B309DF80B30002219
:109C8000019200220092002200210398FFF7BFFFFB
:109C900000BF05B000BD000000B587B003900B46C3
:109CA000ADF80A30104B00221A7000230593BDF85E
:109CB0000A3000220092039A6A210C4809F08CFABB
:109CC0000590059B002B03D0059B0AE00BF0B4FB2D
:109CD000054B1B78DBB283F00103DBB2002BF5D11F
:109CE000059B184607B000BD504D0020686F03006B
:109CF00000B589B0059003921A460B46ADF81230B4
:109D00001346ADF810301D4B00221A700023079344
:109D1000012300930123059A6A21194809F05CFA8E
:109D20000790079B002B03D0079B24E00BF084FBDC
:109D3000124B1B78DBB283F00103DBB2002BF5D1B1
:109D40000E4B00221A70BDF81030039A6A210C489D
:109D500009F069FA0790079B002B03D0079B0AE0E4
:109D60000BF06AFB054B1B78DBB283F00103DBB21F
:109D7000002BF5D1079B184609B000BD504D0020BF
:109D8000686F030000B583B001900091019B1B78C0
:109D9000022B18D0022B1ADC002B02D0012B04D08E
:109DA00015E00F4B01221A7016E00D4B01221A70BC
:109DB0000C4B1B68002B0ED10A4B01221A600420A9
:109DC000FEF7AAFE07E0064B01221A7004E0044BDE
:109DD00001221A7000E000BF00BF03B000BD00BF49
:109DE000504D0020544D002008B5084808F0D2FE20
:109DF000064808F06DFE064B0022C3F80025054B0F
:109E000000221A60034B1B6800BF08BD686F030087
:109E100000300040FC3F004010B586B003211920FF
:109E2000FFF725FF03211A20FFF721FF114B012225
:109E3000C3F80025104B01221A600F4B1B680F4B13
:109E40006C460FCB84E80F00694600230C4A0D488E
:109E500008F0A8FD0590059B0493049B002B02D0FD
:109E6000049809F0A1FA074808F078FE00BF06B090
:109E700010BD00BF00300040FC3F0040706F030089
:109E8000859D0200686F030000B587B003900192C2
:109E90001A460B468DF80B301346ADF808300023F8
:109EA0000593BDF808300DF10B00019A0121FFF771
:109EB0001FFF059B184607B000BD82B001900091BE
:109EC000019B002B06D0009B002B03D0009B1A782F
:109ED000019B1A7000BF02B0704700B587B00190B7
:109EE00000910023ADF8103000238DF80C300023D2
:109EF000059304AA02231B210198FFF7C5FF0590D3
:109F0000059B002B01D0059B41E004AB5A1C03AB21
:109F100011461846FFF7D1FF9DF80C30C3F300132C
:109F2000D9B2009A537861F3410353709DF80C3015
:109F3000C3F38013D9B2009A537861F3C30353700B
:109F40009DF80C30C3F34013D9B2009A537861F3F3
:109F5000820353709DF80C30C3F3C013D9B2009A3A
:109F6000537861F3041353709DF810301AB29DF8C2
:109F700011301BB21B021BB213431BB2C3F3080305
:109F800099B2009A138861F308031380059B184661
:109F900007B000BD76DF704700BF18467ADF704714
:109FA00000BF18467FDF704700BF184688DF704744
:109FB00000BF184689DF704700BF18468EDF704724
:109FC00000BF18468FDF704700BF1846B1DF7047EB
:109FD00000BF18463FDF704700BF184600B585B088
:109FE0006B460822002118460CF0C0FD1023ADF886
:109FF00000301023ADF802303123ADF804304FF4B7
:10A00000FA73ADF806306B461846FFF7C7FF0390AA
:10A01000039B0293029B002B02D0029809F0C4F923
:10A0200000BF05B000BD000000B585B00190019BE8
:10A030001B78002B0ED1094B1B883B211846FFF7DC
:10A04000A9FF0390039B0293029B002B02D002986E
:10A0500009F0AAF900BF05B000BD00BF8C44002084
:10A0600000B583B00190019809F09EF900BF03B0DC
:10A0700000BD000000B58BB001AB1C2200211846CA
:10A080000CF074FD002301934FF4A03302934FF4BE
:10A09000F023039303238DF810300023ADF8123022
:10A0A00000238DF814300A4B06930A4B079301AB3B
:10A0B000184603F0CFF80990099B0893089B002BE2
:10A0C00002D0089809F070F900BF0BB000BD00BFC6
:10A0D00029A0020061A0020000B58DB0019000919E
:10A0E00000238DF82F30019B1B88562B00F0C78072
:10A0F000562B00F3D480522B00F0A080522B00F39B
:10A10000CE803B2B00F0AB803B2B00F3C880212B93
:10A110006CD0212B00F3C3801B2B0CD01B2B00F326
:10A12000BE80132B79D0132B00F3B980102B0DD0E8
:10A13000112B3ED0B3E0019B1B7A022B40F0B18083
:10A1400064220121032000F0EFFAAAE0FDF742FBB0
:10A15000019B9A885A4B1A805A4B1B78022B02D0CB
:10A16000032B0BD018E0584B9B68554A12881146B8
:10A1700001989847554B00221A700DE0524B1B680E
:10A180004F4A1288114601989847504B01221A7085
:10A19000019B0833039300BF01214D4800F03EFAB4
:10A1A00000220021002000F0BFFA4A4B04221A705E
:10A1B00082E0019B9B88ADF81230414B1B884FF623
:10A1C000FF72934204D03E4B1B881846FFF7F2FE05
:10A1D00000F026FB012000F001FB0021002000F030
:10A1E0001DFA374B4FF6FF721A8065E000238DF899
:10A1F000083000238DF80930019B9B8802AA114684
:10A200001846FFF7DFFE0A900A9B0693069B002B79
:10A2100049D0069809F0C8F845E0294B1888002372
:10A2200000228521FFF7BEFE0A900A9B0593059B3D
:10A23000002B3AD0059809F0B7F836E0204B188883
:10A24000002300220021FFF7C1FE0A900A9B089319
:10A25000089B002B2BD0089809F0A6F827E0019B5B
:10A260009B8813211846FFF795FE0A900A9B0793D7
:10A27000079B002B1DD0079809F096F819E0019B69
:10A280009B8813211846FFF785FE0A900A9B0993C5
:10A29000099B002B0FD0099809F086F80BE000BF4E
:10A2A0000AE000BF08E000BF06E000BF04E000BF16
:10A2B00002E000BF00E000BF00BF0DB000BD00BF66
:10A2C0008C440020874D0020744D0020F044002075
:10A2D000A0BB0D00864D002000B587B00BF0ECFC54
:10A2E0000590059B0493049B002B02D0049809F071
:10A2F0005BF80023019301AB194601200BF0E2FD4E
:10A300000590059B0393039B002B02D0039809F053
:10A310004BF801AB18460BF063FE0590059B0293CA
:10A32000029B002B02D0029809F03EF800BF07B054
:10A3300000BD000082B001900091009B5A88094B3B
:10A340001B889A420BD1009B1B8840F677229342D0
:10A3500005D1009B9B88033B9AB2034B1A8000BF38
:10A3600002B070478C4400208E44002000B585B0B8
:10A370001549164804F0DBFC0390039B0293029BF3
:10A38000002B02D0029809F00FF8F7210F4804F0D3
:10A39000F8FC0390039B0193019B002B02D00198D2
:10A3A00009F002F8FB224FF6FF71084804F005FDA2
:10A3B0000390039B0093009B002B02D0009808F0B1
:10A3C000F3FF00BF05B000BD35A30200584D0020CB
:10A3D00000B583B00BF01AF80190019B0093009B2D
:10A3E000002B02D0009808F0DFFF00BF03B000BDD3
:10A3F00008B50BF021F800BF08BD0000064B1B7824
:10A40000032B03D0044B1B78042B01D1012300E064
:10A410000023DBB218467047864D002000B585B09A
:10A420000190FCF715FF03902D4B1A782D4B1A70F5
:10A430002C4B1B78042B41D0042B4DDC032B2DD04F
:10A44000032B49DC022B1ED0022B45DC002B02D053
:10A45000012B10D040E00020FDF718FA0021012068
:10A46000FEF774F8FCF742FE42F21072012101205F
:10A4700000F05AF930E000F0A5F964220121022031
:10A4800000F052F928E0FCF7C1FD0346002B22D072
:10A4900064220121032000F047F91CE000F092F94A
:10A4A0000120FDF7F3F900210020FEF74FF842F2FA
:10A4B00010720121042000F037F90DE0FDF748FF8C
:10A4C000FDF7FAF9FDF756F942F21072012100206A
:10A4D00000F02AF900E000BF00BF05B000BD00BFDA
:10A4E000854D0020874D002000B585B001900C4BB4
:10A4F0001B884FF6FF72934204D000F0E9F903463F
:10A500008DF80F309DF90F3019460020FCF752F9F5
:10A510000121044800F082F800BF05B000BD00BF73
:10A520008C440020A0BB0D0000B583B00190234BEC
:10A530001B78062B3AD0062B3ADC052B2DD0052BA9
:10A5400036DC042B1CD0042B32DC022B0FD0022B68
:10A550002EDC002B2ED0012B00D029E0642201211B
:10A56000002000F0E1F8154B03221A7023E064226A
:10A570000121032000F0D8F8104B03221A701AE0D2
:10A58000FDF7E6FE0E4B1B88002200211846FFF760
:10A590000DFD0A4B05221A700DE000210120FDF788
:10A5A000D5FF00F055F9054B06221A7000BF02E0F6
:10A5B00000BF00E000BF00BF03B000BD864D00201B
:10A5C0008C44002000B585B001900B46ADF80230F8
:10A5D000062303930E4B1B78002B0BD0012B13D1BA
:10A5E0000C4B5B680C4A1288BDF802100198984722
:10A5F000039009E0074BDB68074A1288BDF8021098
:10A6000001989847039000BF039B184605B000BD12
:10A61000F0440020744D00208C440020F0B587B039
:10A6200001900B468DF80330019B00221C46154615
:10A630004FF000024FF00003EB0343EA5443E20300
:10A6400012F57A7643F100074FF4FA624FF00003F7
:10A65000304639460BF076FD02460B46134605930D
:10A660000C4B184609F03DFA9DF80330002B0ED034
:10A67000084B00220599184609F0E6F90490049B5E
:10A680000393039B002B02D0039808F08DFE00BFBC
:10A6900007B0F0BDB044002000B587B009F072F9F2
:10A6A0000590059B0493049B002B02D0049808F0AE
:10A6B0007BFE174A0121174809F0A0F90590059B78
:10A6C0000393039B002B02D0039808F06DFE124AFF
:10A6D0000021124809F092F90590059B0293029B14
:10A6E000002B02D0029808F05FFE0D4A01210D48B0
:10A6F00009F084F90590059B0193019B002B02D082
:10A70000019808F051FEFCF7C1F900BF07B000BD89
:10A7100029A50200806F03001DA40200886F0300BA
:10A72000E9A40200846F0300F0B585B003468DF8FC
:10A7300007300B468DF806301346ADF80430BDF8EF
:10A74000043000221C4615464FF000024FF0000373
:10A75000EB0343EA5443E20312F57A7643F1000730
:10A760004FF4FA624FF00003304639460BF0EAFC32
:10A7700002460B46134603930F4A9DF807301370A9
:10A780009DF80630002B0AD00C4B184609F0A9F9A9
:10A790000A4B00220399184609F056F908E0FDF724
:10A7A0008BF8074B00221A70044B184609F099F9F0
:10A7B00000BF05B0F0BD00BF854D0020D044002093
:10A7C000844D002008B5FDF7C3FDFCF787FCFDF7BD
:10A7D000A9FDFCF705FC00BF08BD000000B583B073
:10A7E00003468DF80730FFF7EDFF9DF80730012B8A
:10A7F00002D0022B04D007E0084B01221A7009E0B6
:10A80000064B02221A7005E0002200210020FFF70B
:10A810008BFF00BF00BF03B000BD00BF864D00200E
:10A8200000B583B0094B002240F26661184609F07A
:10A830000BF90190019B0093009B002B02D0009824
:10A8400008F0B2FD00BF03B000BD00BF904400207F
:10A8500008B5034B184609F044F900BF08BD00BF16
:10A860009044002008B5FFF7F3FFFDF747FA024BCD
:10A8700006221A7000BF08BD864D002000B585B0C5
:10A8800003468DF807309DF80730032B0AD0032BC1
:10A8900011DC022B11D0022B0DDC002B0FD0012B71
:10A8A0000FD008E000230393039B002B0BD00398E9
:10A8B00008F07AFD07E000BF06E000BF04E000BF3B
:10A8C00002E000BF00E000BF00BF05B000BD000017
:10A8D00000B583B000238DF8033000238DF80230DB
:10A8E000074B1B880DF102020DF103011846FFF71B
:10A8F00065FB01909DF90330184603B000BD00BF11
:10A900008C44002008B5FFF763FDFFF767FBFFF7F6
:10A910002DFD0648FDF790FEFFF7ACFB0348FCF762
:10A9200021FC0120FFF756FB00BF08BD744D00203D
:10A9300000B585B000F08CFA0390039B002B02D089
:10A94000039808F031FD002300931D4B00936B46E4
:10A95000184600F0A7F90290029B0193019B002B7F
:10A9600002D0019808F020FDFFF796FEFFF7B4FC37
:10A97000FDF74CFAFEF79EF90020FBF79BFDFCF774
:10A98000DFFD0346002B02D00120FEF7C5F80020B2
:10A99000FEF7E6FB034683F00103DBB2002B02D097
:10A9A0000420FEF7B9F8FEF79BFAFFF7ABFFFFF7BD
:10A9B00037FFFCF7E7FCFEF793FAFFF719FDF8E71E
:10A9C0007DA80200ADDF704700BF1846AEDF7047BC
:10A9D00000BF1846B0DF704700BF18463CDF704725
:10A9E00000BF18463DDF704700BF184682B00346DF
:10A9F0008DF8073000BF02B07047000000B58BB083
:10AA0000019005AB1022002118460CF0AFF802238C
:10AA10008DF814300223ADF808300023ADF80A3069
:10AA200004AB03931B4B9B881A4A518902AA184610
:10AA3000FFF7C8FF0990099B002B10D104AB184603
:10AA400003F04EFE0346002B09D09DF81A3043F068
:10AA500001038DF81A300023ADF8183003E040F2FE
:10AA6000FD13ADF818300B4B9B8805AA114618460C
:10AA7000FFF7B0FF0990099B112BF4D0BDF81830F7
:10AA8000002B03D1019800F043FA00E000BF0BB0A7
:10AA900000BD00BF884D002000B585B00190019B2E
:10AAA0009A88134B9B889A421ED1019B06330393CD
:10AAB000039B1B78022B18D1039B5A880C4BDB8815
:10AAC0009A4212D1039B1B7A042B0ED0039B1B7A54
:10AAD000062B0AD0039B1B7A052B06D0039B02335F
:10AAE0001846FFF78BFF00E000BF05B000BD00BFB8
:10AAF000884D002082B00190019B9A88024B9A8079
:10AB000000BF02B0704700BF884D002082B00190A6
:10AB1000064B9A88019B9B889A4204D1034B4FF6BF
:10AB2000FF729A8000E000BF02B07047884D00209D
:10AB300000B585B00190019B06330393039B1A88EF
:10AB40000A4BDB889A420DD1084B1B7E002B09D0A3
:10AB500000F04CFA0290029B002B03D0034B5B6980
:10AB60000220984700BF05B000BD00BF884D0020FF
:10AB700000B583B001900091019B002B1FD0019B79
:10AB80001B88532B16D0532B18DC512B0ED0512B76
:10AB900014DC102B02D0112B04D00FE00198FFF72A
:10ABA000A9FF0CE00198FFF7B1FF08E00198FFF75B
:10ABB00073FF04E00198FFF7BBFF00E000BF03B0A4
:10ABC00000BD000000B58BB003460A468DF8073083
:10ABD00013468DF806300323ADF8223003AB102264
:10ABE000002118460BF0C2FFBDF82230ADF820302E
:10ABF00020238DF81C309DF807308DF81D309DF80E
:10AC000006308DF81E30124BDB88ADF80C30022375
:10AC10008DF80E300023ADF8103008AB059307AB6C
:10AC200006930B4B9B8803AA11461846FFF7CEFEEE
:10AC30000990099B002B07D1BDF82030BDF82220D8
:10AC40009A4201D00C230993099B18460BB000BD12
:10AC5000884D002000B585B04FF0FF310020FFF790
:10AC6000C1FE0390039B0293029B002B01D0029B29
:10AC700013E0B1210020FFF7B1FE0390039B019385
:10AC8000019B002B01D0019B07E0054B5B69012074
:10AC9000984702200AF01AFC0023184605B000BDB0
:10ACA000884D002010B58AB00190154B03AC0FCB36
:10ACB00084E80F00019B002B01D10E231DE0114BF6
:10ACC0004FF6FF729A80019B1B680E4A53610D4B31
:10ACD00000221A760B4B5B69002B02D1094B0A4A02
:10ACE0005A61084800F0A4F80990099B0893089B52
:10ACF000002B01D0089B00E0002318460AB010BDCD
:10AD00008C6F0300884D0020EDA902004FF0030C6A
:10AD100000DF704700BF184600B583B0019001986E
:10AD2000FFF7F4FF0346184603B000BD08B503481B
:10AD3000FFF7F2FF0346184608BD00BFA44D0020F0
:10AD400000B583B00190044B1B68044901989847F3
:10AD50000346184603B000BDA44D0020AC4D0020B2
:10AD600000B583B00190044B5B6804490198984793
:10AD70000346184603B000BDA44D0020AC4D002092
:10AD8000064B1B68002B05D0044B5B68002B01D0E1
:10AD9000012300E000231846704700BFA44D0020A7
:10ADA00000B585B001900B4B1B685B7E002B01D07A
:10ADB00006230BE00198FFF7C3FF0390039B002BD2
:10ADC00003D1044B1B6801225A76039B184605B039
:10ADD00000BD00BFB04D002000B583B0134B1B6811
:10ADE0005B7E002B0ED006210120FFF7EBFE0190C9
:10ADF000019B002B04D00D4B1B685B690320984717
:10AE0000002310E0094B1B6801221A760121012062
:10AE1000FFF7D8FE0190019B002B03D0034B1B686A
:10AE200000221A76019B184603B000BDB04D0020E9
:10AE300082B00190019B002B01D10E2303E0034A55
:10AE4000019B13600023184602B07047B04D0020EC
:10AE500000B585B000F0DEF80390039B0293029BDF
:10AE6000002B01D0029B0DE0FFF760FF0390039BD6
:10AE70000193019B002B01D0019B03E000F0F0F84F
:10AE80000390039B184605B000BD000000B585B0D7
:10AE900001900091FFF774FF0346002B32D0019818
:10AEA000FFF75EFF0390039B082B2CD0039B002B26
:10AEB00011D1164B1B6800225A7601210220FFF7A0
:10AEC00081FE0390039B002B1DD0104B1B685B6918
:10AED0000320984717E00D4B1B6800225A76062185
:10AEE0000220FFF76FFE0390039B002B04D0074B5B
:10AEF0001B685B6903209847044B1B685B69022051
:10AF0000984700E000BF05B000BD00BFB04D002075
:10AF100000B585B0019004238DF80F30019B1B7B99
:10AF2000012B02D0022B11D035E0FFF755FF029024
:10AF3000029B002B03D101238DF80F302FE0029BE1
:10AF4000112B2CD106238DF80F3028E0019B5B7B61
:10AF5000142B03D8019B5B7B002B03D105238DF8B9
:10AF60000F301EE0019B03F10E01019B5B7B1A4633
:10AF70001B480BF0C9FD019B5B7B1A46194B9A617C
:10AF80001848FFF70DFF0290029B002B09D1012307
:10AF90008DF80F3005E002238DF80F3002E000BF7E
:10AFA00000E000BF9DF80F30012B15D0019B1B7BEB
:10AFB0009DF80F2011461846FFF704FE0290029BF1
:10AFC000002B04D0084B1B685B6903209847064B95
:10AFD0001B685B690220984700BF05B000BD00BF39
:10AFE000B84D0020B44D0020B04D002000B583B016
:10AFF000054B1B685B6900209847FFF72BFE01900B
:10B00000019B184603B000BDB04D002013DF704710
:10B0100000BF184600B583B040F6F8731B68B3F163
:10B02000FF3F03D10D4B1B68019303E040F6F8731B
:10B030001B680193019BB3F1FF3F0AD00198FFF712
:10B04000E5FF0090009B002B01D0009B02E0002355
:10B0500000E00423184603B000BD00BF1410001028
:10B0600000B583B0064B1846FFF7D0FF0190019B57
:10B07000002B01D0019B00E00023184603B000BD67
:10B0800000600200BFF34F8F00BF064BDB6803F484
:10B09000E0620449044B1343CB60BFF34F8F00BF02
:10B0A00000BFFDE700ED00E00400FA0582B0214B8F
:10B0B0001B68B3F1FF3F0AD11F4B1B68DBB2019342
:10B0C0001E4B1B681B0903F00F03009305E0194B8F
:10B0D0001B6801931A4B1B680093019B062B24D11C
:10B0E000009B072B1DD0009B072B1CD8009B062B19
:10B0F00015D0009B062B16D8009B052B0DD0009B6E
:10B10000052B10D8009B032B03D0009B042B02D0EF
:10B1100009E001230AE0012308E0012306E00123FE
:10B1200004E0012302E0012300E00023184602B0FE
:10B13000704700BF30010010E00F00F0E80F00F092
:10B140003401001082B01B4B1B68DBB201931A4B19
:10B150001B681B0903F00F030093019B062B24D1EE
:10B16000009B072B1DD0009B072B1CD8009B062B98
:10B1700015D0009B062B16D8009B052B0DD0009BED
:10B18000052B10D8009B032B03D0009B042B02D06F
:10B1900009E001230AE0002308E0002306E0002381
:10B1A00004E0002302E0002300E00023184602B080
:10B1B000704700BFE00F00F0E80F00F082B0214BB5
:10B1C0001B68B3F1FF3F0AD11F4B1B68DBB2019331
:10B1D0001E4B1B681B0903F00F03009305E0194B7E
:10B1E0001B6801931A4B1B680093019B062B24D10B
:10B1F000009B072B1DD0009B072B1CD8009B062B08
:10B2000015D0009B062B16D8009B052B0DD0009B5C
:10B21000052B10D8009B032B03D0009B042B02D0DE
:10B2200009E001230AE0012308E0012306E00123ED
:10B2300004E0012302E0012300E00023184602B0ED
:10B24000704700BF30010010E00F00F0E80F00F081
:10B250003401001082B01B4B1B68DBB201931A4B08
:10B260001B681B0903F00F030093019B062B24D1DD
:10B27000009B072B1DD0009B072B1CD8009B062B87
:10B2800015D0009B062B16D8009B052B0DD0009BDC
:10B29000052B10D8009B032B03D0009B042B02D05E
:10B2A00009E001230AE0002308E0002306E0002370
:10B2B00004E0002302E0002300E00023184602B06F
:10B2C000704700BFE00F00F0E80F00F082B0214BA4
:10B2D0001B68B3F1FF3F0AD11F4B1B68DBB2019320
:10B2E0001E4B1B681B0903F00F03009305E0194B6D
:10B2F0001B6801931A4B1B680093019B062B24D1FA
:10B30000009B072B1DD0009B072B1CD8009B062BF6
:10B3100015D0009B062B16D8009B052B0DD0009B4B
:10B32000052B10D8009B032B03D0009B042B02D0CD
:10B3300009E001230AE0012308E0012306E00123DC
:10B3400004E0012302E0012300E00023184602B0DC
:10B35000704700BF30010010E00F00F0E80F00F070
:10B360003401001082B01B4B1B68DBB201931A4BF7
:10B370001B681B0903F00F030093019B062B24D1CC
:10B38000009B072B1DD0009B072B1CD8009B062B76
:10B3900015D0009B062B16D8009B052B0DD0009BCB
:10B3A000052B10D8009B032B03D0009B042B02D04D
:10B3B00009E001230AE0002308E0002306E000235F
:10B3C00004E0002302E0002300E00023184602B05E
:10B3D000704700BFE00F00F0E80F00F082B01B4B99
:10B3E0001B68DBB201931A4B1B681B0903F00F03A8
:10B3F0000093019B062B24D1009B072B1DD0009BA3
:10B40000072B1CD8009B062B15D0009B062B16D8AB
:10B41000009B052B0DD0009B052B10D8009B032B08
:10B4200003D0009B042B02D009E001230AE0002393
:10B4300008E0002306E0002304E0002302E00023EC
:10B4400000E00023184602B0704700BFE00F00F094
:10B45000E80F00F082B0214B1B68B3F1FF3F0AD127
:10B460001F4B1B68DBB201931E4B1B681B0903F0CB
:10B470000F03009305E0194B1B6801931A4B1B68DF
:10B480000093019B062B24D1009B072B1DD0009B12
:10B49000072B1CD8009B062B15D0009B062B16D81B
:10B4A000009B052B0DD0009B052B10D8009B032B78
:10B4B00003D0009B042B02D009E000230AE0002304
:10B4C00008E0012306E0012304E0012302E0012358
:10B4D00000E00023184602B0704700BF30010010A2
:10B4E000E00F00F0E80F00F03401001082B0214BB3
:10B4F0001B68B3F1FF3F0AD11F4B1B68DBB20193FE
:10B500001E4B1B681B0903F00F03009305E0194B4A
:10B510001B6801931A4B1B680093019B062B24D1D7
:10B52000009B072B1DD0009B072B1CD8009B062BD4
:10B5300015D0009B062B16D8009B052B0DD0009B29
:10B54000052B10D8009B032B03D0009B042B02D0AB
:10B5500009E001230AE0012308E0012306E00123BA
:10B5600004E0012302E0012300E00023184602B0BA
:10B57000704700BF30010010E00F00F0E80F00F04E
:10B580003401001082B0214B1B68B3F1FF3F0AD198
:10B590001F4B1B68DBB201931E4B1B681B0903F09A
:10B5A0000F03009305E0194B1B6801931A4B1B68AE
:10B5B0000093019B062B24D1009B072B1DD0009BE1
:10B5C000072B1CD8009B062B15D0009B062B16D8EA
:10B5D000009B052B0DD0009B052B10D8009B032B47
:10B5E00003D0009B042B02D009E001230AE00123D1
:10B5F00008E0012306E0012304E0012302E0012327
:10B6000000E00023184602B0704700BF3001001070
:10B61000E00F00F0E80F00F03401001082B0194B89
:10B620001B680193184B1B680093019B062B24D1C8
:10B63000009B072B1DD0009B072B1CD8009B062BC3
:10B6400015D0009B062B16D8009B052B0DD0009B18
:10B65000052B10D8009B032B03D0009B042B02D09A
:10B6600009E000230AE0002308E0002306E00123AC
:10B6700004E0012302E0012300E00023184602B0A9
:10B68000704700BF300100103401001082B0194B28
:10B690001B680193184B1B680093019B062B24D158
:10B6A000009B072B1DD0009B072B1CD8009B062B53
:10B6B00015D0009B062B16D8009B052B0DD0009BA8
:10B6C000052B10D8009B032B03D0009B042B02D02A
:10B6D00009E000230AE0002308E0002306E000233D
:10B6E00004E0012302E0012300E00023184602B039
:10B6F000704700BF300100103401001008B5FFF79B
:10B70000C5FF0346002B07D04FF010234FF08042B7
:10B71000D3F80832C2F8583500BF08BD00BF044B4B
:10B72000D3F80034002BFAD000BF00BF704700BF31
:10B7300000E0014000B583B00190044A019BC2F8CB
:10B740000435FFF7EBFF00BF03B000BD00E0014090
:10B75000024B034A1A6000BF704700BFF444002048
:10B760000090D00308B5FFF7A1FC0346002B06D0DC
:10B77000964B1B681B0A964A03F01F031360FFF7E2
:10B78000E1FC0346002B02D0924B934A1A60FFF76C
:10B7900015FD0346002B06D0904B1B685B0B904AAF
:10B7A00003F007031360FFF755FD0346002B05D098
:10B7B0008C4BDB688B4A23F08073D360FFF786FDE8
:10B7C0000346002B0ED04FF080430022C3F80C211B
:10B7D0004FF080430022C3F810214FF08043002235
:10B7E000C3F83825FFF7BEFD0346002B02D07E4B81
:10B7F00003221A60FFF7F2FD0346002B0BD07B4BB0
:10B8000005221A607A4B01221A607A4B00221A60D4
:10B81000794B3F221A60FFF71DFE0346002B76D0BE
:10B820004FF08053754AD3F80434C2F820354FF0F6
:10B830008053724AD3F80834C2F824354FF080534D
:10B840006E4AD3F80C34C2F828354FF080536B4A57
:10B85000D3F81034C2F82C354FF08053674AD3F830
:10B860001434C2F830354FF08053644AD3F818349A
:10B87000C2F834354FF08053604AD3F81C34C2F814
:10B8800040354FF080535D4AD3F82034C2F8443538
:10B890004FF08053594AD3F82434C2F848354FF05A
:10B8A0008053564AD3F82834C2F84C354FF08053B1
:10B8B000524AD3F82C34C2F850354FF080534F4AD7
:10B8C000D3F83034C2F854354FF080534B4AD3F894
:10B8D0003434C2F860354FF08053484AD3F83834D6
:10B8E000C2F864354FF08053444AD3F83C34C2F870
:10B8F00068354FF08053414AD3F84034C2F86C3574
:10B900004FF080533D4AD3F84434C2F87035FFF706
:10B91000EDFD0346002B05D0394B1B68394A03F077
:10B920004F031360FFF72EFE0346002B0DD04FF0A0
:10B930008043D3F8003403F00103002B05D04FF00F
:10B9400080436FF00102C3F80024FFF767FE03464F
:10B95000002B05D02C4B1B682B4A43F480631360EB
:10B960002A4BD3F88830294A43F47003C2F8883050
:10B97000BFF34F8F00BFBFF36F8F00BFFFF7BEFE57
:10B980004FF01023D3F80032002B05DB4FF01023CB
:10B99000D3F80432002B15DA0120FFF7CBFE4FF06D
:10B9A00010231522C3F80022FFF7B8FE4FF0102332
:10B9B0001522C3F80422FFF7B1FE0020FFF7BAFEFC
:10B9C000FFF760FBFFF7C4FE00BF08BD24030010B3
:10B9D0004035014074C007400DF0ADBA440200107C
:10B9E0003C050040F0ED00E0A0050040105600408E
:10B9F00088560040185600401456004000C00040D1
:10BA000058020010E40E00403C17004000ED00E03A
:10BA10006DDF704700BF184679DF704700BF1846DA
:10BA20007DDF704700BF184664DF704700BF1846CF
:10BA300082B003460091ADF80630BDF80630DAB2A8
:10BA4000009B1A70BDF806301B0A9AB2009B0133A6
:10BA5000D2B21A700223184602B0704700B589B0FE
:10BA6000039002911346ADF80630029B1B8803F148
:10BA70000902BDF806309A4201D90C2353E004AB09
:10BA80001846FFF7C5FF0790079B0693069B002B00
:10BA900001D0069B47E0029B1B881A46039B134478
:10BAA00008221A70029B1B8801339AB2029B1A80EB
:10BAB000029B1B881A46039B13441B221A70029B8D
:10BAC0001B8801339AB2029B1A80029B1B881A467C
:10BAD000039B981804AB0133062219460BF014F8A7
:10BAE000029B1B8806339AB2029B1A809DF8103085
:10BAF00023F00103DBB2002B07D1029B1B881A46FF
:10BB0000039B134400221A7006E0029B1B881A460E
:10BB1000039B134401221A70029B1B8801339AB2C3
:10BB2000029B1A800023184609B000BD00B589B0F9
:10BB3000039002910192ADF80230039B1B78012B18
:10BB400005D1039B5B78002B01D1072391E0019B7A
:10BB50001B889A1CBDF802309A420ED8039B1B78B2
:10BB6000012B0CD1019B1B881A46039B5B78134465
:10BB70009A1CBDF802309A4201D90C2379E0019B4E
:10BB80001B88BDF80220D31A9BB2023BADF81C30D3
:10BB9000BDF81C30ADF81230019B1B880233029AAD
:10BBA00013440DF1120211461846FFF739FF0690B3
:10BBB000069B0593059B002B01D0059B59E0039B39
:10BBC0001B78022B06D0039B5B781A46BDF8123017
:10BBD0009A4209D3BDF81230BDF81C209A4203D313
:10BBE00009238DF81F3016E008238DF81F30039BC2
:10BBF0001B78012B0BD1039B5B781A46BDF81C30D8
:10BC0000934204D3039B5B78ADF8123003E0BDF898
:10BC10001C30ADF81230BDF81230FE2B01D90C23C8
:10BC200027E0BDF81230DAB2019B1B881946029B4F
:10BC30000B440132D2B21A70019B1B8801339AB2B5
:10BC4000019B1A80019B1B881A46029B13449DF896
:10BC50001F201A70019B1B8801339AB2019B1A8026
:10BC6000019B1A88BDF8123013449AB2019B1A80C6
:10BC70000023184609B000BD00B589B003900291B9
:10BC80001346ADF80630029B1B881A1DBDF806301E
:10BC90009A4201D90C233AE00DF116031846FFF73A
:10BCA000BBFE0790079B0693069B002B01D0069BCB
:10BCB0002DE0029B1B881A46039B134403221A7033
:10BCC000029B1B8801339AB2029B1A80029B1B883D
:10BCD0001A46039B134419221A70029B1B880133D6
:10BCE0009AB2029B1A80BDF81620029B1B88194647
:10BCF000039B0B4419461046FFF79AFE03461A466B
:10BD0000029B1B8813449AB2029B1A800023184698
:10BD100009B000BD84B0029101921A4603468DF825
:10BD20000F301346ADF80C30019B1B88DA1CBDF8B0
:10BD30000C309A4201D90C2328E0019B1B881A463B
:10BD4000029B134402221A70019B1B8801339AB292
:10BD5000019B1A80019B1B881A46029B13440122F7
:10BD60001A70019B1B8801339AB2019B1A80019BB8
:10BD70001B881A46029B13449DF80F201A70019BE2
:10BD80001B8801339AB2019B1A800023184604B025
:10BD9000704784B0029101921A4603468DF80F3025
:10BDA0001346ADF80C30019B1B88DA1CBDF80C3033
:10BDB0009A4201D90C2328E0019B1B881A46029B5A
:10BDC000134402221A70019B1B8801339AB2019B13
:10BDD0001A80019B1B881A46029B13440A221A7080
:10BDE000019B1B8801339AB2019B1A80019B1B881F
:10BDF0001A46029B13449DF80F201A70019B1B8862
:10BE000001339AB2019B1A800023184604B0704790
:10BE100000B58DB0039001930B468DF80B3013469F
:10BE20008DF80A3000238DF82B300E9B1B88ADF85F
:10BE3000283000230B9372E0039B5A680B9B9B00F6
:10BE40001A4404AB106818600DF1170104AB00220E
:10BE50001846FFF7E9FD0890089B0793079B002B06
:10BE600001D0079B7DE09DF817309DF80A209A428B
:10BE700052D19DF82B30002B03D000238DF82A30AF
:10BE800002E002238DF82A300E9B1B881A469DF88B
:10BE900017301A449DF82A301A44BDF83C309A42B3
:10BEA00001DD0C235DE09DF82B3083F00103DBB254
:10BEB000002B16D00E9B1B8801339AB20E9B1A8062
:10BEC0000E9B1B881A46019B13449DF80B201A7089
:10BED0000E9B1B8801339AB20E9B1A8001238DF8AA
:10BEE0002B300E9B1B881A46019B1A440DF117013B
:10BEF00004AB1846FFF798FD0890089B0693069B35
:10BF0000002B01D0069B2CE00E9B1B889DF8172070
:10BF100013449AB20E9B1A800B9B01330B93039B25
:10BF20001B881A460B9B934286DB9DF82B30002B17
:10BF300016D00E9B1A88BDF82830D31A9BB2013B4D
:10BF4000ADF82630BDF82630FF2B01D90C2308E0D0
:10BF5000BDF82830019A1344BDF82620D2B21A70D9
:10BF6000002318460DB000BD00B58BB005900393BB
:10BF70000B468DF8133013468DF812309DF81310D0
:10BF8000BDF8343001930C9B0093039B022205986B
:10BF9000FFF73EFF0990099B0893089B002B01D0F7
:10BFA000089B14E09DF81210BDF8343001930C9BEF
:10BFB0000093039B10220598FFF72AFF0990099B25
:10BFC0000793079B002B01D0079B00E00023184636
:10BFD0000BB000BD82B00190019B1B88052B0AD9D4
:10BFE000019B1B88B3F5486F07D9019B1B884FF64F
:10BFF000FF72934201D0072325E0019B5B88052B4C
:10C000000AD9019B5B88B3F5486F07D9019B5B8810
:10C010004FF6FF72934201D0072314E0019B1B8867
:10C020004FF6FF7293420DD0019B5B884FF6FF7273
:10C03000934207D0019B1A88019B5B889A4201D9E1
:10C04000072300E00023184602B0704700B587B010
:10C05000039002910192ADF80230019B1B889A1D5A
:10C06000BDF802309A4201D90C234BE00398FFF748
:10C07000B1FF0590059B0493049B002B01D0049B0A
:10C0800040E0019B1B881A46029B134405221A704C
:10C09000019B1B8801339AB2019B1A80019B1B886C
:10C0A0001A46029B134412221A70019B1B8801330B
:10C0B0009AB2019B1A80039B1A88019B1B88194620
:10C0C000029B0B4419461046FFF7B2FC03461A4682
:10C0D000019B1B8813449AB2019B1A80039B5A88C8
:10C0E000019B1B881946029B0B4419461046FFF71B
:10C0F0009FFC03461A46019B1B8813449AB2019B7E
:10C100001A800023184607B000BD00B587B0039021
:10C1100002910192ADF80230039B9B880233059394
:10C12000019B1B881A46059B13449A1CBDF80230DC
:10C130009A4201D90C2353E0059BFE2B01D90C2315
:10C140004EE0059BDAB2019B1B881946029B0B440B
:10C150000132D2B21A70019B1B8801339AB2019B43
:10C160001A80019B1B881A46029B1344FF221A70F7
:10C17000019B1B8801339AB2019B1A80039B1A888A
:10C18000019B1B881946029B0B4419461046FFF77A
:10C190004FFC03461A46019B1B8813449AB2019B2D
:10C1A0001A80039B9B88002B19D0039B9B68002B54
:10C1B00001D1072314E0019B1B881A46029B9818A3
:10C1C000039B9968039B9B881A460AF09DFC019B80
:10C1D0001A88039B9B8813449AB2019B1A80002300
:10C1E000184607B000BD00B589B0039002910192D6
:10C1F000ADF80230039B9B6A002B01D1072371E04D
:10C2000000238DF81F3065E0039B996A9DF81F207D
:10C2100013465B0013449B000B440693069B9B88CC
:10C2200002330593059BFE2B01D90C235AE0059B95
:10C23000DAB2019B1B881946029B0B440132D2B231
:10C240001A70019B1B8801339AB2019B1A80019BD3
:10C250001B881A46029B134416221A70019B1B88E6
:10C2600001339AB2019B1A80069B1A88019B1B8896
:10C270001946029B0B4419461046FFF7D9FB0346AB
:10C280001A46019B1B8813449AB2019B1A80069B95
:10C290009B88002B19D0069B9B68002B01D107239C
:10C2A00020E0019B1B881A46029B9818069B996800
:10C2B000069B9B881A460AF027FC019B1A88069B5E
:10C2C0009B8813449AB2019B1A809DF81F3001335A
:10C2D0008DF81F30039B93F82C309DF81F209A4255
:10C2E00092D30023184609B000BD00B595B0059063
:10C2F0000491039200231393039B1B88ADF84A30EB
:10C30000039B00221A80059B93F82D30002B0ED042
:10C31000BDF84A301A4603990498FFF79FFB139023
:10C32000139B1193119B002B01D0119BD8E0059B0F
:10C330009B78002B0ED0BDF84A301A46039904981A
:10C34000FFF79AFC1390139B1093109B002B01D0C6
:10C35000109BC5E0059BDB78002B10D0059BDB789C
:10C3600058B2BDF84A30039A0499FFF7D3FC1390F2
:10C37000139B0F930F9B002B01D00F9BB0E0059BED
:10C380005B68002B11D0059B5B6893F90000BDF83A
:10C390004A30039A0499FFF7FCFC1390139B0E9309
:10C3A0000E9B002B01D00E9B9AE0059B1B89002B56
:10C3B00014D0059B03F10800BDF84A300193039B9C
:10C3C0000093049B06220221FFF7CEFD1390139BDE
:10C3D0000D930D9B002B01D00D9B81E0059B1B8ACB
:10C3E000002B14D0059B03F11000BDF84A300193D7
:10C3F000039B0093049B07220321FFF7B5FD1390D5
:10C40000139B0C930C9B002B01D00C9B68E0059BAD
:10C410001B8B002B14D0059B03F11800BDF84A308C
:10C420000193039B0093049B15221421FFF79CFDAD
:10C430001390139B0B930B9B002B01D00B9B4FE096
:10C44000059B1B6A002B0FD0059B186ABDF84A306C
:10C45000039A0499FFF7FAFD1390139B0A930A9B22
:10C46000002B01D00A9B3BE0059B5B6A002B0FD0A1
:10C47000059B586ABDF84A30039A0499FFF745FEB8
:10C480001390139B0993099B002B01D0099B27E074
:10C49000059B93F82C30002B0ED0BDF84A30039A40
:10C4A00004990598FFF79FFE1390139B0893089B30
:10C4B000002B01D0089B13E0059B1B78002B0ED0AE
:10C4C000BDF84A30039A04990598FFF72FFB1390A3
:10C4D000139B0793079B002B01D0079B00E0139B46
:10C4E000184615B000BD86B0039001921A460B465F
:10C4F000ADF80A3013468DF80930039B002B02D0AB
:10C50000019B002B01D100235CE00023ADF8163025
:10C510000CE0BDF81630039A13441B781A46BDF898
:10C52000163013449BB20133ADF81630BDF8163007
:10C530005A1CBDF80A309A420FDA019B1B88BDF8DD
:10C5400016209A42E5D3BDF816300133039A1344FE
:10C550001B789DF809209A42DBD1BDF81620BDF862
:10C560000A309A4201D300232CE0BDF81630023382
:10C57000ADF81230BDF81630039A13441B78002B27
:10C5800008D0BDF81630039A13441B78013BADF870
:10C59000143002E00023ADF81430BDF81430002B45
:10C5A00008D0BDF81220BDF814301A44BDF80A3086
:10C5B0009A4201DD002305E0019BBDF812201A809C
:10C5C000BDF81430184606B0704700B585B001902C
:10C5D0000B46ADF8023013468DF801300023ADF85C
:10C5E0000C309DF8013003AABDF802100198FFF746
:10C5F0007AFF0346ADF80E30BDF80E30002B01D1A6
:10C60000002304E0BDF80C301A46019B1344184681
:10C6100005B000BD72DF704700BF184673DF70477A
:10C6200000BF184682B00190019B93F83034184641
:10C6300002B0704784B00190002303930AE0019A8E
:10C64000039B13441B78002B01D0012306E0039BBE
:10C6500001330393039B052BF1D90023184604B043
:10C660007047000082B003468DF807309DF8073010
:10C670005A1C074B83FB02135910D317C91A0B46D8
:10C680009B000B44D11ACBB2184602B0704700BFD2
:10C690006766666682B001900091009BDB7B012B90
:10C6A00004D1009B9A88019BA3F8242400BF02B008
:10C6B000704700B585B001900091019B002283F87E
:10C6C0002E24009B9A88019BB3F824349A4216D1F9
:10C6D000019B1B7983F00103DBB2002B0FD00121FA
:10C6E000019800F0A7FA0390039B002B07D0019B51
:10C6F0009B6B002B03D0019B9B6B0398984700BF5B
:10C7000005B000BD00B585B001900091009B1B886D
:10C71000262B1ED1009B1B7A012B03D0009B1B7A7A
:10C72000022B17D1019B9B781846FFF79BFF03460E
:10C730001946019800F07EFA0390039B002B09D064
:10C74000019B9B6B002B05D0019B9B6B039898472B
:10C7500000E000BF05B000BD00B585B001900B46FC
:10C760008DF80330019B03F227431846FFF762FF61
:10C7700003468DF80F309DF80330042B2CD0042B8A
:10C7800030DC032B22D0032B2CDC012B02D0022B1C
:10C7900012D027E0019B9B79002B0DD0019B93F8D1
:10C7A000243083F00103DBB2002B05D09DF80F305D
:10C7B000002B01D0012316E0019BDB79002B05D073
:10C7C0009DF80F30002B01D002230CE0019B1B7A57
:10C7D000002B01D0032306E0019B5B7A002B01D0E4
:10C7E000042300E00023184605B000BD82B001908C
:10C7F0000091019B012283F83120019B0022C3F8A4
:10C800002024019B03F22642009B5A60009B0022D9
:10C810009A60009B02221A70009B80229A8100235A
:10C82000184602B0704782B001900091019B02222D
:10C8300083F83120019B93F82430002B03D0009B18
:10C8400007221A7002E0009B03221A70019B1B69E9
:10C850009AB2009B9A81019B0022C3F82024019B7D
:10C8600003F22642009B5A60019BDA68009B9A60A3
:10C870000023184602B0704700B583B00190019BB9
:10C880005B79002B0FD0019B93F82E3483F00103CA
:10C89000DBB2002B07D00198FFF7C4FE0346002B44
:10C8A00001D0012300E0002303F00103DBB21846AE
:10C8B00003B000BD00B585B001900B468DF8033084
:10C8C000019BD3F81004019BB3F8143401221946DC
:10C8D000FFF77BFE0390039B002B03D0039B9DF887
:10C8E00003201A70019B03F15400019B03F5826140
:10C8F000019B3C331A46FFF78DFE0346184605B0F0
:10C9000000BD00B585B001900091019B5A69009B64
:10C910009A60019B9B699AB2009B9A81019B93F854
:10C920002430002B04D0019B062283F83C2003E036
:10C93000019B012283F83C200198FFF79DFF0346ED
:10C94000002B13D0009B02221A7504210198FFF7D7
:10C95000B1FF0390039B0293029B002B01D0029B2B
:10C960000FE0019B052283F8312003E0019B0322A5
:10C9700083F83120019B03F58262019BC3F82024D8
:10C980000023184605B000BD00B585B001900091A8
:10C99000019BDA69009B9A60019B1B6A9AB2009B1B
:10C9A0009A81019B93F82430002B04D0019B06222E
:10C9B00083F83C2003E0019B012283F83C2001988E
:10C9C000FFF75AFF0346002B13D0009B02221A7573
:10C9D00004210198FFF76EFF0390039B0293029BD3
:10C9E000002B01D0029B0FE0019B062283F831202F
:10C9F00003E0019B042283F83120019B03F582624E
:10CA0000019BC3F820240023184605B000BD82B066
:10CA10000190019B9B78002B06D0019B93F820305E
:10CA2000002B01D000230AE0019B9B6A042B03D05A
:10CA3000019B5B6A042B01D1002300E0012318460F
:10CA400002B0704784B00190019B93F82430002B12
:10CA500003D0EE23ADF80E3002E01F23ADF80E3008
:10CA6000BDF80E30184604B0704782B001900B46F6
:10CA70008DF80330019B9DF8032083F8302000BF20
:10CA800002B0704730B587B001900091009B002B39
:10CA900002D0019B002B01D10E23B8E0009B78331C
:10CAA0001846FFF7B4FF034683F00103DBB2002B07
:10CAB00001D00723ABE0019B00229A70019A009BF2
:10CAC000141D03F178050FCD0FC40FCD0FC495E8E9
:10CAD000070084E80700019B002283F83020009BB8
:10CAE000D3F8A420019B5A63009BD3F8A820019B94
:10CAF0009A63019B4FF6FF72A3F82424019B03F570
:10CB00008262019BC3F82024019B03F22643072283
:10CB1000002118460AF02AF8019B1B7883F00103D4
:10CB2000DBB2002B03D0019BFF2283F85420019B32
:10CB300003F15502019BC3F810240198FFF782FF0F
:10CB400003461A46019BA3F814240098019B03F1A5
:10CB50005501019B03F214431A46FFF7C6FB0590EB
:10CB6000059B0493049B002B01D0049B4FE0019B89
:10CB700003F23122019BC3F818240198FFF762FFEA
:10CB800003461A46019BA3F81C24009B03F13C00BA
:10CB9000019BD3F81814019B03F21C431A46FFF7BC
:10CBA000A4FB0590059B0393039B002B01D0039BE3
:10CBB0002DE0019B012283F85120019B9B699AB2D1
:10CBC000019BA3F84820019B012283F83C20019B94
:10CBD00000221A64019B002283F85020019B5A69AD
:10CBE000019B5A64019B03F15400019B3C331A469C
:10CBF0000021FFF70FFD0590059B0293029B002B80
:10CC000001D0029B03E0019B01221A70059B18468C
:10CC100007B030BD82B00190019B1B68012B03D08F
:10CC2000019B1B68022B01D1012300E00023184661
:10CC300002B0704700B585B001900B468DF8033007
:10CC4000019B1B7883F00103DBB2002B01D008238A
:10CC50000AE1019B9DF803209A70019B03F2264391
:10CC600007220021184609F081FF019B9B79002BC8
:10CC700003D0019B9B78012B0FD0019BDB79002B0C
:10CC800003D0019B9B78012B07D0019BDB79002B04
:10CC900014D0019B9B78022B10D1019B5B6B002B66
:10CCA00008D0019B012283F82D24019B5B6B082097
:10CCB000984703E0019B002283F82D249DF8033060
:10CCC00019460198FFF748FD03461A46019B9A70E2
:10CCD000019B5B6B002B20D0019B9B78032B03D027
:10CCE000019B9B78042B18D1019B5B79002B14D0FE
:10CCF000019B93F82E3483F00103DBB2002B0CD0A0
:10CD0000019B002283F83024019B012283F82F2409
:10CD1000019B5B6B0720984703E0019B002283F88F
:10CD20002F24019B3C3318220021184609F01EFFD6
:10CD3000019B012283F83C20019B2C331846FFF70E
:10CD400069FF0346002B06D0019BDB6ADAB2019B28
:10CD500083F8512003E0019B012283F85120019BBD
:10CD600093F82430002B12D0019B28331846FFF78C
:10CD700051FF0346002B06D0019B9B6ADAB2019B50
:10CD800083F8522003E0019B012283F85220019B8B
:10CD9000002283F85020019B9B78042B25D0042B84
:10CDA00030DC032B19D0032B2CDC022B0DD0022BF3
:10CDB00028DC002B21D0012B24D1019B3C331946C8
:10CDC0000198FFF713FD03901DE0019B3C331946CA
:10CDD0000198FFF728FD039015E0019B3C331946AD
:10CDE0000198FFF78EFD03900DE0019B3C3319463F
:10CDF0000198FFF7C9FD039005E0019B002283F82D
:10CE0000312000E000BF019B9B78002B20D0019BCC
:10CE100003F15400019BD3F82014019B3C331A46C4
:10CE2000FFF7F8FB0390039B002B01D0039B1BE053
:10CE3000019B93F85420019B93F83030194610461B
:10CE4000FFF7ECFB0390039B002B01D0039B0BE04F
:10CE5000019B5B6B002B06D0019B5B6B019A92F8E8
:10CE60003120104698470023184605B000BD00B594
:10CE700085B001900091009B0393019B1B88262B9A
:10CE800010D0262B13DC102B02D0112B05D00EE076
:10CE900001990398FFF7FEFB0AE001990398FFF759
:10CEA00008FC05E001990398FFF72CFC00E000BFA7
:10CEB00000BF05B000BD00B58DB003900291019296
:10CEC000039B002B01D10E237FE0039B1B7883F093
:10CED0000103DBB2002B01D0082376E0029B002B7C
:10CEE00004D1019B002B01D10E236EE004AB102274
:10CEF0000021184609F03AFE029B002B23D0039B29
:10CF0000D3F820341A68039B55339A4202D0039B0E
:10CF1000553302E0039B03F2431304930398FFF796
:10CF200091FD0346ADF81430049904AB04331A465E
:10CF30000298FFF7DAF90B900B9B0A930A9B002BE0
:10CF400001D00A9B41E0019B002B25D0039BD3F825
:10CF500020349A68039B03F231239A4203D0039B47
:10CF600003F2312302E0039B03F21F33069303987D
:10CF7000FFF768FD0346ADF81C30069904AB0C338F
:10CF80001A460198FFF7B1F90990099B0893089B8D
:10CF9000002B01D0089B18E0039B03F5826304A9D2
:10CFA0001022184609F0B0FD039B03F58262039B33
:10CFB000C3F82024039B03F15400039BD3F82034CF
:10CFC00000221946FFF726FB034618460DB000BDA8
:10CFD00075DF704700BF184676DF704700BF184600
:10CFE0007ADF704700BF18467BDF704700BF1846E6
:10CFF00084B00346ADF806300023039316E00F49D2
:10D00000039A13469B0013449B000B441B88BDF8F6
:10D0100006209A4207D1039A13469B0013449B00B3
:10D02000064A134406E0039B01330393039B002B42
:10D03000E5D00023184604B0704700BFF04D002033
:10D0400082B001900B46ADF80230019BBDF8022082
:10D050001A80019B00221A72019B054903F10A0202
:10D060000B4603CB1060516000BF02B0704700BF99
:10D07000204E002082B00190019B4FF6FF721A8073
:10D0800000BF02B0704788B00390029111461A4663
:10D090000B46ADF806301346ADF80430039B9B8871
:10D0A0001A46BDF8063013440793039B9B88194624
:10D0B000039B9B88BDF80620934228BF13469BB272
:10D0C000CB1A0693039BDB881A46BDF80430134441
:10D0D0000593039BDB881946039BDB88BDF804207E
:10D0E000934228BF13469BB2CB1A0493029B5A88E3
:10D0F000039B1B889A4205D3029B5A88039B5B883B
:10D100009A4201D900231CE0029B9B881A46069B89
:10D11000934205D8029B9B881A46079B934201D2F3
:10D1200000230EE0029BDB881A46049B934205D83D
:10D13000029BDB881A46059B934201D2002300E044
:10D140000123184608B0704700B583B00190054B25
:10D150009B69002B03D0034B9B690198984700BF44
:10D1600003B000BD044E002000B585B00346009119
:10D17000ADF80630BDF8063000991846FFF728FFD5
:10D180000390039B002B05D0039B112B02D0039827
:10D19000FFF7DAFF039B002B0CBF01230023DBB258
:10D1A000184605B000BD000000B589B00190019B94
:10D1B0000793079B9BB21846FFF71AFF0690069B42
:10D1C000002B42D0069B1A7A214B1B7B9A4215D228
:10D1D000079B9AB2069B0A3319461046FFF7C4FF15
:10D1E00003468DF813309DF81330002B2DD0069B8D
:10D1F0001B7A0133DAB2069B1A7226E0069B0022E4
:10D200001A72134B1B7C002B0FD0079B9BB23B2148
:10D210001846FFF7E1FE0590059B002B05D0059B06
:10D22000082B02D00598FFF78FFF094B5B69002B95
:10D230000BD000238DF80C30079B9BB2ADF80E305D
:10D24000034B5B6903AA1046984700BF09B000BDB5
:10D25000044E002030B587B00190019B002B01D116
:10D260000E2353E02B4A019B14461D460FCD0FC4DD
:10D2700095E8070084E80700264B274A1A60019BBF
:10D280001B68002B11D0019B1B681846FFF7A8FEF6
:10D290000490049B002B01D0049B37E0019B1A688B
:10D2A0001D4B1068516803C308E01B48FFF79CFE44
:10D2B0000490049B002B01D0049B27E000230593DE
:10D2C00020E0059A13469B0013449B00134A134425
:10D2D00003930398FFF7CEFE059B5B01104A1A44A7
:10D2E000039B5A60039B04330E4A0021184606F044
:10D2F00085FB0490049B002B01D0032306E0059BD3
:10D3000001330593059B002BDBD00023184607B0A3
:10D3100030BD00BF044E0020204E0020F04D002004
:10D32000D04D0020A9D1020000B587B0034600917E
:10D33000ADF80630009B5B7A002B1AD1009B1B7A5C
:10D34000002B03D1164B5B68059302E0144B9B68DE
:10D350000593009B5B68BDF806200599184606F00A
:10D3600073FB0490049B002B16D00498FFF7ECFE8F
:10D3700012E0009B00221A72094B5B69002B0BD054
:10D3800001238DF80C30BDF80630ADF80E30044B9B
:10D390005B6903AA1046984700BF07B000BD00BFF5
:10D3A000044E002000B585B00190019BDB7B8DF819
:10D3B0000F30019B9B88ADF80C309DF80F30012B8E
:10D3C0002CD14FF6FF70FFF713FE0290029B002B4B
:10D3D00003D10420FFF7B8FE21E0BDF80C30194658
:10D3E0000298FFF72DFE029B03F10A00019B03F157
:10D3F00010014FF6FF7340F2F312FFF744FE0346AD
:10D400001A46029B5A72074BDB89002B07D1BDF8E5
:10D410000C3002991846FFF787FF00E000BF05B007
:10D4200000BD00BF044E002000B587B00190019BF5
:10D430009B88ADF81630BDF816301846FFF7D8FDBA
:10D440000490049B002B0ED0049B5B68184606F0EA
:10D4500048FB0390039B002B02D00398FFF774FE58
:10D460000498FFF707FE00BF07B000BD00B587B006
:10D470000190019B06330593059B1A88194BDB89A4
:10D480009A422BD1059B5B89022B27D1019B9B885C
:10D49000ADF81230BDF812301846FFF7A9FD039021
:10D4A000039B002B1AD0059B0C33184601F007F99B
:10D4B0000346002B06D0BDF8123003991846FFF73B
:10D4C00033FF0BE0039B5B68184606F00AFB0290F3
:10D4D000029B002B02D00298FFF736FE00BF07B078
:10D4E00000BD00BF044E002000B585B00190019B37
:10D4F0009B88ADF80E30BDF80E301846FFF778FD6A
:10D500000290029B002B15D0029B03F10A00019BA5
:10D5100003F108014FF6FF7340F2F312FFF7B3FD7A
:10D5200003461A46029B5A72BDF80E3002991846FD
:10D53000FFF7FAFE00BF05B000BD00B583B0019053
:10D540000091019B1B88502B12D0502B18DC122B02
:10D5500012D0122B14DC102B02D0112B04D00FE0B0
:10D560000198FFF71FFF0CE00198FFF75DFF08E04F
:10D570000198FFF77BFF04E00198FFF7B5FF00E09B
:10D5800000BF00BF03B000BD30B58FB00190009167
:10D5900000230293009B002B1AD000230D9314E06C
:10D5A0006B460D99184607F003F80346002B09D087
:10D5B000029B5A1C02920D9A92B25B0038336B4464
:10D5C00023F82C2C0D9B01330D930D9B132BE7D9C6
:10D5D000019B1D4602AC0FCC0FC50FCC0FC594E8C4
:10D5E000070085E8070001980FB030BD00B583B093
:10D5F0000346ADF80630BDF80630132B01D90023E1
:10D600000CE0BDF806301946064806F0A2FFBDF84A
:10D6100006301946044806F09CFF0123184603B063
:10D6200000BD00BF304E00202C4E002000B585B05C
:10D630000346ADF80630002303930DE0039B9B00E7
:10D64000094A13440433BDF806201146184606F073
:10D6500097FF039B01330393039B1D2BEED900BF60
:10D6600000BF05B000BD00BF284E002000B583B04C
:10D670000346ADF80630BDF806301946024806F0FC
:10D680007FFF00BF03B000BD304E002030B59BB01F
:10D69000184B9B68DB431893164B5A6818AB11461E
:10D6A000184606F0DFFF189A6B4611461846FFF73A
:10D6B0006BFF0DAC6D460FCD0FC40FCD0FC495E8B9
:10D6C000070084E80700002319930BE0199B5B0017
:10D6D00068336B4433F8303C1846FFF7A7FF199BBB
:10D6E000013319930D9B199A9A42EFD300BF00BFE3
:10D6F0001BB030BD284E002000B583B001900B4612
:10D70000ADF8023013468DF801309DF80130002B42
:10D7100006D0BDF802301946019806F01AFF05E060
:10D72000BDF802301946019806F02AFF00BF03B089
:10D7300000BD000000B585B001900091019B9B8861
:10D74000ADF80E30019B1B881A2B2CD01A2B6FDCE6
:10D75000192B57D0192B6BDC102B02D0112B1CD09E
:10D7600066E0FFF793FFBDF80E301846FFF73EFF67
:10D77000034683F00103DBB2002B03D0042005F045
:10D7800013FE52E0019BDB7B022B4ED1BDF80E3025
:10D790001946294806F0DDFE47E0BDF80E30184670
:10D7A000FFF764FF44E0019B1B7AC3F30313DBB272
:10D7B0008DF80D309DF80D30032B8CBF0123002315
:10D7C000DAB2BDF80E3019461C48FFF795FF9DF8F8
:10D7D0000D30022B8CBF01230023DAB2BDF80E30CE
:10D7E00019461748FFF788FF9DF80D30012B8CBFB5
:10D7F00001230023DAB2BDF80E3019461148FFF7B5
:10D800007BFF15E0019B1B7A002B10D1019B5B7AFB
:10D81000C3F3C0038DF80C309DF80C20BDF80E301A
:10D8200019460648FFF768FF01E000BF00E000BFAF
:10D8300000BF05B000BD00BF344E0020404E0020A8
:10D840003C4E0020384E002000B583B00346ADF8B2
:10D850000630BDF80630132B01D9002306E0BDF8D1
:10D8600006301946034806F0A3FE0346184603B0E7
:10D8700000BD00BF2C4E002000B583B00346ADF8BC
:10D880000630BDF806301846FFF7DEFF0346002BD2
:10D8900002D0BDF8063000E01423184603B000BDE6
:10D8A00084B001900023039316E0104A039B9B0071
:10D8B00013449A78019B9B789A420AD10B4A039BA6
:10D8C00032F82320019B1B889A4202D1084B1B6827
:10D8D00008E0039B01330393064B1B68039A9A42AB
:10D8E000E3D30023184604B0704700BFA44E0020C5
:10D8F000BC4E0020C44E002000B583B001900091C2
:10D900000198FFF7CDFF0346002B01D0002314E060
:10D910000B4B1B68052B0FD8094B1B68094A019953
:10D920009B0013440A4610681860054B1B680133BE
:10D93000034A1360002300E00423184603B000BD2F
:10D94000C44E0020A44E002000B585B001900023F5
:10D95000039311E0019A039BDB01134403F5537316
:10D960001B68039AD20102F5347201990A441046E9
:10D970009847039B01330393054B1B68039A9A4214
:10D98000E8D3019B0022C3F8CC2200BF05B000BD44
:10D99000C44E002000B5A3B001900B46ADF8023094
:10D9A00003AB7C220021184609F0E0F8BDF80230F4
:10D9B000ADF80E3003238DF80C30019B0493064B19
:10D9C0001B68002B04D0044B1B6803AA1046984721
:10D9D00000BF23B000BD00BFBC4E002000B5A7B003
:10D9E000039002911346ADF80630039B93F8C632BC
:10D9F0001A46762302FB03F3039A13442593259BCF
:10DA00001846FFF74DFF2490249B002B0CD00123D8
:10DA10008DF81430BDF80630ADF81630029B069331
:10DA200005AA249B1046984700BF27B000BD00B54B
:10DA300087B0039002911346ADF80630029B059320
:10DA4000059B002283F8C822BDF806301A460399C8
:10DA50000598FFF7C3FFBDF8063019460598FFF794
:10DA600099FF00BF07B000BD00B585B001900B461F
:10DA70008DF803301346ADF80030019B93F8C632A1
:10DA80001A46762302FB03F3019A13440393039B84
:10DA90001846FFF705FF0290029B002B52D0019B16
:10DAA000D3F8CC32052B4DD8019BD3F8CC32019A58
:10DAB000DB01134403F2D223BDF800201A80019B3E
:10DAC000D3F8CC32019ADB01134403F53473039A83
:10DAD000043311467622184609F016F89DF80330F3
:10DAE000002B0AD0019BD3F8CC32019ADB011344FE
:10DAF00003F5347300221A7009E0019BD3F8CC328D
:10DB0000019ADB01134403F5347302221A70019B5E
:10DB1000D3F8CC32019ADB01134403F55373029A14
:10DB20001A60019BD3F8CC325A1C019BC3F8CC225B
:10DB3000019BD3F8CC22054B1B689A4202D1019875
:10DB4000FFF702FF00BF05B000BD00BFC44E0020BC
:10DB500000B58DB001900B46ADF8023002AB20222B
:10DB60000021184609F002F8019B93F8C7320133EF
:10DB7000DAB2019B83F8C722019B93F8C7321A4699
:10DB80002A4B1B689A4244D2019B002283F8C5228B
:10DB9000019B93F8C6320133DAB2019B83F8C622A7
:10DBA000019B93F8C6321A46762302FB03F3019ACF
:10DBB00013440B93019B93F8C6320B991C4A9B00AC
:10DBC0001344186808600B9B00221A7102238DF819
:10DBD00008300123ADF818300B9A0DF11A031268C2
:10DBE0001A60019B0593134B0493134B1B68BDF8FC
:10DBF000022002A9184601F023FC0A900A9B002B80
:10DC000011D0BDF802301A4601990A98FFF70FFFAC
:10DC100009E0019B002283F8C822BDF802301946B2
:10DC20000198FFF7B7FE0DB000BD00BFC44E002045
:10DC3000A44E00202FDA0200C04E002082B00190D6
:10DC40000091009B1A89019B93F8C63218460199EE
:10DC5000762300FB03F30B4408331B889A4201D25E
:10DC6000012300E00023184602B0704784B00390FF
:10DC7000029101920093019B002B25D1029B1A89EE
:10DC8000039B93F8C63218460399762300FB03F3EF
:10DC90000B4408331B889A4201D100232AE0029BDF
:10DCA0001B8901339AB2009B1A80039B93F8C632FA
:10DCB0001946039A762301FB03F3134408331A88A9
:10DCC000009B5A80012315E0029B1B890133019AB6
:10DCD000D288934201D100230CE0029B1B890133BF
:10DCE0009AB2009B1A80019BDB88013B9AB2009B91
:10DCF0005A800123184604B07047000000B58FB069
:10DD000001900B46ADF8023002AB202200211846EC
:10DD100008F02CFF0AAB04220021184608F026FF69
:10DD2000019B93F8C6321A46762302FB03F3019A4D
:10DD300013440D93019B93F8C532002B21D0019B16
:10DD400093F8C532013B8DF83330019B93F8C6320E
:10DD50001A46762302FB03F3019A13440D939DF8B0
:10DD600033201346DB0013445B0008330D9A134441
:10DD700002330B930B9B1B8901339BB2ADF8283008
:10DD800003E00D9BDB88ADF828300D9B1B89ADF8B7
:10DD90002A3003238DF808300A9B0693019B0593D4
:10DDA000064B0493064B1B68BDF8022002A91846D7
:10DDB00001F046FB034618460FB000BD2FDA020003
:10DDC000C04E002000B593B0039002911346ADF809
:10DDD000063000238DF8433005AB20220021184681
:10DDE00008F0C4FE039B93F8C6321A46762302FB62
:10DDF00003F3039A13440E93039B93F8C5321A4618
:10DE00001346DB0013445B0008330E9A13440233BD
:10DE10001193039B93F8C53201330E9A1279934202
:10DE200009D10DAB002211990398FFF71FFF03469C
:10DE30008DF843303DE0039B93F8C5328DF84230B6
:10DE400031E09DF842200E9B1B79013B9A4202D1A2
:10DE500000230F930BE09DF842305A1C1346DB0061
:10DE600013445B0008330E9A134402330F930DAB37
:10DE70000F9A11990398FFF7F9FE0346002B03D080
:10DE800001238DF8433014E00F9B1193039B93F80B
:10DE9000C5320133DAB2039B83F8C5229DF84230C4
:10DEA00001338DF842300E9B1B799DF842209A4237
:10DEB000C7D39DF8433083F00103DBB2002B04D0BD
:10DEC000029B01221A70002314E0029B00221A70A8
:10DED00004238DF814300D9B0993039B0893074B83
:10DEE0000793074B1B68BDF8062005A9184601F0EB
:10DEF000A7FA0346184613B000BD00BF2FDA020090
:10DF0000C04E002000B587B001900091019B93F8AE
:10DF1000C6321A46762302FB03F3019A1344059393
:10DF2000009B1A88019BB3F8CA329A424BD1009BDE
:10DF30005B88002B39D1009B06330493059B049A20
:10DF40000633063212681A60019B93F8C4328DF8CA
:10DF50000F30049B1B888DF80E309DF80F209DF824
:10DF60000E301344062B0ADC019B93F8C4229DF863
:10DF70000E301344DAB2019B83F8C42203E0019B04
:10DF8000062283F8C422009B1B8819460198FFF7DC
:10DF9000B5FE0290029B002B16D0009B1B881A46F0
:10DFA00001990298FFF743FD0EE0009B1B881A467B
:10DFB00000210198FFF758FD009B1B881946019826
:10DFC000FFF7C6FD00E000BF07B000BD00B58DB093
:10DFD0000190009100238DF82F30009B1A88019B3F
:10DFE000B3F8CA329A4240F0E480019B93F8C632FB
:10DFF0001A46762302FB03F3019A13440893009B0D
:10E000005B88002B40F0A480009B06330793089B9D
:10E010001B798DF81B30079B1B888DF81A309DF8F3
:10E020001B209DF81A301344062B08DC089B1A7934
:10E030009DF81A301344DAB2089B1A7102E0089B6B
:10E0400006221A719DF81B300A930023099345E0BC
:10E0500008990A9A1346DB0013445B000B4403F152
:10E0600008010798099A13469B0013445B00C218E5
:10E070008B1C0232106851681860596012891A812D
:10E0800008990A9A1346DB0013445B000B441433CF
:10E0900000221A8008990A9A1346DB0013445B0099
:10E0A0000B44163300221A8008990A9A1346DB00A3
:10E0B00013445B000B44183300221A8008990A9A13
:10E0C0001346DB0013445B000B441A3300221A8012
:10E0D0000A9B01330A93099B01330993089B1B791F
:10E0E0001A460A9B9342B3D30A9B5A1E1346DB007F
:10E0F00013445B000833089A1344023305930599CF
:10E100000198FFF79BFD034683F00103DBB2002B70
:10E1100003D1089B1B79062B03D101238DF82F30E7
:10E1200019E0089B1A79019B83F8C522009B1B8884
:10E1300019460198FFF7E2FD0490049B002B0AD0DA
:10E14000009B1B881A4601990498FFF770FC31E088
:10E1500001238DF82F309DF82F30002B2AD0019B02
:10E16000002283F8C522009B1A880DF10F0319467F
:10E170000198FFF727FE0490049B002B07D0009B1B
:10E180001B881A4601990498FFF751FC12E09DF88C
:10E190000F30002B0ED0009B1B881A4601210198DE
:10E1A000FFF762FC009B1B8819460198FFF7D0FC23
:10E1B00000E000BF0DB000BD00B589B00190009136
:10E1C000009B1A88019BB3F8CA329A4240F0CA8079
:10E1D000019B93F8C6321A46762302FB03F3019A99
:10E1E00013440693009B06330593019B93F8C532B5
:10E1F0001A461346DB0013445B000833069A1344A7
:10E2000002330493009B5B88002B6ED1002307939D
:10E2100063E00599079A13465B0013445B000B44C7
:10E2200004331B8842F60812934237D042F6081294
:10E2300093423FDC42F6021293420BD042F60212A6
:10E24000934237DCB3F5245F10D042F601129342BB
:10E2500018D02FE00599079A13465B0013445B0022
:10E260000B4402331A88049B5A8123E00599079ACC
:10E2700013465B0013445B000B4402331A88049B73
:10E280009A8117E00599079A13465B0013445B00D7
:10E290000B4402331A88049BDA810BE00599079A34
:10E2A00013465B0013445B000B4402331A88049B43
:10E2B0001A8200BF049B5B89002B0BD0049B9B89B7
:10E2C000002B07D0049BDB89002B03D0049B1B8A07
:10E2D000002B09D1079B01330793059B1B881A4626
:10E2E000079B934295D300E000BF00238DF80B30CD
:10E2F000019B93F8C5320133069A1279934203D1F8
:10E3000001238DF80B301BE0019B93F8C5320133DC
:10E31000DAB2019B83F8C522009B1A880DF10B032A
:10E3200019460198FFF74EFD0390039B002B07D081
:10E33000009B1B881A4601990398FFF778FB12E0AF
:10E340009DF80B30002B0ED0009B1B881A46012134
:10E350000198FFF789FB009B1B8819460198FFF77E
:10E36000F7FB00E000BF09B000BD000084B00190E1
:10E3700000230393019B002B01D10E231AE0019B84
:10E380001B68002B01D10E2314E0019B5B68002B5E
:10E3900001D10E230EE0094B00221A60084B012226
:10E3A0001A70019B1B68074A1360019B5B68064A51
:10E3B0001360039B184604B0704700BFC44E002092
:10E3C000C84E0020BC4E0020C04E002000B583B0D7
:10E3D0000190019B002B01D10E230FE0094B1B780C
:10E3E00083F00103DBB2002B01D0082306E0064BCB
:10E3F0001B6819460198FFF77FFA0346184603B0D9
:10E4000000BD00BFC84E0020BC4E002000B58FB03C
:10E4100001900B46ADF802304FF4BA62002101982A
:10E4200008F0A4FB03AB20220021184608F09EFB55
:10E430002D4B1B68BDF802201146184601F09EF8CE
:10E440000D900D9B0C930C9B002B01D00C9B47E077
:10E45000019BBDF80220A3F8CA22019B0022C3F849
:10E46000CC22019B002283F8C722019B002283F863
:10E47000C622019B002283F8C522019B93F8C63275
:10E480001A46762302FB03F3019A13440B93019B74
:10E4900093F8C6320B99154A9B001344186808601C
:10E4A00002238DF80C300123ADF81C300B9A0DF1CE
:10E4B0001E0312681A60019B06930D4B05930A4BCD
:10E4C0001B68BDF8022003A9184600F0B9FF0D90A3
:10E4D0000D9B002B03D1019B012283F8C8220D9BC9
:10E4E00018460FB000BD00BFC04E0020A44E002053
:10E4F0002FDA020000B583B001900B46ADF8023070
:10E50000019B002B01D10E231CE0104B1B7883F0E4
:10E510000103DBB2002B01D0082313E00C4B1B6876
:10E52000002B01D108230DE0019B93F8C832002B8A
:10E5300001D0112306E0BDF8023019460198FFF71B
:10E5400065FF0346184603B000BD00BFC84E00205B
:10E55000C44E002082B001900091009B1A88019B5C
:10E56000B3F8CA329A4208D1019B002283F8C8222C
:10E57000019B4FF6FF72A3F8CA2200BF02B070479A
:10E5800000B585B001900091019B002B36D0009B17
:10E59000002B33D01A4B1B7883F00103DBB2002B26
:10E5A0002CD1009B0393019B1B88332B17D0332B5B
:10E5B00023DC322B0CD0322B1FDC112B16D0302B4E
:10E5C0001BD1019B043319460398FFF79BFC15E010
:10E5D000019B043319460398FFF7F8FC0EE0019BFA
:10E5E000043319460398FFF7E7FD07E0019B043366
:10E5F00019460398FFF7AEFF00E000BF05B000BD6D
:10E60000C84E002000B587B003900B460192ADF8CC
:10E610000A30019B002B01D10E2338E0019B002220
:10E620001A60039B002B01D10E2330E0039B1B6873
:10E63000002B01D10E232AE0039BDB8803F00303A8
:10E640009BB2002B01D0072321E0BDF80A30184609
:10E65000FFF712F903468DF817309DF81730142B89
:10E6600001D1052313E0039B1B799DF817209A42E3
:10E6700001D304230BE0039B1B689DF8172003992B
:10E68000C98801FB02F21A44019B1A600023184654
:10E6900007B000BD82B00190019B1B781AB2019BAC
:10E6A00001331B781BB21B021BB213431BB29BB27C
:10E6B000184602B07047AADF704700BF184600B581
:10E6C00085B001900198FFF7E5FF0346ADF80E30E5
:10E6D000BDF80E3003F00103DBB2184605B000BDF3
:10E6E00000B585B001900198FFF7D4FF0346ADF85F
:10E6F0000E30BDF80E3003F00203C3F34003DBB26B
:10E70000184605B000BD82B0034600918DF8073071
:10E71000009A137823F00F031370009A137823F0F4
:10E72000F00313709DF80730052B51D0052B5DDCED
:10E73000042B40D0042B59DC032B2FD0032B55DCAA
:10E74000022B1ED0022B51DC002B02D0012B0BD050
:10E750004CE0009A137823F00F031370009A13789B
:10E7600023F0F003137040E0009A1378012161F365
:10E7700003031370009A1378012161F307131370D8
:10E7800033E0009A1378012161F303031370009AB8
:10E790001378022161F30713137026E0009A1378AF
:10E7A000012161F303031370009A1378032161F3CD
:10E7B0000713137019E0009A1378022161F3030321
:10E7C0001370009A1378012161F3071313700CE0A2
:10E7D000009A1378022161F303031370009A1378EF
:10E7E000022161F30713137000BF00BF00BF02B026
:10E7F000704700B595B0034602910192ADF80E3016
:10E80000029B9B78002B03D101238DF81E3003E07F
:10E81000029B9B788DF81E30029B1B88ADF81C3044
:10E8200006AB03220021184608F0A0F9029B5B7C8E
:10E8300006AA11461846FFF766FF029B9A7C06ABB4
:10E84000013319461046FFF75EFF029BDA7B9DF805
:10E850001A3062F3C3038DF81A30029B1A7C9DF8BC
:10E860001A3062F304138DF81A30029B1A7B9DF85C
:10E870001A3062F300038DF81A30029B1B7D002BC7
:10E8800001D0022200E001229DF81A3062F3420317
:10E890008DF81A300DAB1C220021184608F066F9DD
:10E8A000029B5B7B03F01003DBB2002B06D1029BC3
:10E8B0005B7B03F02003DBB2002B24D004AB0322EC
:10E8C0000021184608F052F9029BDA7C04AB0133B0
:10E8D00019461046FFF717FF9DF81030012262F32A
:10E8E00003038DF810309DF81030012262F30713F6
:10E8F0008DF810309DF81230012262F342038DF83A
:10E90000123004AB1293029B5B7B8DF83430029B78
:10E910009B7B8DF8353008AB14220021184608F097
:10E9200025F907AB089306AB0993029B9B88ADF8CA
:10E930002C30029B9B68002B06D0029BDB88ADF835
:10E940002830029B9B680C93029B9B69002B4FD045
:10E9500005AB03220021184608F008F9029B9B69C9
:10E960001B88ADF83C30029B9B695B88ADF83E305C
:10E97000029B9B695B680E9305AB1193029B9B699D
:10E980001B7B05AA11461846FFF7BDFE029B9B693B
:10E990005A7B05AB013319461046FFF7B4FE029BC4
:10E9A0009B699A7A9DF8163062F3C3038DF816308E
:10E9B000029B9B69DA7A9DF8163062F304138DF896
:10E9C0001630029B9B691A7A9DF8163062F3000399
:10E9D0008DF81630029B9B699B7B002B01D0022295
:10E9E00000E001229DF8163062F342038DF81630E4
:10E9F000029BDB69002B02D0029BDB69109308AA03
:10EA00000DA9BDF80E00019BFFF755FE0346184601
:10EA100015B000BD90DF704700BF1846A5DF7047F6
:10EA200000BF1846B5DF704700BF184682B001909E
:10EA3000019BF7221A80019B17225A80019B00221A
:10EA40001A71019B00225A71019BFB229A71019B52
:10EA50001B22DA7100BF02B0704700B589B00346CF
:10EA60000A46ADF806301346ADF80430BDF8043060
:10EA7000ADF81430BDF80430ADF816300023ADF811
:10EA800018300023ADF81A3003AB00221A609A80C8
:10EA900003AA05A9BDF806301846FFF7BBFF07908B
:10EAA000079B002B02D0BDF80C30002B079B1846AB
:10EAB00009B000BD00B585B001900091009B9B8816
:10EAC000ADF80E30BDF80E30DB00019A134406336A
:10EAD0000293019B1A79029B9A71009BDB7B012BAD
:10EAE00002D0022B05D009E0019B1A88029B1A80F4
:10EAF00004E0019B5A88029B1A8000BF029B9A790E
:10EB0000029BDB799A4208D9029B9B791A46BDF891
:10EB10000E3011461846FFF7A0FF00BF05B000BD3C
:10EB200000B583B001900091009B9B88DB00019AA7
:10EB3000134406331846FFF779FF00BF03B000BD4A
:10EB400000B587B001900091009B9B88ADF816300E
:10EB5000009B5B89ADF81430BDF81630DB00019ADC
:10EB6000134406330493049B1B88BDF8142093427E
:10EB700028BF13469AB2049B5A80049B5B88172BCC
:10EB800038BF17239AB2049B5A80019B9B69002BC4
:10EB900015D0049B5B79002B11D040F67723ADF89C
:10EBA0000830BDF81630ADF80A30049B5B88ADF82C
:10EBB0000C30019B9B6902AA114601989847049B5F
:10EBC00000225A71049B00221A7100BF07B000BDD9
:10EBD00000B589B001900091009B9B88ADF81E3074
:10EBE000009BDB88ADF81C30BDF81E30DB00019ABD
:10EBF000134406330693BDF81C30172B38BF172378
:10EC0000ADF81C30069B1B88BDF81C20934228BF22
:10EC100013469AB2069B5A80069B00221A71069BE5
:10EC20001A88BDF81E3011461846FFF7FBFE059006
:10EC3000069B5B79002B16D1019B9B69002B13D09F
:10EC400040F67723ADF80C30BDF81E30ADF80E302D
:10EC5000069B5B88ADF81030019B9B6903AA1146A7
:10EC60000198984700E000BF09B000BD30B591B0F1
:10EC700001900091009B04AC1D1D0FCD0FC40FCD62
:10EC80000FC495E8070084E80700BDF81030ADF820
:10EC90003E30BDF81420BDF83E30D1B2019ADB0001
:10ECA00013440A465A73019B9B69002B15D04DF6FD
:10ECB0007A23ADF80830BDF83E30ADF80A30BDF823
:10ECC0003E30019ADB0013445B7B8DF80C30019BD6
:10ECD0009B6902AA11460198984700BF11B030BD48
:10ECE00000B587B001900091009B04330593059B0C
:10ECF0001B88DB00019A134406330493059B9B8811
:10ED00008DF80F30049B9B799DF80F20934228BF0C
:10ED100013468DF80E30059B1B889DF80E2092B28D
:10ED200011461846FFF799FE00BF07B000BD00B5B9
:10ED300085B001900091019B002B01D10E231DE0B5
:10ED4000019B009A9A61019BF7221A80019BF7228E
:10ED50005A80019BFB221A71002303930AE0039B54
:10ED6000DB00019A134406331846FFF75FFE039B4E
:10ED700001330393039B012BF1D90023184605B0FF
:10ED800000BD82B001900B46ADF80230019B002B14
:10ED900001D10E230EE0BDF80230162B03D9BDF8C9
:10EDA0000230F72B01D9072304E0019BBDF80220B4
:10EDB0001A800023184602B0704700B583B0019056
:10EDC0000B46ADF8023013468DF80130019B002B45
:10EDD00001D10E232DE09DF80130FB2B03D89DF8C7
:10EDE00001301A2B01D8072323E0BDF802304FF67B
:10EDF000FF72934205D1019B9DF801201A710023F7
:10EE000017E0BDF80230012B01D9072311E0BDF84E
:10EE10000230019ADB0013449DF801201A739DF81B
:10EE200001309AB2BDF8023011461846FFF715FEC0
:10EE30000346184603B000BD00B587B001900091AD
:10EE4000009B0593019B9B88ADF81230BDF81230F2
:10EE5000012B5CD8019B1B88552B21D0552B2EDC18
:10EE60003A2B18D03A2B2ADC242B1ED0242B26DC5C
:10EE7000232B1FD0232B22DC102B02D0112B05D0EB
:10EE80001DE001990598FFF715FE19E00199059815
:10EE9000FFF746FE14E001990598FFF751FE0FE0D9
:10EEA00001990598FFF794FE0AE001990598FFF78C
:10EEB000DDFE05E001990598FFF712FF00E000BFB5
:10EEC000BDF81230059ADB0013449B7A002B1FD04B
:10EED000BDF81230059ADB001344DA88BDF8123011
:10EEE00011461846FFF79AFD0390039B002B0FD1A4
:10EEF000BDF81230059ADB00134400229A72BDF867
:10EF00001230059ADB0013440122DA7200E000BFE0
:10EF100007B000BD9BDF704700BF18469DDF7047FC
:10EF200000BF18469EDF704700BF1846A1DF70473C
:10EF300000BF1846A3DF704700BF1846AEDF70471A
:10EF400000BF184600B585B001900091009B1033BA
:10EF50000393039BDB88102B01D9092319E0039B42
:10EF6000DB881946019806F085F80246009B5A6036
:10EF7000009B5B68002B01D104230AE0009B5868CA
:10EF8000039B9968039BDB881A46002306F082F9ED
:10EF90000023184605B000BD00B585B00190009172
:10EFA000009B10330393039B9B681B88102B01D994
:10EFB000092324E0039B9B681B88023319460198B0
:10EFC00006F058F80246009B5A60009B5B68002BD5
:10EFD00001D1042313E0009B5868039B9968002328
:10EFE000022206F057F9009B5868039BD968039BDF
:10EFF0009B681B881A46022306F04CF9002318462A
:10F0000005B000BD00B585B003900B460192ADF888
:10F010000A30019B002B0BD0039B9B68002B07D071
:10F02000039B9B68039AD168BDF80A200198984712
:10F0300000BF05B000BD000000B597B001900B46C1
:10F04000ADF802300CAB01221946019806F05EFBC8
:10F050001590159B002B40F0A7809DF83030052BB4
:10F0600055D0052B00F38180042B45D0042B7CDC8C
:10F07000032B36D0032B78DC022B26D0022B74DC3A
:10F08000002B02D0012B0BD06FE0BDF84010BDF873
:10F090004220BDF802301846FFF748FF159067E0A0
:10F0A00008AB12930D981299BDF846301A4600230A
:10F0B00006F003F90CAB03F11002BDF80230114663
:10F0C0001846FFF737FF159052E0BDF840100CAB23
:10F0D00003F11202BDF802301846FFF71BFF15902E
:10F0E00046E00CAB03F11002BDF8023011461846A1
:10F0F000FFF714FF15903BE00CAB03F11002BDF8D5
:10F10000023011461846FFF70DFF159030E004ABB2
:10F1100013930D980DF10E010023022206F0CDF895
:10F120000DF10E0312930D981399129B1B881A462A
:10F13000022306F0C2F8BDF80E30ADF852300CAB29
:10F1400003F11002BDF8023011461846FFF7F6FE33
:10F150001590159B002B0AD1BDF80E30BDF852203A
:10F160009A4204D00C23159301E000BF00E000BFD9
:10F17000159B112B18D09DF830301A460C4B53F8C4
:10F180002230002B03D00D9B184605F0C9FF0CABB5
:10F1900000221946019806F0B9FABDF802100CAB2E
:10F1A000159A1846FFF72EFF00BF17B000BD00BF2D
:10F1B0009C6F030000B58FB00190019BDB680DF1DF
:10F1C0002E010022184606F0A1FA0D9031E0019BB5
:10F1D0009A68BDF82E3019460B469B000B449B00E5
:10F1E00013440C9303AB002219460C9806F08EFAD8
:10F1F0000D9012E09DF80C301A46114B53F8223056
:10F20000002B03D0049B184605F08AFF03AB0022B5
:10F2100019460C9806F07AFA0D900D9B002BE9D058
:10F22000019BDB680DF12E010022184606F06EFAF4
:10F230000D900D9B002BCAD000BF00BF0FB000BDCA
:10F240009C6F030000B585B001900B46ADF802300D
:10F2500000230393019B1B78052B4AD0052B64DC0C
:10F26000042B3BD0042B60DC032B2CD0032B5CDC69
:10F27000022B1CD0022B58DC002B02D0012B0BD010
:10F2800053E0019B198A019B5A8ABDF80230184647
:10F29000FFF74CFE03904BE0019B03F11002BDF819
:10F2A000023011461846FFF745FE039040E0019BEF
:10F2B000198A019B03F11202BDF802301846FFF7CC
:10F2C00029FE039034E0019B03F11002BDF80230E7
:10F2D00011461846FFF722FE039029E0019B03F137
:10F2E0001002BDF8023011461846FFF71BFE0390CE
:10F2F0001EE0019B9B691B88ADF80A30019B03F15E
:10F300001002BDF8023011461846FFF717FE0390B1
:10F31000039B002B0BD1019B9B691B88BDF80A2026
:10F320009A4204D00C23039301E000BF00E000BF29
:10F33000039B112B01D1002307E0BDF80230039A93
:10F3400019460198FFF75EFE0123184605B000BD7F
:10F3500084B001900B46ADF802300023ADF80E30BA
:10F3600012E0019B5A68BDF80E305B0013441B8805
:10F37000BDF802209A4202D1BDF80E300CE0BDF873
:10F380000E300133ADF80E30019B1B88BDF80E2006
:10F390009A42E6D3BDF80E30184604B0704784B0E8
:10F3A00001900B46ADF802300023ADF80E301AE0A4
:10F3B000019B5A68BDF80E305B0013441B884FF662
:10F3C000FF7293420AD1019B5A68BDF80E305B0070
:10F3D0001344BDF802201A8000230BE0BDF80E3064
:10F3E0000133ADF80E30019B1B88BDF80E209A4208
:10F3F000DED30423184604B0704784B00190002384
:10F40000ADF80E3011E0019B5A68BDF80E305B007C
:10F4100013441B884FF6FF72934201D001230BE087
:10F42000BDF80E300133ADF80E30019B1B88BDF8DE
:10F430000E209A42E7D30023184604B0704700001C
:10F4400000B589B0039002911346ADF80630002351
:10F450000793039B002B01D10E2389E0029B002B15
:10F4600001D10E2384E00398FFF7A4FEBDF8063017
:10F4700019460398FFF76CFF0346ADF81A30029B5C
:10F480001B78052B05D8039B1B88BDF81A209A42D0
:10F4900001D107236CE0039B9968BDF81A2013463D
:10F4A0009B0013449B000B44184606F0AFF903463B
:10F4B000002B0ED0BDF8063019460298FFF7C2FEA9
:10F4C00003468DF819309DF81930002B01D0079BA9
:10F4D0004EE0029B1B781A46274B53F82230002B34
:10F4E00018D0039B1B69002B01D10E2340E0029B27
:10F4F0001B781A46204B53F82230039A126902995E
:10F50000104698470790079B0593059B002B01D059
:10F51000059B2DE0039B9968BDF81A2013469B00BC
:10F5200013449B000B440299184606F051F80790CB
:10F53000079B002B0CD0029B1B781A460E4B53F8EE
:10F540002230002B04D0029B5B68184605F0E8FDD2
:10F55000039B9968BDF81A2013469B0013449B0037
:10F560000B44BDF8062011461846FFF765FD079BC2
:10F57000184609B000BD00BF9C6F030000B587B0FE
:10F5800001900B46ADF8023000230593019B002B40
:10F5900001D10E232FE00198FFF70CFEBDF80230D9
:10F5A00019460198FFF7D4FE0346ADF81230019BCF
:10F5B0001B88BDF812209A421CD10198FFF71DFF4D
:10F5C000034683F00103DBB2002B05D0019B1B69CE
:10F5D000184605F045FD0590BDF802301946019822
:10F5E000FFF7DDFE0590059B0393039B002B01D0E5
:10F5F000039B00E0059B184607B000BD00B587B02F
:10F6000001900091009B0493019B002B5AD0049B16
:10F61000002B57D0019B1B88112B04D1019B9B8889
:10F62000ADF8163018E0019B1B882F2B08D9019BE1
:10F630001B884F2B04D8019B9B88ADF816300BE03C
:10F64000019B1B884F2B3FD9019B1B886F2B3BD8FD
:10F65000019B9B88ADF81630BDF81630194604980A
:10F66000FFF776FE0346ADF80E30049B1A88BDF80E
:10F670000E309A422AD0019B1B88112B11D1049B7A
:10F680005A68BDF80E305B0013444FF6FF721A80C3
:10F69000049BDB680DF10E021146184605F098FF39
:10F6A00015E0049B9A68BDF80E3019460B469B0086
:10F6B0000B449B001344BDF8162011461846FFF773
:10F6C000BBFC04E000BF02E000BF00E000BF07B0E9
:10F6D00000BDB0DF704700BF184666DF704700BF4F
:10F6E000184682B001900091019B002B01D10E239E
:10F6F00016E0009B002B01D10E2311E0019B1B782B
:10F70000DE2B01D108230BE0009B1A68019B5A6095
:10F71000019BDE221A70019B4FF6FF725A80002374
:10F72000184602B0704782B001900B46ADF8023027
:10F73000019B002B01D10E230AE0019B1B78DE2BDD
:10F7400001D0082304E0019BBDF802205A80002369
:10F75000184602B0704700B585B00190019B1B7A36
:10F76000002B18D0019B5B8800211846FFF7B5FFDE
:10F770000390039B002B03D1019B00221A720AE025
:10F78000039B112B03D1019B01221A7203E0019B01
:10F790005B680398984700BF05B000BD00B583B013
:10F7A00001900091009B1B79012B0BD1009B1A88C3
:10F7B000019B5B889A4205D1019B01221A72019834
:10F7C000FFF7C9FF00BF03B000BD82B001900091F8
:10F7D00000BF02B0704700B589B001900091009B56
:10F7E0001A88019B5B889A4236D1009B02330793AB
:10F7F000079B1B78022B31D1079B1B7A042B07D068
:10F80000079B1B7A062B03D0079B1B7A052B27D15E
:10F8100002AB00221A605A609A60DA6002238DF807
:10F8200008304FF4C073ADF80C30079B1B7A052BE2
:10F8300002D10023ADF80C30009B1B8802AA1146B0
:10F840001846FFF746FF0690069B002B09D0019B48
:10F850005B680698984704E000BF02E000BF00E044
:10F8600000BF09B000BD00B585B001900091009BBC
:10F87000002B43D0019B002B40D0009B0393039BA4
:10F880001B78DE2B3AD1019B9A88039B5B889A42B6
:10F8900002D10398FFF75FFF019B1B88512B18D003
:10F8A000512B28DC112B1BD0112B24DC012B02D077
:10F8B000022B07D01FE0019B043319460398FFF782
:10F8C0006DFF1BE0019B043319460398FFF77DFF92
:10F8D00014E0019B043319460398FFF77CFF0DE009
:10F8E000019B9A88039B5B889A4206D1039B4FF643
:10F8F000FF725A8001E000BF00E000BF05B000BD0C
:10F900008ADF704700BF18468BDF704700BF18467C
:10F910008CDF704700BF184600B58DB00190009194
:10F92000009B02330B93019B0C330A93019B023320
:10F930000993019B9B7A8DF82330019B5B7883F0C0
:10F940000103DBB2002B21D100F000F902AB14223D
:10F950000021184607F00AF99DF82330099A0A9900
:10F960000B98FFF7D5FF079005238DF80830079B0C
:10F970000393079B002B0AD0019BDB69002B06D069
:10F98000019BDB6902AA1046984700E000BF0DB05A
:10F9900000BD00B589B00190009100238DF81F30A3
:10F9A00000238DF81E3002AB14220021184607F008
:10F9B000DDF8019B0C330693019800F05CF80346D8
:10F9C000002B14D002238DF80830009B0393019B79
:10F9D000DB6902AA10469847019B40331946002074
:10F9E000FFF78EFF00990198FFF796FF41E0019B1A
:10F9F0001B788DF81D3000238DF81C30009B03937D
:10FA00009DF81D30002B0DD09DF81E209DF81F3055
:10FA10009A4207D100238DF8083000990198FFF72A
:10FA20007BFF17E09DF81D3083F00103DBB2002B54
:10FA30000BD09DF81C30002B07D000238DF8083028
:10FA400000990198FFF768FF04E003238DF8083060
:10FA5000009B0393019BDB69002B04D0019BDB69B6
:10FA600002AA10469847019B403319460020FFF731
:10FA700047FF09B000BD82B00190019B1B7B03F0E2
:10FA80001803DBB2082B06D0019B1B7B03F0180385
:10FA9000DBB2182B01D1012300E00023184602B08D
:10FAA000704782B00190019A137B43F004031373F3
:10FAB000019B4FF4A072DA81019B10221A82019BF4
:10FAC00000225A82019A137B23F018031373019BBF
:10FAD00001225A7300BF02B0704782B00190019BAF
:10FAE0004FF4C8721A81019B06225A80019B18228A
:10FAF0009A80019B0422DA8000BF02B0704700B5F3
:10FB000089B001900091009B0433079302AB14224B
:10FB10000021184607F02AF8079B1B78012B12D109
:10FB2000019BDB69002B0ED004238DF80830019B6C
:10FB30000C330693079B1B788DF80C30019BDB6917
:10FB400002AA1046984700BF09B000BD08B5FFF7EC
:10FB5000DBFE00BF08BD10B584B003900291019296
:10FB6000039B002B01D10E234AE0039B019ADA612B
:10FB7000039B01220021184606F0F8FF029B002B90
:10FB80002BD0029B1A79039B5A70029B1A7B039B12
:10FB90009A72029B1B68002B0BD0029B1A68039B76
:10FBA0000C33144620686168A26807C3A2891A80D2
:10FBB00002E00398FFF775FF029B9B68002B08D0BB
:10FBC000029B9A68039B02331168526819605A605D
:10FBD0000CE00398FFF781FF08E00398FFF761FF4F
:10FBE0000398FFF77AFF039B00225A70039B03F1EF
:10FBF0002002039B1A64039B1F22A3F844200023C6
:10FC0000184604B010BD00B589B00190019B002BCF
:10FC100001D10E232CE002AB14220021184606F07D
:10FC2000A5FFFFF793FF0198FFF725FF0346002B81
:10FC30000BD0019BDB69002B07D001238DF8083026
:10FC4000019BDB6902AA10469847019B03F10C0255
:10FC5000019B403319461046FFF752FE0790079B61
:10FC6000082B04D0079B002B01D0079B00E000234A
:10FC7000184609B000BD00B589B00190009103ABF2
:10FC800014220021184606F071FF06238DF80C306F
:10FC9000009B04330493009B1B88ADF81430019B38
:10FCA0000C330793019BDB69002B04D0019BDB69BC
:10FCB00003AA1046984700BF09B000BD00B587B041
:10FCC00001900091009B0593019B08330493019BD5
:10FCD00004330393019B1B881D2B06D01D2B13DCC3
:10FCE000102B0CD01B2B05D00EE004990598FFF7C4
:10FCF00050FE0AE003990598FFF701FF05E003991C
:10FD00000598FFF7B8FF00E000BF00BF07B000BDD7
:10FD1000A8DF704700BF1846ADDF704700BF184628
:10FD2000AEDF704700BF184662DF704700BF18465D
:10FD300000B58FB00190009100230393019B586997
:10FD4000009B9B8803AA1946FEF75CFC0D9005AB4F
:10FD500008220021184606F009FF04AB069302238F
:10FD6000ADF814300023ADF81630009B9888019B45
:10FD70001B8905AA1946FFF7CFFF0D900D9B002B9D
:10FD800026D1019B9B69002B22D0069B1846FEF7CB
:10FD900096FC0346002B1BD0039B002B02D0039B39
:10FDA00001221A7007AB18220021184606F0DEFE69
:10FDB00002238DF81C30019B0893009B9B88ADF8B3
:10FDC0002430039B0A93019B9B6907AA104698471E
:10FDD00000BF0FB000BD00B58DB001900091009B39
:10FDE00006330B93019B5869009B9B8803AA194615
:10FDF000FEF708FC0A9004AB18220021184606F012
:10FE0000B5FE019B0593009B9B88ADF81830039BC2
:10FE100007930B9B1A88019B1B899A4225D10B9B48
:10FE20005B89022B21D1039B002B38D00B9B0C3319
:10FE30001846FEF744FC0346002B06D0039B012224
:10FE40001A7002238DF8103005E0039B00221A700F
:10FE500003238DF81030019B9B69002B1FD0019B61
:10FE60009B6904AA1046984719E00B9B1A88019BCE
:10FE70009B899A4214D1019B9B69002B10D00023CF
:10FE80008DF810300B9B0C3308930B9B5B89ADF8FE
:10FE90002430019B9B6904AA1046984700E000BFEC
:10FEA00000BF0DB000BD00B58BB001900091019B6B
:10FEB0005869009B9B8802AA1946FEF7A3FB09908C
:10FEC000099B002B1ED1029B1B78002B1BD0019B92
:10FED0009B69002B17D003AB18220021184606F0AF
:10FEE00045FE01238DF80C30019B0493009B9B88F9
:10FEF000ADF81430029B0693019B9B6903AA104640
:10FF0000984700E000BF0BB000BD00B585B0019080
:10FF10000091009B002B1ED0019B002B1BD0009B4F
:10FF20000393019B1B88572B10D0572B15DC102BEC
:10FF300002D0502B05D010E001990398FFF7F8FE8E
:10FF40000CE001990398FFF746FF07E00199039839
:10FF5000FFF7A9FF02E000BF00E000BF05B000BD51
:10FF600010B592B0019000914F4B0AAC0FCB84E8D2
:10FF70000F00019B002B01D10E2391E0009B002B71
:10FF800001D10E238CE0009B1A68019B9A61019AB3
:10FF90000AAB11461846FFF7C7FE1190119B10934C
:10FFA000109B002B01D0109B7AE0019B1B788DF8F1
:10FFB0003A300123ADF83830019B9A1C0EAB19463C
:10FFC0000120FFF7A5FE1190119B0F930F9B002BB3
:10FFD00001D00F9B64E002AB20220021184606F0FE
:10FFE000C5FD0223ADF80830019B1B788DF80A305F
:10FFF000F423ADF80C300123ADF80E3001238DF859
:020000023000CC
:1000000014309DF8153043F008038DF815309DF835
:10001000153043F004038DF8153001238DF81930A5
:1000200001238DF81A30019B5888019B03F10C02C3
:1000300002AB1946FEF7DDFB1190119B002B01D09E
:10004000119B2DE002AB20220021184606F08EFD08
:100050000323ADF80830019B1B788DF80A30F42398
:10006000ADF80C300123ADF80E3001238DF81430BB
:100070009DF8153043F010038DF8153001238DF8ED
:10008000193001238DF81A3001238DF81B30019BA4
:100090005888019B1A1D02AB1946FEF7AAFB0346BE
:1000A000184612B010BD00BFB46F030000B58DB08C
:1000B000039002910192ADF80230039B002B01D115
:1000C0000E2342E0039B5B6905AABDF802101846A7
:1000D000FEF798FA0B900B9B0A930A9B002B01D01A
:1000E0000A9B32E0BDF802304FF6FF72934202D015
:1000F000059B002B01D1052327E0059B1B7883F08E
:100100000103DBB2002B01D008231EE0019B1B88FA
:10011000F42B01D9072318E006AB10220021184662
:1001200006F024FD039B9B88ADF81830029B0993D1
:10013000019B089301238DF81A3006AABDF80230FE
:1001400011461846FFF7ECFD034618460DB000BDFA
:1001500062DF704700BF184600B587B00390029178
:100160001346ADF80630029B0593059B1B69002BD7
:1001700003D0059B1B690398984700BF07B000BDDB
:1001800000B58BB00190009103AB142200211846FA
:1001900006F0ECFC009B0E330893009B1B78002BB1
:1001A00057D1009B9B88012B53D1009B9A79019BCF
:1001B0001B789A424DD10023099333E0099A1346E4
:1001C000DB0013445B001A46089B13441B88022B78
:1001D0000DD0032B22D1099A1346DB0013445B0098
:1001E0001A46089B13441B89ADF81E3017E0099A84
:1001F0001346DB0013445B001A46089B13441B891B
:10020000ADF81A30099A1346DB0013445B001A4616
:10021000089B13445B89ADF81C3000E000BF099BCC
:1002200001330993009B1B7A1A46099B9342C5D35D
:10023000019BDB68002B0CD0009B5B88ADF80E3077
:1002400000238DF80C30019BDB6803AA114601984E
:10025000984700BF0BB000BD00B589B00190009178
:10026000019B9B88002B19D0009B5A89019B9B887E
:100270009A4213D1019BDB68002B0FD001238DF82C
:100280000C30009B10330593009BDB89ADF81830D0
:10029000019BDB6803AA11460198984700BF09B08B
:1002A00000BD000010B58AB001900091234B03AC53
:1002B0000FCB84E80F00019B002B01D10E233AE005
:1002C000009B002B01D10E2335E0009B9B68002B87
:1002D00001D10E232FE0019A03AB11461846FFF718
:1002E00037FF0990099B0893089B002B01D0089BBE
:1002F00021E0019B1B788DF81E300123ADF81C30E6
:10030000019B4FF6FF725A80009B1A68019BDA60CE
:10031000009B5A68019B1A61019B00229A80019BF5
:1003200000221A81009B9A68019B5A6107AB18460C
:10033000FEF74CF8034618460AB010BDC46F030020
:1003400000B589B001900091009B0793079B002B9B
:1003500031D0019B002B2ED0079B5B884FF6FF729C
:1003600093422AD0079B5A88019B9B889A4224D1AA
:10037000019B1B88112B06D0392B20D1019907989E
:10038000FFF76AFF1EE0019B9A88079B5B889A42F1
:1003900017D1079BDB68002B13D002238DF80830A0
:1003A000079B4FF6FF725A80079BDB6802AA114633
:1003B0000798984705E000BF04E000BF02E000BFD7
:1003C00000E000BF09B000BD00B58DB001900B4644
:1003D0008DF803309DF80330ADF82E3003AB2022AA
:1003E0000021184606F0C2FBBDF82E30DBB28DF8B6
:1003F0000830BDF82E301B0A9BB2DBB28DF80930F5
:1004000001238DF80C30114B0593019B0693019B42
:10041000DB88ADF81E300223ADF822300023ADF8A2
:10042000203002AB099301238DF81C3001238DF895
:100430001D30019B5869019B5A8803AB1946FEF792
:10044000FFFF034618460DB000BD00BF5901030071
:1004500000B583B00190019B002B01D10E2310E069
:10046000019B5B884FF6FF72934203D0019BDB88B0
:10047000002B01D1082304E001210198FFF7A4FF1C
:100480000346184603B000BD00B58DB0039002913D
:100490001346ADF80630039B002B01D10E2336E046
:1004A00004AB20220021184606F060FBBDF80630A0
:1004B000F42B01D907232AE0039B5B884FF6FF72D8
:1004C000934201D1082322E001238DF81030114B13
:1004D0000693039B0793039B1B89ADF82230BDF85D
:1004E0000630ADF826300023ADF82430029B0A9385
:1004F00002238DF8203001238DF82130039B5869A9
:10050000039B5A8804AB1946FEF79AFF0346184628
:100510000DB000BD5901030000B585B003900B4636
:100520000192ADF80A30039B002B01D10E231BE092
:10053000039BBDF80A205A80019B002B0BD0019B26
:100540005A88039BDA80019B1A88039B9A80019B3F
:100550009A88039B1A81039B5B69BDF80A201146A8
:100560001846FFF70BF80346184605B000BD00001B
:1005700082B003468DF807309DF90730002B13DB5E
:100580009DF8073003F01F0209499DF907305B0908
:10059000012000FA02F2203341F82320BFF34F8FED
:1005A00000BFBFF36F8F00BF00BF02B0704700BF36
:1005B00000E100E0044BD3F80034002B14BF01230A
:1005C0000023DBB2184670470000014008B5FFF772
:1005D000F1FF034683F00103DBB2002B04D000F0EF
:1005E00035FA024B00229A7000BF08BDCC4E0020A5
:1005F00000B583B000230193174B1B78002B02D06A
:10060000852301931CE0144B00229A60124B0022B8
:100610005A60114B00221A610F4B0022DA600F481A
:1006200000F0EEF9019005F0F7FB034683F00103BB
:10063000DBB2002B01D000F001FA074B01221A7047
:10064000FFF7B8FF0346002B02D0034B01229A703C
:10065000019B184603B000BDCC4E002009070300E3
:1006600084B00190019B1B680393039B002B03D074
:10067000039B1A68019B1A60039B184604B07047DD
:1006800000B583B000238DF807300DF1070318463D
:1006900003F0E6FA094BDB68013B084AD360074BDD
:1006A000DB68002B01D1FFF791FF9DF8073018465A
:1006B00003F0DFFA00BF03B000BD00BFCC4E002046
:1006C00000B585B003468DF807309DF80730002B44
:1006D00002D10B4B039301E00A4B03930398FFF7FE
:1006E000BFFF0290029B002B06D0029B5B689DF827
:1006F000072010469847F1E700BF00BF05B000BDD6
:10070000D44E0020DC4E002000B583B003468DF8A7
:1007100007309DF80730002B05D1094B01225A7094
:100720000020FFF7CDFF9DF80730012B05D1044BCA
:1007300001229A700120FFF7C3FF00BF03B000BD84
:10074000CC4E002000B583B001900091019B002B9E
:1007500005D1044B01225A700020FFF7B1FF00BF02
:1007600003B000BDCC4E002000B585B0034600911B
:100770008DF807309DF80730032B29D0032B2CDC94
:10078000002B02D0012B04D027E00020FFF7F0FE61
:1007900024E000238DF80F300DF10F03184603F00D
:1007A0005FFA104B1B7883F00103DBB2002B01D002
:1007B000FFF71EFF0B4BDB6801330A4AD360094B7E
:1007C00001229A709DF80F30184603F052FA05E0A6
:1007D00000F034F9FFF754FF00E000BF00BF05B0A0
:1007E00000BD00BFCC4E002082B003468DF807301C
:1007F0009DF90730002B0CDB9DF8073003F01F023A
:1008000005499DF907305B09012000FA02F241F821
:10081000232000BF02B0704700E100E082B0034631
:1008200000918DF807309DF90730002B0ADB009B03
:10083000DAB20C499DF907305201D2B20B4483F869
:1008400000230BE0009BDAB207499DF8073003F064
:100850000F03043B5201D2B20B441A7600BF02B020
:10086000704700BF00E100E000ED00E082B00190C1
:10087000019B1B0B5BB2184602B0704700B583B0FA
:1008800003460A468DF8073013468DF806309DF86A
:1008900006209DF9073011461846FFF7BFFF00BF3D
:1008A00003B000BD00B583B003468DF807309DF955
:1008B00007301846FFF798FF00BF03B000BD0000E7
:1008C00082B003468DF807300E4A9DF90730002BA1
:1008D00000DA1F335B115BB252F823209DF9073019
:1008E000594203F01F0301F01F0158BF4B425BB296
:1008F00022FA03F303F00103C3F30003DBB218464B
:1009000002B0704700E100E082B001904FF08042F9
:10091000019BC2F8083300BF02B0704782B00346A3
:100920008DF807309DF8073003F1804301221A60EB
:1009300000BF02B0704784B00346ADF80630BDF882
:10094000063003F1804300221A60BDF8063003F13F
:1009500080431B680393039B00BF04B0704782B0C1
:100960000346ADF80630BDF8063003F180431B683E
:10097000002B14BF01230023DBB2184602B07047DE
:1009800082B001904FF08042019BC2F8183500BF41
:1009900002B070474FF08043D3F818341B0C03F0BB
:1009A0000103C3F30003DBB21846704700B583B000
:1009B00006238DF807304FF08040FFF757FF0346BE
:1009C0001846FFF77DFF034683F00103DBB2002BDF
:1009D00013D04FF08040FFF749FF03461A469DF8B9
:1009E000073019461046FFF749FF4FF08040FFF7E8
:1009F0003DFF03461846FFF755FF00BF03B000BD9B
:100A000084B00190002303930B4B1B79002B02D081
:100A1000852303930BE0084B00229A71064A019B41
:100A20001360054B01221A71034B00225A71039B7C
:100A3000184604B0704700BFE04E002008B5FFF72D
:100A4000B5FF0020FFF79CFF00BF08BD08B50220DE
:100A5000FFF75AFF4FF48270FFF76DFF0C20FFF78E
:100A60005DFF00BFFFF796FF0346002BFAD100BFE2
:100A700000BF08BD08B54FF48070FFF770FF034654
:100A8000002B14D04FF48070FFF755FF0120FFF7C3
:100A90003BFF264B5B7983F00103DBB2002B06D0D2
:100AA000224B01225A71214B1B68002098474FF4BA
:100AB0008270FFF754FF0346002B0AD04FF4827078
:100AC000FFF739FF0220FFF71FFF184B1B680120BB
:100AD00098474FF48870FFF742FF0346002B0AD077
:100AE0004FF48870FFF727FF1020FFF70DFF0F4B23
:100AF0001B68022098474FF48670FFF730FF0346CB
:100B0000002B10D00A4B00221A604FF48670FFF7BA
:100B100012FF0820FFF7F8FE044B00229A71034BE6
:100B20001B680320984700BF08BD00BFE04E0020AF
:100B3000340C004082B003468DF807309DF9073031
:100B4000002B0CDB9DF8073003F01F0205499DF9CF
:100B500007305B09012000FA02F241F8232000BFB0
:100B600002B0704700E100E082B0034600918DF8CA
:100B700007309DF90730002B0ADB009BDAB20C49E5
:100B80009DF907305201D2B20B4483F800230BE0E9
:100B9000009BDAB207499DF8073003F00F03043BCE
:100BA0005201D2B20B441A7600BF02B0704700BFA8
:100BB00000E100E000ED00E082B00190019B1B0B22
:100BC0005BB2184602B0704700B583B003460A46D0
:100BD0008DF8073013468DF806309DF806209DF9F4
:100BE000073011461846FFF7BFFF00BF03B000BD36
:100BF00000B583B003468DF807309DF907301846DD
:100C0000FFF798FF00BF03B000BD00B583B00346F7
:100C1000ADF80630BDF80630184600F024F803465B
:100C20001B68012B0CBF01230023DBB2184603B065
:100C300000BD00B585B00346ADF80630BDF80630FE
:100C4000184600F010F803461A4600231360BDF85A
:100C50000630184600F007F803461B680393039B11
:100C600000BF05B000BD82B00346ADF80630BDF848
:100C7000063003F1804303F5C043184602B07047C5
:100C800082B00190034A019BC2F8043300BF02B056
:100C9000704700BF0060004082B00190034A019B92
:100CA000C2F8083300BF02B0704700BF00600040C8
:100CB00082B00190034BD3F80423019B13401846E4
:100CC00002B070470060004082B00190084A019B6A
:100CD00003F5A27352F82330054943F00102019B4A
:100CE00003F5A27341F8232000BF02B0704700BF94
:100CF0000060004082B00190084A019B03F5A27396
:100D000052F82330054923F00102019B03F5A27339
:100D100041F8232000BF02B0704700BF00600040D0
:100D200084B00390029113468DF80730144A039B58
:100D300003F5A27352F82330114923F4473323F407
:100D40004073039A02F5A27241F822300C4A039BC9
:100D500003F5A27352F82320029B1B0203F4F851FF
:100D60009DF807301B0403F440330B4304491A4336
:100D7000039B03F5A27341F8232000BF04B0704722
:100D80000060004082B00190054A019B03F5A27308
:100D900052F823301B0A03F01F03184602B07047B5
:100DA0000060004082B00190064A019B03F5A273E7
:100DB00052F823301B0C03F00303DBB2184602B0D9
:100DC000704700BF0060004082B00190044A019B60
:100DD00003F5A273002142F8231000BF02B0704750
:100DE0000060004082B001904FF0A043184602B06E
:100DF000704700B585B00190084611461A46034673
:100E00008DF803300B468DF8023013468DF8013013
:100E100001AB1846FFF7E6FF03909DF803209DF80D
:100E200002305B001A439DF801309B001A439DF885
:100E300018301B0242EA03019DF81C301B04019A82
:100E40001943039B02F5E07243F8221000BF05B07E
:100E500000BD00B585B003900B468DF80B309DF8B2
:100E60000B30002201920022009200220021039800
:100E7000FFF7BFFF00BF05B000BD00B585B0039010
:100E800000230193002300930023012200210398F3
:100E9000FFF7AFFF00BF05B000BD00B585B0019002
:100EA00001AB1846FFF79EFF0390019A039B02F5E2
:100EB000E07253F8223023F002030293019A039B5D
:100EC00002F5E072029943F8221000BF05B000BDA0
:100ED00000B585B001900B468DF8033001AB184684
:100EE000FFF780FF0390019A039B02F5E07253F82D
:100EF0002230019A23F44031039B02F5E07243F85B
:100F00002210019A039B02F5E07253F822109DF81B
:100F100003301B04019A1943039B02F5E07243F866
:100F2000221000BF05B000BD00B585B0019001AB37
:100F30001846FFF757FF0390039800F01EF802468B
:100F4000019B22FA03F303F00103184605B000BD2C
:100F500000B585B0019001AB1846FFF743FF039041
:100F6000019A039B02F5E07253F822301B0C03F048
:100F70000303DBB2184605B000BD82B00190019BAF
:100F8000D3F81035184602B0704786B0039002912E
:100F900001924FF0A0430493039B059319E0059B36
:100FA0009B0018336B4453F8083CD3F82025019B71
:100FB0001A60059B9B0018336B4453F8083C019A58
:100FC0001268C3F82025019B04330193059B01336C
:100FD0000593039A029B1344059A9A42DFD300BFFC
:100FE00000BF06B0704700B585B0019001AB184650
:100FF000FFF7F8FE0390019B012202FA03F31A4661
:10100000039BC3F8202500BF05B000BD84B001904C
:10101000019B5B09029300230393029B002B03D1E6
:101020004FF0FF33039300BF019B03F01F030193B5
:10103000039A019B22FA03F303F00103DBB2184683
:1010400004B0704784B001900091009B0393019B12
:10105000DB080293019B03F0070301930122019B2C
:1010600002FA03F30399029A0A44127813401846CD
:1010700004B0704784B001900091009B0393019BE2
:10108000DB080293019B03F007030193039A029B81
:1010900013441B785AB20121019B01FA03F35BB29E
:1010A000134359B2039A029B1344CAB21A7000BF89
:1010B00004B0704784B001900091009B0393019BA2
:1010C000DB080293019B03F007030193039A029B41
:1010D00013441B785AB20121019B01FA03F35BB25E
:1010E000DB435BB2134059B2039A029B1344CAB26A
:1010F0001A7000BF04B0704782B001900C4A019B87
:101100001344303393F90030002B09DB084A019B6C
:101110001344303393F90030072B01DC012300E046
:10112000002303F00103DBB2184602B0704700BF92
:10113000E84E002082B00190064A019B13443033F0
:1011400093F90030072BCCBF01230023DBB21846F4
:1011500002B07047E84E002082B00190064A019B21
:101160001344303393F90030DB43DBB2DB09DBB2ED
:10117000184602B0704700BFE84E002084B00390CC
:10118000029101928DF80330029B59B20E4A039BE3
:10119000134430330A461A700B49029B019A41F8F6
:1011A00023209DF8033083F00103DBB2002B08D02D
:1011B000029B083B039A51B2034A13440A4683F840
:1011C000502000BF04B07047E84E002082B001906C
:1011D000044A019B13443033FF221A7000BF02B04F
:1011E000704700BFE84E002000B583B0019003496E
:1011F0000198FFF73FFF00BF03B000BD3C4F002048
:1012000000B583B0019003490198FFF753FF00BF79
:1012100003B000BD3C4F002000B583B001900649EB
:101220000198FFF70FFF0346002B14BF0123002393
:10123000DBB2184603B000BD3C4F002082B00190E5
:10124000044A019B1344303393F90030184602B02E
:10125000704700BFE84E002082B00190034A019B16
:1012600052F82330184602B0704700BFE84E002005
:1012700084B00190074A019B1344503393F9003026
:101280008DF80F309DF80F3023F0C003184604B0DE
:10129000704700BFE84E002084B00190074A019BD0
:1012A0001344503393F900308DF80F309DF80F3010
:1012B0009B09DBB2184604B0704700BFE84E00201F
:1012C00000B589B00390029113468DF80730FF23D3
:1012D0008DF81F309DF80730002B02D000230593B6
:1012E00001E0082305939DF80730002B02D0082366
:1012F000049301E00C230493059B069314E00F4A2A
:10130000069B52F82330B3F1FF3F0AD19DF8073016
:10131000029A06990398FFF731FF069B8DF81F305C
:1013200006E0069B01330693069A049B9A42E6D395
:101330009DF91F30184609B000BD00BFE84E0020DF
:1013400082B003468DF807309DF80730094A4FF008
:10135000FF3142F823109DF80730072B07D99DF87D
:101360000730083B034A1344FF2283F8502000BF94
:1013700002B07047E84E002000B583B02D4B93F8C3
:101380005830002B03D008230093009B4EE000232D
:101390008DF8073011E09DF807301846FFF736FE4C
:1013A0000346002B04D09DF807301846FFF70EFFC8
:1013B0009DF8073001338DF807309DF807301F2B5B
:1013C000E9D900238DF8073009E09DF80730184669
:1013D000FFF7B6FF9DF8073001338DF807309DF811
:1013E00007300B2BF1D904220021134805F0BEFB76
:1013F0001248FFF7E1FB034606211846FFF7E4FB1E
:101400000E48FFF7D9FB03461846FFF7F1FB4FF4F0
:10141000BE70FFF70EFC4FF00040FFF731FC054BAC
:10142000012283F8582000230093009B184603B044
:1014300000BD00BFE84E00203C4F0020006000408F
:10144000044B93F85830002B14BF01230023DBB268
:1014500018467047E84E002000B583B0019001980F
:10146000FFF74AFE0346002B0ED00198FFF7E6FE79
:101470000346DBB21846FFF763FF0198FFF7DEFE75
:1014800003461846FFF7A0FC0198FFF79FFE01985E
:10149000FFF7C2FE0346002B05D00198FFF7EDFCD5
:1014A0000198FFF7ADFE00BF03B000BD00B587B0E7
:1014B000039002910192002305930398FFF74CFEDD
:1014C0000346002B02D00823059358E0029B9B782B
:1014D000C3F34003DBB21A4601990398FFF7F0FE0D
:1014E00003468DF813309DF91330B3F1FF3F44D01C
:1014F000029B9B78C3F38003DBB283F00103DBB272
:10150000002B13D0029B9B7803F00103DBB2002B6E
:1015100003D00398FFF7C1FC05E0029B5B781946F6
:101520000398FFF796FC0398FFF75EFE029B9B78FB
:1015300003F00203DBB2002B08D09DF91300029BDD
:101540001B781A460399FFF7EBFB18E09DF913305F
:10155000083B0D4A134493F95010029B1B785BB271
:101560009B015AB29DF91330083B0A4351B2064A17
:1015700013440A4683F8502001E004230593059B99
:10158000184607B000BD00BFE84E002000B589B086
:1015900001900B468DF803300198FFF7CBFD034611
:1015A000002B2ED00198FFF749FE0346083B184652
:1015B000FFF772FE03468DF80F309DF80F30032BB6
:1015C0000DD10198FFF7B0FC0346002B03D0032395
:1015D0008DF81F300EE002238DF81F300AE09DF8D1
:1015E0000F30012B03D102238DF81F3002E00323BB
:1015F0008DF81F309DF81F3019460198FFF768FCE1
:1016000030E00198FFF778FD0346002B2AD00198BF
:10161000FFF714FE03460693069B9BB240339BB232
:101620009B00ADF81630069B1846FFF74DFBBDF842
:1016300016301846FFF7FDFA9DF80330002B11D045
:101640000198FFF7FBFD03461846FFF705FE0490DF
:10165000049B002B06D00122069B02FA03F31846D6
:10166000FFF70EFB00BF09B000BD00B585B00190CB
:101670000198FFF75FFD0346002B04D0002101987D
:10168000FFF726FC15E00198FFF736FD0346002B17
:101690000FD00198FFF7D2FD03460393039B184632
:1016A000FFF728FB0122039B02FA03F31846FFF71A
:1016B000F3FA00BF05B000BD00B583B001900198FA
:1016C000FFF7D3FF0198FFF717FD0346002B06D065
:1016D0000198FFF7B3FD03461846FFF775FB019825
:1016E000FFF79AFD0346002B05D00198FFF7C5FBD5
:1016F0000198FFF785FD0198FFF72EFD0346002BAB
:1017000007D00198FFF79AFD0346DBB21846FFF7B2
:1017100017FE0198FFF75AFD00BF03B000BD00B5EA
:1017200085B00190019A01210020FFF72EFC0023D3
:1017300003930BE0039B9B00019A13441B68002B4F
:1017400001D0012306E0039B01330393039B002B8D
:10175000F0D00023184605B000BD000000B589B0E8
:101760000190002307935DE0354A079B13445033F3
:1017700093F90030B3F1FF3F50D00798FFF778FDA1
:10178000059001990598FFF75DFC0346002B46D0B4
:101790000798FFF781FD03468DF813300598FFF792
:1017A000D7FB03468DF812309DF81230022B03D17F
:1017B00003238DF81B3002E002238DF81B309DF8C7
:1017C0001B3019460598FFF783FB0598FFF70BFCC4
:1017D0000598FFF733FD03461846FFF73DFD0390DC
:1017E000039B002B1BD09DF81330032B0FD09DF8CB
:1017F0001230022B03D19DF81330012B07D09DF836
:101800001230032B0BD19DF81330022B07D19DF81A
:101810001320039B11460598984700E000BF079BE3
:1018200001330793079B032B9ED90198FFF777FF9E
:101830000346002B95D100BF00BF09B000BD00BF1B
:10184000E84E002000B589B00023079300230093E1
:101850004FF48073ADF816300123049300230693F0
:1018600021E0BDF816301846FFF7CFF90346002BEC
:101870000ED00498FFF71CFA0346002B08D0BDF8E1
:1018800016301846FFF7D5F9079A049B13430793C0
:10189000049B5B000493BDF816300433ADF816309A
:1018A000069B01330693069B072BDAD94FF4BE70D3
:1018B000FFF7ABF90346002B0DD04FF4BE70FFF7D6
:1018C000B8F9079B43F0004307936B461A46012182
:1018D0000020FFF75AFB079BDBB2002B29D0012326
:1018E00004930023069321E0049A079B1340002BE6
:1018F00016D00698FFF746FA03900698FFF752FABB
:1019000003468DF80B300698FFF7A6FC0190019B6B
:10191000002B05D09DF80B20019B1146039898479A
:10192000049B5B000493069B01330693069B072BE5
:10193000DAD9079B002B03DA6B461846FFF70EFF38
:1019400000BF09B000BD000008B5024B1B689847F6
:1019500008BD00BF444F002082B00190019B044AA3
:10196000934201D1034B00E00023184602B07047B8
:1019700000200040444F002000B587B00190009146
:101980000198FFF7E9FF0490049B002B25D000236A
:101990008DF8173000238DF80B300DF10B0318462E
:1019A00002F05EF9049B1B79002B03D001238DF814
:1019B000173005E0049B009A1A60049B01221A71FB
:1019C0009DF80B30184602F054F99DF81730002BA3
:1019D00003D011230393039B02E000230393039B93
:1019E000184607B000BD00B585B001900198FFF71B
:1019F000B3FF0390039B002B05D0039B00221A60CA
:101A0000039B00221A7100BF05B000BD82B00346DF
:101A10008DF807309DF90730002B0CDB9DF807305F
:101A200003F01F0205499DF907305B09012000FA08
:101A300002F241F8232000BF02B0704700E100E04D
:101A400082B003468DF807309DF90730002B13DB79
:101A50009DF8073003F01F0209499DF907305B0923
:101A6000012000FA02F2203341F82320BFF34F8F08
:101A700000BFBFF36F8F00BF00BF02B0704700BF51
:101A800000E100E082B0034600918DF807309DF937
:101A90000730002B0ADB009BDAB20C499DF90730B6
:101AA0005201D2B20B4483F800230BE0009BDAB260
:101AB00007499DF8073003F00F03043B5201D2B2EF
:101AC0000B441A7600BF02B0704700BF00E100E08F
:101AD00000ED00E000B583B003460A468DF80730FC
:101AE00013468DF806309DF806209DF90730114603
:101AF0001846FFF7C7FF00BF03B000BD00B583B0B5
:101B000003468DF807309DF907301846FFF77EFF32
:101B100000BF03B000BD00B583B003468DF80730A9
:101B20009DF907301846FFF78BFF00BF03B000BDDB
:101B300000B585B00190019B002B0AD0064B43F005
:101B400001030393019B9B010293039B0298984717
:101B500000E000BF05B000BDE06F030082B00346A7
:101B60008DF807309DF8073003F1804303F5E0431B
:101B700001221A6000BF02B0704782B00346ADF880
:101B80000630BDF8063003F1804303F5E0431B68DF
:101B9000002B14BF01230023DBB2184602B07047AC
:101BA00084B00346ADF80630BDF8063003F180433B
:101BB00003F5E04300221A60BDF8063003F18043CC
:101BC00003F5E0431B680393039B00BF04B0704719
:101BD00082B003468DF807300B468DF80630134669
:101BE0008DF805300A499DF807309DF805205133DE
:101BF0001B010B4404331A6005499DF807309DF81A
:101C0000062051331B010B441A6000BF02B070471D
:101C10000070004082B003468DF807300B46ADF8E7
:101C200004301346ADF80230BDF9043099B2BDF965
:101C300002301A0405489DF807300A431B0103448B
:101C400003F21C531A6000BF02B0704700700040DE
:101C500082B00190034A019BC2F8043300BF02B076
:101C6000704700BF0070004082B00190034A019BA2
:101C7000C2F8083300BF02B0704700BF00700040D8
:101C800084B003460A468DF8073013468DF80630B7
:101C90009DF80630002B02D18023039301E04023FE
:101CA00003939DF807305B00039A02FA03F318468A
:101CB00004B07047024B0122C3F8002500BF7047F3
:101CC00000700040024B0022C3F8002500BF70479F
:101CD0000070004082B001900091054A019BC2F85B
:101CE0002C36034A009BC2F8303600BF02B0704762
:101CF0000070004082B003468DF80730034A9DF81B
:101D00000730C2F8F03500BF02B0704700700040E5
:101D100082B003468DF80730034A9DF80730C2F8B9
:101D2000F43500BF02B070470070004000B583B0CA
:101D3000034600918DF80730009B1B7803F00302E7
:101D4000009B5B781B0103F030031A43009B9B78D8
:101D50001B0203F4E0631A43009BDB781B0303F4CC
:101D600080531A43009B1B791B0403F4E0231A439E
:101D7000009B5B791B0503F4801342EA0301009B7F
:101D80009B791B0603F080720A489DF807300A43CE
:101D90001B01034403F5A3631A60009BD979009BE0
:101DA0001A7A9DF807301846FFF712FF00BF03B0FC
:101DB00000BD00BF0070004000B58FB04FF48270CE
:101DC000FFF7DBFE0346002B46D04FF48270FFF78F
:101DD000E7FE8E4B93F82E3083F00103DBB2002B2D
:101DE00004D18A4B93F82F30002B35D000238DF887
:101DF0001C30864B5B680893844B1B899BB2ADF803
:101E00002430824BDB68002B03D1804B00221A74F4
:101E100019E07E4B1A8B7D4B5A837C4BDB687B4AE7
:101E200053607A4B1A8B794B1A81784B0022DA6017
:101E3000764B93F82E3083F00103DBB2002B02D0F7
:101E40000020FFF78BFE714B1B6807AA10469847CE
:101E50006E4B002283F82F206C4B93F82E30002B12
:101E60005ED04FF48070FFF788FE0346002B57D0FA
:101E70004FF48070FFF794FE644B5B8B634A92F8DB
:101E80002D2093421BD9614B5B8B604A92F82D2029
:101E90009B1A9AB25D4B5A835C4B5A685B4B1B8909
:101EA0009BB21946594B5B8BCB1A5B001344574AC4
:101EB00092F82D2011461846FFF70CFF29E0534BEE
:101EC0005B8B524A92F82D20934214D14F4BDB6822
:101ED000002B10D04D4B012283F82F204B4B0022BA
:101EE0005A834A4BDB68494A92F82D20114618461E
:101EF000FFF7F0FE0DE0454B5B8B444A92F82D2036
:101F0000934206D1414B012283F82F203F4B002200
:101F10005A834FF48270FFF743FE0420FFF71EFE42
:101F20004FF48870FFF729FE0346002B0ED04FF4C4
:101F30008870FFF735FE354B00221A7402238DF8A6
:101F40001030324B1B6804AA104698474FF48A7031
:101F5000FFF713FE0346002B07D04FF48A70FFF7FC
:101F60001FFE2A4B00221A744CE0284B5B690D932C
:101F700045E00D9B0A930A9B002B01D1202303E02F
:101F80000A9BB3FA83F3DBB20C934FF000420C9B35
:101F900022FA03F3DB430D9A13400D930C9B9BB283
:101FA00046339BB29B00ADF82E30BDF82E3018465C
:101FB000FFF7E3FD0346002B21D0BDF82E30184675
:101FC000FFF7EEFD01238DF80430BDF82E30A3F5A8
:101FD0008C73DB08DBB28DF80830BDF82E30A3F52A
:101FE0008C7303F00403C3F3800383F00103DBB2BB
:101FF0008DF80930054B1B6801AA104698470D9BC8
:10200000002BB6D100BF0FB000BD00BF4C4F002069
:1020100000B585B0019000912C4B93F82C30002B2B
:1020200003D008230393039B4CE0284A009B1360D2
:10203000019B1B781846FFF75DFE019B5B781846F5
:10204000FFF766FE019BDA78204B83F82E201F4BAA
:10205000012283F82C201D4B00221A741B4B0022F6
:1020600083F82D20194B00225A61184B002283F867
:102070002F206FF00040FFF7F7FD4FF48270FFF75D
:102080008FFD4FF48070FFF78BFD4FF48A70FFF7E0
:1020900087FD019B9B7819460720FFF71BFD072052
:1020A000FFF72CFD0220FFF7D3FD084B93F82E30ED
:1020B000002B02D00120FFF7CBFDFFF7FBFD002333
:1020C0000393039B184605B000BD00BF4C4F002092
:1020D00000B585B06FF00040FFF7C6FD0720FFF7A1
:1020E0001AFD0820FFF73AFD00238DF8073042F271
:1020F000107303934FF48A70FFF73FFD0346002BE4
:1021000003D001238DF8073008E00020FFF710FD11
:10211000039B013B0393039B002BEBD1FFF7D2FD05
:10212000104B00221A740023029310E00D4A029B08
:102130000C335B0013441B79002B05D0029BDBB2F0
:10214000184600F067F80090029B01330293029B4F
:10215000072BEBD9034B002283F82C2000BF05B0DE
:1021600000BD00BF4C4F002000B585B00346009174
:102170008DF80730264B1B7CDBB2002B03D01123DC
:102180000393039B41E0009B1B79002B03D0009B32
:102190001B79012B01D1FFF795FD9DF807301C4AF3
:1021A0000C335B0013441B79002B07D1184B93F8B9
:1021B0002D300133DAB2164B83F82D209DF807300D
:1021C000009AD179124A0C335B0013440A461A7103
:1021D0009DF80730009A117A0D4A0C335B001344C6
:1021E0000A465A719DF8073000991846FFF79EFD80
:1021F000009B1B79002B03D0009B1B79012B01D185
:10220000FFF758FD00230393039B184605B000BD5C
:102210004C4F002000B585B003468DF807301F4BAA
:102220001B7CDBB2002B03D011230393039B32E012
:102230009DF80730194A0C335B0013441B79002BBF
:1022400007D0164B93F82D30013BDAB2134B83F8CD
:102250002D209DF80730114A0C335B0013440022F7
:102260001A719DF807300D4A0C335B0013440022AD
:102270005A719DF80730002200211846FFF7A8FC8C
:102280009DF8073040F2FF720549184600F030F91A
:1022900000230393039B184605B000BD4C4F00205C
:1022A00000F8FFFF00B589B0034600918DF80730B4
:1022B0004B4B1B7CDBB2002B03D011230393039BFE
:1022C0008AE0474B01221A740320FFF7CDFC01215D
:1022D0000098FFF7FFFC424B93F82D30012B0FD9EC
:1022E0000023079309E0079BDBB200220021184678
:1022F000FFF76EFC079B01330793079B072BF2D96F
:102300009DF80730364A0C335B00134419799DF869
:102310000730334A0C335B0013445A799DF8073079
:102320001846FFF755FC0020FFF718FC0420FFF7C4
:1023300015FC00238DF8133042F2107306934FF40E
:102340008270FFF71AFC0346002B03D001238DF89F
:10235000133008E00020FFF7EBFB069B013B0693E0
:10236000069B002BEBD14FF48070FFF719FC4FF464
:102370008270FFF715FC1A4B93F82D30012B19D9F9
:102380000023059313E0059BD8B2154A059B0C3337
:102390005B0013441979124A059B0C335B0013440C
:1023A0005B791A46FFF714FC059B01330593059BE7
:1023B000072BE8D90A4B93F82E30002B03D00320CB
:1023C000FFF746FC02E00220FFF742FC044B00222C
:1023D0001A7400230393039B184609B000BD00BF85
:1023E0004C4F002000B585B001900B46ADF802308F
:1023F0001220FFF739FC3D4B1B7CDBB2022B06D1D0
:102400001220FFF725FC11230393039B6BE0374B4E
:102410001B7CDBB2012B35D1344BDB68002B06D0A3
:102420000220FFF715FC11230393039B5BE02F4A67
:10243000019BD3602D4ABDF8023013832B4B93F8D8
:102440002E3083F00103DBB2002B14D000BF4FF419
:102450008070FFF792FB034683F00103DBB2002B91
:10246000F5D14FF48070FFF79BFBBDF802301946A1
:102470000198FFF72FFC0220FFF7EAFB00230393EC
:10248000039B30E00220FFF7E3FB184B01221A7494
:10249000164A019B5360154ABDF802301381134B55
:1024A0000022DA60114B93F82E30002B0BD00F4A2C
:1024B000BDF8023053830D4B93F82D301946019827
:1024C000FFF708FC0CE0BDF8023019460198FFF751
:1024D00001FC4FF48070FFF763FB0020FFF73EFB29
:1024E00000230393039B184605B000BD4C4F00200A
:1024F00000B585B003468DF807300B46ADF80430C3
:102500001346ADF80230BDF90220BDF904109DF864
:1025100007301846FFF77EFB9DF80730002118466C
:10252000FFF7AEFB0390BDF9043013F5006F11D136
:10253000284B5A699DF807305B0001334FF000418A
:1025400021FA03F3DB431340224A53610398FFF758
:102550008BFB0FE01F4B5A699DF807305B0001337E
:102560004FF0004121FA03F313431A4A53610398D1
:10257000FFF76EFB9DF8073001211846FFF780FB3F
:102580000390BDF9023040F2FF72934210D1114B1B
:102590005A699DF807305B004FF0004121FA03F3C0
:1025A000DB4313400B4A53610398FFF75DFB0EE0DA
:1025B000084B5A699DF807305B004FF0004121FA43
:1025C00003F31343034A53610398FFF741FB00BF32
:1025D00005B000BD4C4F002082B003468DF8073097
:1025E0009DF90730002B0CDB9DF8073003F01F022C
:1025F00005499DF907305B09012000FA02F241F814
:10260000232000BF02B0704700E100E082B0034623
:102610008DF807309DF90730002B13DB9DF807304C
:1026200003F01F0209499DF907305B09012000FAF8
:1026300002F2203341F82320BFF34F8F00BFBFF3D6
:102640006F8F00BF00BF02B0704700BF00E100E025
:1026500082B0034600918DF807309DF90730002BBA
:102660000ADB009BDAB20C499DF907305201D2B265
:102670000B4483F800230BE0009BDAB207499DF876
:10268000073003F00F03043B5201D2B20B441A7619
:1026900000BF02B0704700BF00E100E000ED00E0C5
:1026A00082B00190019B1B0B5BB2184602B07047D1
:1026B00000B583B003460A468DF8073013468DF8FF
:1026C00006309DF806209DF9073011461846FFF7A1
:1026D000BFFF00BF03B000BD00B583B003468DF857
:1026E00007309DF907301846FFF776FF00BF03B0AB
:1026F00000BD00B583B003468DF807309DF9073063
:102700001846FFF783FF00BF03B000BD82B0019001
:102710000B468DF803309DF80330019A13440122D3
:102720001A6000BF02B0704784B001900B46ADF84C
:102730000230BDF80230019A134400221A60BDF83D
:102740000230019A13441B680393039B00BF04B03B
:10275000704782B001900B46ADF80230BDF80230F0
:10276000019A13441B68002B14BF01230023DBB222
:10277000184602B0704782B001900091019BD3F8D7
:102780000022009BDB431A40019BC3F8002200BFDC
:1027900002B0704782B001900091019B009AC3F88B
:1027A000042300BF02B0704782B001900091019BEA
:1027B000009AC3F8082300BF02B0704782B00190AE
:1027C000019B0522C3F8002500BF02B0704782B00C
:1027D0000190019B0022C3F8002500BF02B07047A2
:1027E00084B0039002910192039B029AC3F80825DA
:1027F000039B019AC3F80C2500BF04B0704782B058
:102800000190019BD3F80835184602B0704782B09A
:102810000190019BD3F80C35184602B0704782B086
:1028200001900091019B009AC3F8242500BF02B0DB
:10283000704784B00190019BD3F8C4340393019B8B
:10284000039AC3F8C424039B184604B0704782B0AF
:1028500001900B468DF803309DF80320019BC3F8CF
:10286000882500BF02B0704782B00190019BD3F869
:102870001835DBB2184602B0704782B001900B46A3
:102880008DF803309DF80320019BC3F81C2500BF81
:1028900002B0704782B001900091019B009AC3F88A
:1028A000002200BF02B0704782B001904FF0A043F9
:1028B000184602B0704700B585B001900846114631
:1028C0001A4603468DF803300B468DF80230134646
:1028D0008DF8013001AB1846FFF7E6FF03909DF835
:1028E00003209DF802305B001A439DF801309B00E5
:1028F0001A439DF818301B0242EA03019DF81C3070
:102900001B04019A1943039B02F5E07243F822105D
:1029100000BF05B000BD00B585B003900023019352
:10292000002300930023012200210398FFF7C3FF37
:1029300000BF05B000BD84B0019003230393019B49
:1029400003F00103002B02D04FF402430393019BD9
:1029500003F00203002B02D048F201230393019BF2
:1029600003F00403002B02D048F202230393039BDD
:10297000184604B0704700B583B001900091009BE9
:102980005A6B009B9B6A9A4207D00198FFF71FFF82
:102990000198FFF713FF002300E00123184603B05E
:1029A00000BD000000B58BB0059004910392029326
:1029B000059B1B791A4613461B019B1A9B00424A32
:1029C00013440993099B93F82E30002B03D008235E
:1029D0000793079B74E0059B1A68059B1B791946B2
:1029E0003A4B53F8213019461046FEF7C5FF03460F
:1029F000002B03D011230793079B61E0099B039AE7
:102A00001A60099B029A5A60099B00229A60099BEE
:102A1000002283F82D20099B002283F83120099B96
:102A2000002283F83020049B5A7B099B83F83820CE
:102A3000049B1868002301930623009303230022BC
:102A40000021FFF738FF049B5868002301930623F9
:102A50000093032300220021FFF72DFF059B1B6835
:102A60000893049B1968049B5B681A460898FFF753
:102A7000B7FE049B9B6819460898FFF7D0FE099B98
:102A80001B68002B15D0059B1B681846FFF708FE36
:102A900003461A46049B1B7B19461046FFF708FEA7
:102AA000059B1B681846FFF7FBFD03461846FFF71A
:102AB00013FE099B012283F82E2000230793079B16
:102AC00018460BB000BD00BF7C4F0020E86F03002C
:102AD00000B585B00190019B1B791A4613461B0176
:102AE0009B1A9B001C4A13440393039B1B68002BF7
:102AF00008D0019B1B681846FFF7D2FD0346184615
:102B0000FFF7F7FD019800F045F8019B1B68184698
:102B1000FEF769FF039B93F8383083F00103DBB2C3
:102B2000002B11D0019B1B681846FFF768FE034677
:102B30001846FFF7F0FE019B1B681846FFF767FE7B
:102B400003461846FFF7E7FE039B002283F82E207A
:102B500000BF05B000BD00BF7C4F002000B585B0B0
:102B60000190019B1B791A4613461B019B1A9B007F
:102B7000074A13440393019B1B6802930298FFF7D3
:102B80001DFE039B022283F82E2000BF05B000BD6E
:102B90007C4F002000B585B00190019B1B791A463F
:102BA00013461B019B1A9B000B4A13440393019B82
:102BB0001B68029309490298FFF7F6FD032102986A
:102BC000FFF7D9FD0298FFF702FE039B012283F86D
:102BD0002E2000BF05B000BD7C4F002086420400BF
:102BE00000B583B001900091009B5A6B009B9B6ADB
:102BF0009A420AD2009B5A6A009B5B6B13441B7873
:102C000019460198FFF739FE1EE0009B93F82C301F
:102C1000002B05D01C210198FFF778FD002314E05C
:102C2000009B1B6A03F04003002B09D01C21019874
:102C3000FFF76CFD009B012283F82D20002304E0A8
:102C400014210198FFF762FD0123184603B000BD6F
:102C500010B582B001900091009B5A6B009B9B6A5B
:102C60009A4244D2009B5A6A009B5B6BD41801982D
:102C7000FFF7FAFD03462370009B5B6B5A1C009B19
:102C80005A63009B5A6B009B9B6A013B9A420AD194
:102C9000009B1B6A03F04003002B04D10221019822
:102CA000FFF7F8FD1FE0009B5A6B009B9B6A9A425E
:102CB00007D1009B1B6A03F04003002B01D10123C5
:102CC00016E0009B5A6B009B9B6A9A420BD1009BBB
:102CD0001B6A03F04003002B05D0009B022283F8FF
:102CE0002D20002304E020210198FFF70FFD012390
:102CF000184602B010BD00B585B0019000910023C8
:102D00008DF80F304FF482710198FFF722FD0346D2
:102D1000002B07D04FF482710198FFF705FD0123C6
:102D20008DF80F30009B93F82F30002B0FD04FF40D
:102D300092710198FFF7F8FC4FF48E710198FFF73C
:102D4000F3FC4FF484710198FFF7EEFC78E04FF448
:102D500092710198FFF7FDFC0346002B0DD04FF454
:102D600092710198FFF7E0FC14210198FFF7CEFC67
:102D7000009B012283F82F2062E04FF48E710198AE
:102D8000FFF7E7FC0346002B2BD04FF48E71019820
:102D9000FFF7CAFC009B5B6B5A1C009B5A634FF405
:102DA00092710198FFF7D5FC0346002B0DD04FF42C
:102DB00092710198FFF7B8FC14210198FFF7A6FC67
:102DC000009B012283F82F203AE000990198FFF739
:102DD00007FF034683F00103DBB2002B30D0002352
:102DE00054E04FF484710198FFF7B3FC0346002BC5
:102DF00026D04FF484710198FFF796FC4FF492713E
:102E00000198FFF7A6FC0346002B0DD04FF49271FA
:102E10000198FFF789FC14210198FFF777FC009BCC
:102E2000012283F82F200BE000990198FFF710FF93
:102E3000034683F00103DBB2002B01D0002325E021
:102E40009DF80F30002B20D0009B002283F82D200E
:102E5000009B93F82F3083F00103DBB2002B12D0DC
:102E600000990198FFF787FD0346002B14BF01234B
:102E70000023DBB283F00103DBB203F00103DAB21B
:102E8000009B83F82F20002300E00123184605B0A3
:102E900000BD000000B587B00190009100230593AC
:102EA000374B03934FF482710198FFF73DFC4FF4C9
:102EB00092710198FFF738FC4FF48E710198FFF77B
:102EC00033FC4FF484710198FFF72EFC0021019828
:102ED000FFF7E0FC009B00225A63009B002283F86E
:102EE0002F2020210198FFF711FC009B93F82D3033
:102EF000012B03D008210198FFF708FC00990198E5
:102F0000FFF76EFE009B1B68002B0DD0009B40F26C
:102F100086229A60009B9B6819460198FFF73AFC4D
:102F20002AE0039B013B0393039B002B06DD0099E2
:102F30000198FFF7E0FE0346002BF2D1009B93F8C7
:102F40002F30002B0DD00198FFF773FC0490049BE9
:102F5000002B04D00498FFF7EEFC059001E003235A
:102F60000593039B002B07DC0198FFF730FC0198C9
:102F7000FFF724FC03230593059B184607B000BD0B
:102F8000A086010000B587B0019000910023059351
:102F90003D4B03934FF482710198FFF7C5FB4FF44B
:102FA00092710198FFF7C0FB4FF48E710198FFF703
:102FB000BBFB4FF484710198FFF7B6FB009B002226
:102FC0005A63009B002283F82F20009B9B6A012BF1
:102FD0000AD1009B1B6A03F04003002B04D102219D
:102FE0000198FFF757FC03E001210198FFF752FC1D
:102FF00020210198FFF78AFB009B93F82D30022BCC
:1030000003D000210198FFF781FB009B1B68002B78
:103010000DD0009B40F286229A60009B9B68194667
:103020000198FFF7B7FB2AE0039B013B0393039B47
:10303000002B06DD00990198FFF75DFE0346002B8B
:10304000F2D1009B93F82F30002B0DD00198FFF7A1
:10305000F0FB0490049B002B04D00498FFF76BFC5A
:10306000059001E003230593039B002B07DC0198E7
:10307000FFF7ADFB0198FFF7A1FB03230593059B29
:10308000184607B000BD00BFA086010030B587B06C
:10309000039002910192009300230593029B93F801
:1030A0002D30012B05D1019B1B78012B01D1082369
:1030B0006DE0029B93F82D30022B05D1019B1B780C
:1030C000012B01D0082362E032490398FFF76CFB23
:1030D000029B93F83030DBB2002B09D0029B9B6837
:1030E00019460398FFF756FB11230593059B4EE005
:1030F000009B03F00403C3F3800383F00103DAB2FF
:10310000029B83F83020029B009A1A62029B019A6C
:1031100003F10C0415460FCD0FC42B682360019BEF
:103120005A68029B9A62019BDA68029B5A62019B71
:103130005B7819460398FFF78AFB019B1B78012BEC
:1031400017D0019B1B78002B04D1009B03F02003B8
:10315000002B01D0012300E0002303F00103DAB2C9
:10316000029B83F82C2002990398FFF793FE0590A9
:1031700004E002990398FFF705FF0590029B1B6886
:10318000002B03D1029B002283F83020059B1846B8
:1031900007B030BD8642040000B587B003900291AD
:1031A000019200230593039B1B791A4613461B01CA
:1031B0009B1A9B00074A13440493039B1868019BC6
:1031C000029A0499FFF762FF0590059B184607B025
:1031D00000BD00BF7C4F002000B58BB00390019272
:1031E00000930B468DF80B3000238DF814309DF8BA
:1031F0000B308DF81530009B069300230793019B3D
:103200000893002309939DF83030002B01D0202231
:1032100000E0002205AB19460398FFF7BDFF034607
:1032200018460BB000BD00B58BB00390019200931F
:103230000B468DF80B3001238DF814309DF80B30C0
:103240008DF81530009B069300230793019B08938C
:103250000023099305AB002219460398FFF79CFF52
:10326000034618460BB000BD30B58BB001900091FD
:1032700000990198FFF73FFD0346002B40F0848042
:10328000009B93F82F3083F00103DBB2002B31D089
:10329000009B1B7B022B03D0009B1B7B032B29D1A4
:1032A000009B5A6A009B9B699A4223D1009BDA6972
:1032B000009B5A62009B5A69009B9A62009B1B6AA2
:1032C00003F02003C3F34013DAB2009B83F82C20F1
:1032D000009B002283F82D20009B1B7B032B04D135
:1032E00000990198FFF7D6FD4FE000990198FFF78C
:1032F00049FE4AE0009B04AC03F10C050FCD0FC45E
:103300002B682360009B93F82F30002B22D001986C
:10331000FFF78FFA0990099B03F00203002B03D0FB
:1033200001238DF80C3018E0099B03F00403002BF7
:1033300003D002238DF80C300FE0099B03F001034A
:10334000002B03D003238DF80C3006E004238DF806
:103350000C3002E000238DF80C30009B002283F833
:103360003020009B1B6A03F00403002B04D0009B59
:1033700093F82F30002B08D0009B1B68009A5168EF
:1033800003AA1046984700E000BF0BB030BD000014
:1033900008B503490348FFF767FF00BF08BD00BF3A
:1033A0007C4F00200030004000B587B00190002322
:1033B000039300230493019B059303AB1A4600215A
:1033C00044F2010000F018F800BF07B000BD000093
:1033D000BFF34F8F00BF064BDB6803F4E062044984
:1033E000044B1343CB60BFF34F8F00BF00BFFDE71B
:1033F00000ED00E00400FA0500B585B003900291ED
:10340000019272B600BFFFF7E3FF00002DE9F04321
:1034100083B0144800F041FF034600221C461546C5
:10342000114BD3E9002314EB020845EB0309CDE966
:1034300000890E4BD3E90023DDE90001904271EBD6
:10344000030307D2DDE9002312F1807643F1000780
:10345000CDE90067DDE900231046194603B0BDE859
:10346000F08300BFF8440020C04F0020C84F002068
:1034700088B001900091019B0793009B0693079BE6
:10348000D3E90223CDE90423069BD3E90223CDE946
:103490000223DDE90423DDE90201904271EB03031D
:1034A0002CBF01230023DBB2184608B07047000090
:1034B000F0B585B0019000238DF80F303F4B1B789D
:1034C000002B75D0019B002B72D0FFF79FFF019B53
:1034D000D3E90223904271EB030358D300238DF804
:1034E0000D300DF10D03184600F0BAFB019B1B696E
:1034F000002B06D101994FF0FF324FF0FF33C1E9A5
:1035000002239DF80D30184600F0B3FB019B5B6968
:10351000019A92691046984700238DF80C3003AB4E
:10352000184600F09DFB019B1B69002B1AD0019BE4
:10353000D3E90223B3F1FF3F08BFB2F1FF3F11D03F
:10354000019BD3E902230199096900200C46054635
:10355000161943EB0507019BC3E9026701238DF8A8
:103560000E3002E000238DF80E309DF80C30184626
:1035700000F07FFB9DF80E30002B19D0019B1946FF
:103580000F4802F08DF901238DF80F3010E0019BF8
:10359000D3E90223B3F1FF3F08BFB2F1FF3F07D0E9
:1035A000019B1946064802F07BF901238DF80F3084
:1035B0009DF80F30184605B0F0BD00BFBC4F00208D
:1035C000EC6F030030B589B0019000910D23079393
:1035D000009B00221A70019BD3E90223CDE904234A
:1035E000FFF714FFDDE90423141A63EB0105CDE9AD
:1035F0000245DDE90223012A73F1000319DB029B76
:10360000B3F5350F06D300F0B1FA0246124B13445E
:10361000069301E0049B06934FF49603069A00215B
:103620000E4800F04BFD0790079B002B05D10123AE
:103630000EE00021094800F00CFE079B0D2B06D17F
:103640000198FFF735FF03461A46009B1A700023C6
:10365000184609B030BD00BFFFFFB400F844002099
:1036600000B583B0034802F043F90190019B18466E
:1036700003B000BDEC6F030000B583B0034802F057
:103680004DF90190019B184603B000BDEC6F03009B
:1036900000B583B0FFF7E4FF0190019B002B06D03B
:1036A00001994FF0FF324FF0FF33C1E90223019B34
:1036B000002BEFD100BF00BF03B000BD054BD3E925
:1036C000002312F1807043F10001024BC3E90001B5
:1036D00000BF7047C04F002000B583B00190074B7A
:1036E0001B68002B07D0054B1B681846FFF7E0FE50
:1036F000024B00221A6000BF03B000BDB84F00208B
:1037000000B583B00190FFF781FE02460B460349E6
:10371000C1E9002300BF03B000BD00BFC84F0020B7
:1037200000B587B00190FFF7A7FF049000238DF844
:103730001730049B002B58D0049BD3E90223B3F12C
:10374000FF3F08BFB2F1FF3F02D1FFF789FF54E00E
:103750002D4B1B68002B03D101238DF817301DE082
:10376000049BD3E90201284B1B68D3E90223904252
:1037700071EB030312D201238DF81730224B1B6823
:10378000D3E90223B3F1FF3F08BFB2F1FF3F05D0F9
:103790001D4B1B6819461D4802F082F89DF8173032
:1037A000002B2BD0FFF75CFF04900DF10F0319469F
:1037B0000498FFF707FF0346002B12D0124B1B683B
:1037C000002B02D1019800F0C5FB0F4A049B136047
:1037D0009DF80F3083F00103DBB2002BA3D000BFB4
:1037E0000FE0094B00221A609DE7074B1B68002B76
:1037F00006D1019800F0BAFB02E094E700BF00E0B8
:1038000000BF00BF07B000BDB84F0020EC6F030041
:1038100000B587B001902A4A03AB1946104600F064
:103820006DFE059045E0059B1B78022B2BD0022BEB
:103830002FDC002B02D0012B11D02AE0059B5B6806
:10384000D3E90223B3F1FF3F08BFB2F1FF3F22D01B
:10385000059B5B6819461B4802F022F81BE0059B9C
:103860005A68194B1B689A4203D1174B00221A6001
:1038700012E0059B5B681946124802F057F80346B0
:103880008DF8133008E0FFF703FF104B01221A7088
:1038900002E000BF00E000BF094A03AB1946104632
:1038A00000F044FE064A03AB1946104600F026FE1F
:1038B0000590059B002BB6D100BF00BF07B000BD2F
:1038C00028500020EC6F0300B84F0020BC4F0020B0
:1038D00000B583B00190019800F0AFFC0346002BC7
:1038E00001D0FFF7EBFE0021019800F0C2FC034677
:1038F000002B02D00198FFF7EFFE0121019800F0A4
:10390000B8FC0346002B02D00198FFF7F9FE01989E
:10391000FFF77EFF0198FFF703FF00BF03B000BD74
:1039200008B5024800F0C5FC00BF08BDF8440020FF
:1039300000B585B0034600918DF80730104A02AB00
:103940001946104600F0AFFD0390039B002B13D0E7
:10395000039B9DF807201A70039B009A5A60084A3F
:1039600002AB1946104600F0B6FD0346002B01D00D
:10397000FFF7D6FF002300E00423184605B000BD82
:103980002850002000B583B0154B1B6800931548E4
:1039900008235822144900F040FD0190019B002BA0
:1039A00001D0019B19E06B46104A1946104800F0FF
:1039B00089FA0190019B002B01D0019B0DE00121B0
:1039C0000B4800F02AFC01230A4A0121084800F0B4
:1039D000D9FA094B01221A70019B184603B000BDA9
:1039E000F86F030028500020D04F0020D13803008A
:1039F000F8440020FFFF7F00BC4F002086B00390FA
:103A00000B4601928DF80B30019B002B01D107234F
:103A100017E0039B1B68059305994FF0FF324FF0A9
:103A2000FF33C1E90223059B019A5A619DF80B30CF
:103A3000012B0CBF01230023DBB21A46059B1A6140
:103A40000023184606B07047F0B589B00390029184
:103A50000192039B069300238DF817300DF1170395
:103A6000184600F0FDF8069BD3E90223B3F1FF3FAF
:103A700008BFB2F1FF3F11D1FFF7C8FC02460B4669
:103A8000029900200C460546161943EB0507069BD4
:103A9000C3E9026701238DF81F3002E000238DF88F
:103AA0001F309DF81730184600F0E3F89DF81F30DE
:103AB00083F00103DBB2002B01D000230EE0069B54
:103AC000019A9A61069B1B69002B02D0069B029A01
:103AD0001A6106990020FFF72BFF0346184609B02C
:103AE000F0BD00B587B00190019B049300238DF8D1
:103AF0000F300DF10F03184600F0B2F8049BD3E924
:103B00000223B3F1FF3F08BFB2F1FF3F03D100230F
:103B10008DF8173009E004994FF0FF324FF0FF3372
:103B2000C1E9022301238DF817309DF80F301846A4
:103B300000F09FF89DF8173083F00103DBB2002BF3
:103B400001D0002304E004990120FFF7F1FE0346B1
:103B5000184607B000BD82B001900091019A009B09
:103B6000D31A23F07F43184602B0704708B50348C4
:103B700000F093FB0346184608BD00BFF844002040
:103B800082B0EFF310830093009B019372B600BFE5
:103B9000019B184602B0704762B600BF00BF704775
:103BA00000B585B00190FFF7EBFF0390154B9B68C4
:103BB000002B1BD1134B01229A60134BD3F88020AA
:103BC000124B13400F4A13600F4B104AC3F880206A
:103BD0000D4BD3F884300B4A53600B4B4FF0FF3240
:103BE000C3F88420019B00221A7002E0019B01228D
:103BF0001A70039B002B01D1FFF7CEFF002318465C
:103C000005B000BD3C50002000E100E0FC06FFBD17
:103C100000B585B003468DF807300F4B9B68002B2D
:103C200016D09DF80730002B12D1FFF7A9FF0390A3
:103C30000A4A094B1B681360084A074B5B685360CC
:103C4000054B00229A60039B002B01D1FFF7A4FFD4
:103C50000023184605B000BD3C50002000E100E004
:103C600000B583B001900198FFF79AFF00BF03B041
:103C700000BD00B583B003468DF807309DF80730CE
:103C80001846FFF7C5FF00BF03B000BD82B0034672
:103C90008DF807309DF90730002B0CDB9DF80730BD
:103CA00003F01F0205499DF907305B09012000FA66
:103CB00002F241F8232000BF02B0704700E100E0AB
:103CC00082B003468DF807309DF90730002B0DDBDD
:103CD0009DF8073003F01F0206499DF907305B0984
:103CE000012000FA02F2403341F8232000BF02B065
:103CF000704700BF00E100E082B0034600918DF8FC
:103D000007309DF90730002B0ADB009BDAB20C4923
:103D10009DF907305201D2B20B4483F800230BE027
:103D2000009BDAB207499DF8073003F00F03043B0C
:103D30005201D2B20B441A7600BF02B0704700BFE6
:103D400000E100E000ED00E000B583B003460A4664
:103D50008DF8073013468DF806309DF806209DF942
:103D6000073011461846FFF7C7FF00BF03B000BD7C
:103D700000B583B003468DF807309DF9073018462B
:103D8000FFF784FF00BF03B000BD000000B585B0A1
:103D90000190019B002B0AD0064B43F001030393D3
:103DA000019B9B010293039B0298984700E000BF90
:103DB00005B000BD0070030084B003900291019231
:103DC000039B029A02F5A872019943F8221000BFE2
:103DD00004B0704782B001900091019B009A02F5F7
:103DE000A87253F82230184602B0704782B0019092
:103DF0000091019B009AC3F8042300BF02B07047F2
:103E000082B001900091019B009AC3F8082300BF83
:103E100002B0704782B001900B46ADF80230BDF899
:103E20000230019A13441B68184602B0704784B0F0
:103E300001900B46ADF80230BDF80230019A1344F0
:103E400000221A60BDF80230019A13441B680393E4
:103E5000039B00BF04B0704782B00190019BD3F870
:103E60000435184602B0704782B001900091019B62
:103E7000009AC3F8082500BF02B0704782B00190D5
:103E80000B468DF803309DF80320019B13441A461E
:103E90000123136000BF02B0704782B0019000910F
:103EA000019B009AC3F8442300BF02B0704782B060
:103EB00001900091019B009AC3F8482300BF02B013
:103EC0007047000000B587B0039002910192039BF8
:103ED0005B7919461D4A019B42F82130039B5B79AF
:103EE0001B4ADB0013441B79002B03D008230593E6
:103EF000059B27E0039B1A68029B1B881946104606
:103F0000FFF7B2FF039B93F90420029B9B781946AD
:103F10001046FFF719FF039B93F904301846FFF78B
:103F200027FF039B5B790A4ADB00134401221A71C5
:103F3000039B5B791946064A039B42F83130002304
:103F40000593059B184607B000BD00BF48500020F0
:103F50004C50002000B583B00190019B1B680021EC
:103F60001846FFF78BFF00BF03B000BD00B583B05C
:103F70000190019B1B6804211846FFF77FFF00BFDB
:103F800003B000BD00B587B00390029101928DF897
:103F900003304FF48032029B02FA03F30593029B35
:103FA00050339BB29B00ADF81230019B23F07F434E
:103FB0000193039B1B6805991846FFF721FF039B9C
:103FC0001B6805991846FFF772FF039B1B68BDF835
:103FD000122011461846FFF72AFF039B1B68019A1F
:103FE00002991846FFF7E8FE039B1B6805991846DF
:103FF000FFF753FF9DF80330002B05D0039B1B6890
:1040000005991846FFF7F2FE00BF07B000BD00B5E6
:1040100085B00390029113468DF80730039B1B680F
:1040200002991846FFF739FF9DF80730002B05D09D
:10403000039B1B6802991846FFF7D8FE00BF05B026
:1040400000BD00B583B001900091019B1B680099F1
:104050001846FFF72CFF019B1B6800991846FFF7D5
:10406000CFFE00BF03B000BD00B583B001900B468A
:10407000ADF80230019B1B68BDF8022011461846BE
:10408000FFF7C8FE0346002B09D0019B1B68BDF853
:10409000022011461846FFF7CAFE012300E0002364
:1040A000184603B000BD82B001900091019A009BB8
:1040B000D31A23F07F43184602B0704700B58BB087
:1040C00003900291019200934FF48032029B02FA16
:1040D00003F30993029B50339BB29B00ADF822304F
:1040E000019B23F07F43019309990398FFF7A9FFF0
:1040F000039B1B681846FFF7AFFE0790039B1B68E6
:1041000002991846FFF766FE0690039B1B68079A04
:1041100002991846FFF750FE039B1B68BDF822204A
:1041200011461846FFF783FE07990698FFF7BBFF75
:104130000346012B0AD11020FFF728FE039B1B68C2
:10414000BDF8222011461846FFF771FE039B1B683D
:104150001846FFF781FE079007990198FFF7A3FF24
:104160000590039B1B6809991846FFF796FE059B6F
:10417000012B15D1039B1868019B01331A46029944
:10418000FFF71AFE1020FFF701FE039B1B6818467D
:10419000FFF762FE0246079B934235D00D2339E0BC
:1041A000039B1B68019A02991846FFF705FE039BC3
:1041B0001B681846FFF750FE0790019B013B0799CB
:1041C0001846FFF770FF0590009BC3F1FF1303F53E
:1041D0007F43059A9A4201D90D231BE0059B002BD2
:1041E00012D1039B1868019B01331A460299FFF70D
:1041F000E3FD039B1B681846FFF72EFE0246079B54
:10420000934201D00D2305E0012209990398FFF79D
:10421000FEFE002318460BB000BD00B583B0019030
:104220000B468DF803309DF803301A4602210198A1
:10423000FFF7EDFE00BF03B000BD00B583B00190F5
:104240004FF482710198FFF70FFF0346184603B041
:1042500000BD00B583B0019000914FF48032009B07
:1042600002FA03F319460198FFF7EBFE00BF03B013
:1042700000BD00B585B001900091009B50339BB20A
:104280009B00ADF80E30BDF80E3019460198FFF7CF
:10429000EBFE0346184605B000BD00B583B00190A3
:1042A000019B1B681846FFF7D7FD0346184603B06D
:1042B00000BD00B583B00190019B93F9043018460E
:1042C000FFF7FEFC00BF03B000BD000008B5044BC3
:1042D0001B68044A12681046984700BF08BD00BF1B
:1042E000485000204C50002086B001900091019B66
:1042F00053E8011F8AB2D88902449889824228BFB4
:10430000121A1889824202BFBFF32F8F002307E0E1
:10431000C2EA010243E801200028E9D14FF001037D
:104320008DF80F30059002910492029A009B1A605A
:104330009DF80F30DBB2184606B0704784B001908C
:10434000019951E8013FC3EA034341E80132002AE1
:10435000F7D10392029300BF04B0704786B001907A
:104360000091019B53E8021F1FFAA1F2D8888242F4
:1043700002BFBFF32F8F00230DE0D8890244988934
:10438000824228BF121AC1EA024243E802200028F2
:10439000E8D14FF001038DF80F300590029104929F
:1043A000029A009B1A609DF80F30DBB2184606B0E7
:1043B000704784B00190019951E8023FC3EA23435A
:1043C00041E80232002AF7D10392029300BF04B001
:1043D000704786B00190019B53E8021FDA88B1EB69
:1043E000314F4FF0000017BF89B242EA024241EA62
:1043F000024204E05968B1EB314F08BF012043E8A5
:1044000002210029E8D18DF80F00059104929DF852
:104410000F30DBB2184606B0704784B003900291AB
:1044200011461A460B46ADF806301346ADF8043077
:10443000029B002B01D10E231FE0BDF80630BDF812
:104440000420B3FBF2F101FB02F29B1A9BB2002B9A
:1044500001D0092311E0039B029A1A60039B0022FA
:104460005A60039B00229A60039BBDF806209A8144
:10447000039BBDF80420DA810023184604B070477E
:1044800000B585B001900198FFF7A3FF03468DF8B2
:104490000F309DF80F30002B01D0002300E01123D6
:1044A000184605B000BD00B585B001900091009B95
:1044B00019460198FFF718FF0346002B07D0019B10
:1044C0001B68009A128813440393039B00E00023A7
:1044D000184605B000BD00B583B001900091009B67
:1044E0001A88009B5B889A4204D10198FFF726FF47
:1044F000012300E00023184603B000BD00B585B0DD
:1045000001900091009B19460198FFF727FF034691
:10451000002B07D0019B1B68009A52881344039319
:10452000039B00E00023184605B000BD00B583B032
:1045300001900091009B1A88009B5B889A4204D1ED
:104540000198FFF736FF012300E00023184603B06F
:1045500000BD00B585B001900091009B5B099B00F8
:10456000019A1A44009B03F01F03012101FA03F38F
:104570001946104600F05FF8039000BF05B000BD7B
:1045800000B585B001900091009B5B099B00019AEA
:104590001A44009B03F01F03012101FA03F3DB43DC
:1045A0001946104600F05EF8039000BF05B000BD4C
:1045B00082B001900091009B5B099B00019A13441B
:1045C0001A68009B03F01F0322FA03F303F00103B0
:1045D000C3F30003DBB2184602B0704710B487B0D3
:1045E00001900091019B009A53E8004F104643E868
:1045F000000191F0000FF7D1059404900391059B01
:10460000184607B010BC704710B487B001900091F5
:10461000019B009A53E8004F44EA020043E800017E
:1046200091F0000FF6D1059404900391059B184674
:1046300007B010BC704710B487B001900091019B87
:10464000009A53E8004F44EA020043E8000191F069
:10465000000FF6D1059404900391049B184607B00F
:1046600010BC704710B487B001900091019B009A74
:1046700053E8004F04EA020043E8000191F0000F04
:10468000F6D1059404900391049B184607B010BC22
:10469000704700B583B0019001210198FFF7B4FF86
:1046A0000346184603B000BD82B001900B468DF85A
:1046B0000330019BDA689DF803300199098A01FBF8
:1046C00003F31344184602B0704782B00190009182
:1046D000009B019AD2689B1A019A128AB3FBF2F3EB
:1046E000DBB2184602B0704784B00190019B002BEA
:1046F00001D10E2320E0019B9A68019B5B68D31ACD
:104700008DF80F30019B1B68019A52681A6007E010
:10471000019B1A681368591C11609DF80F201A70CC
:104720009DF80F305A1E8DF80F20002BF0D1019B01
:104730001B6800221A710023184604B0704700B5A8
:1047400085B001900023039300238DF80A300DF10A
:104750000A031846FFF784FA019B1B681A68019B3D
:104760005B689A421FD9019B1B681A68013A1A605C
:104770001B681B7819460198FFF796FF0390019B71
:104780009A68019B1B681B68D31A8DF80B30019B3C
:104790001B681B799DF80B209A4204D9019B1B686A
:1047A0009DF80B201A719DF80A301846FFF761FA40
:1047B000039B184605B000BD10B584B00190009170
:1047C000009B039300238DF80B300DF10B0318466B
:1047D000FFF746FA019B1B681C68621C1A6003996C
:1047E0000198FFF772FF034623709DF80B301846BF
:1047F000FFF73FFA00BF04B010BD00B585B00390CD
:1048000002910192039B002B01D10E230EE0029B2B
:10481000002B01D10E2309E0039B029A1A60039B2F
:104820001B681B680199039898470346184605B012
:1048300000BD10B584B00390029101920093039BD8
:10484000002B01D10E232AE0019B002B01D10E2366
:1048500025E0039B1B68002B01D108231FE0009B70
:10486000002B01D109231AE0029800F003F9034656
:10487000002B01D1102312E0009A0299039800F056
:10488000DFF80346002B01D1102308E0039B1B68CF
:104890009C68009B019A02990398A047034618461A
:1048A00004B010BD10B586B0059004910392029338
:1048B000059B002B01D10E2342E0039B002B01D16D
:1048C0000E233DE0059B1B68002B01D1082337E038
:1048D000029B002B01D1092332E0059B5B685A68DB
:1048E000029BB3FBF2F101FB02F29B1A002B01D0F9
:1048F000092325E0049800F0BDF80346002B01D100
:1049000010231DE0039B184600F0B4F80346002B6B
:1049100001D1102314E0029A0499059800F090F850
:104920000346002B01D110230AE0059B1B68DC68BD
:10493000089B0093029B039A04990598A04703469D
:10494000184606B010BD10B584B0039002910192D4
:104950000093039B002B01D10E232CE0039B1B68CB
:10496000002B01D1082326E0019B002B01D1092354
:1049700021E00299039800F08AF80346002B01D148
:10498000102318E0039B5B681B68019A02FB03F38A
:104990001A460299039800F053F80346002B01D100
:1049A000102308E0039B1B681C69009B019A029975
:1049B0000398A0470346184604B010BD00B585B063
:1049C0000190019B002B03D0019B1B68002B28D179
:1049D0000023039319E0039A13469B0013449B00A2
:1049E0001A46144B13440193019B1B68002B09D0FA
:1049F000019B1B68DB69019898470346002B01D097
:104A0000012314E0039B013303930B4A094BD31A90
:104A10000A4AA2FB03231B09039A9A42DBD3002311
:104A200005E0019B1B68DB6901989847034618461F
:104A300005B000BDC8390020DC390020CDCCCCCC7D
:104A400084B0039002910192039BDB68029A9A4220
:104A500009D3029A019B13445A1E039B1B699A4275
:104A600001D8012300E0002303F00103DBB2184664
:104A700004B0704782B00190019B03F00303002B48
:104A80000CBF01230023DBB2184602B0704782B08E
:104A900001900091019B5B681B685A1E009B1340AC
:104AA000002B0CBF01230023DBB2184602B0704775
:104AB00029DF704700BF184628DF704700BF18463F
:104AC00000B589B001900091019B1B689B68002B89
:104AD00035D002AB00221A605A609A60DA601A611F
:104AE0005A61009B0393019B9B680793019B1B7971
:104AF000002B02D0012B0DD01AE001238DF80830D5
:104B0000019B1B690493019BDB680593019B5B6917
:104B100006930DE002238DF80830019BDB684FF40B
:104B2000805202FB03F30493019B5B69069300BF71
:104B3000019B1B689B6802AA1046984700E000BFD3
:104B400009B000BD00B587B00190019B5A69019B77
:104B50009B69D31AB3F5805F28BF4FF48053059348
:104B60000422059BB3FBF2F3012B38BF012305930D
:104B7000019B1A69019B9B6913440493019BDB68A9
:104B80001A46019B9B6913440393059A0399049861
:104B9000FFF78EFF0346184607B000BD00B583B08F
:104BA0000190019BDA68019B1B6913441846FFF7CB
:104BB00083FF0346184603B000BD000008B5034B51
:104BC00003491846FFF7B2FC00BF08BDE0500020C3
:104BD0000851002008B5084B08491846FFF78EFC1D
:104BE0000346074A1360064B1B68002B14BF0123C2
:104BF0000023DBB2184608BDE05000200851002019
:104C00000451002000B583B02A4B1B7A002B0BD136
:104C1000FFF7E0FF034683F00103DBB2002B03D074
:104C2000244B00225A6042E0224B02221A72224B8D
:104C30001B681B79002B02D0012B07D00DE01E4B07
:104C40001B681846FFF77EFF019009E01A4B1B68AE
:104C50001846FFF7A3FF019002E00323019300BF72
:104C6000019B002B03D0019B112B0CD00FE0114BAB
:104C70001B7C83F00103DBB2002B17D00021022044
:104C800000F05CF912E00B4B01221A720FE00A4BA4
:104C90001B6803211846FFF713FF064B00221A7208
:104CA000044B00225A60FFF789FF00E000BF03B009
:104CB00000BD00BFF05000200451002008B5084896
:104CC000FFF7E7FC0346002B08D1064B5B7C83F023
:104CD0000103DBB2002B01D0FFF794FF00BF08BD3A
:104CE000F4500020F050002084B001901B4B0022B3
:104CF000DA60019B1B79002B02D0012B19D028E030
:104D0000019B5A69019B9B69D31AB3F5805F28BF49
:104D10004FF480530393019B9A69039B1A44019BB0
:104D20009A61019B9A69019B5B699A420ED10123AA
:104D300010E0019B1B695A1C019B1A61019B1A69B7
:104D4000019B5B699A4203D1012303E000BF00E0AD
:104D500000BF0023184604B0704700BFF050002089
:104D600082B00190084BDB680133074AD360064BE1
:104D7000DB68082B04D9044B0022DA60012300E031
:104D80000023184602B07047F050002000B583B0F1
:104D900001900091019B0C4A5A600C48FFF779FC86
:104DA0000346002B0BD101F037F803461A46074B98
:104DB0001A7407481C238C220649FFF72EFB002398
:104DC000184603B000BD00BF08700300F05000207B
:104DD000E05000205450002000B583B001900091B5
:104DE00014220021054801F0C1FE054B1846FFF7CB
:104DF00047FB0023184603B000BD00BFF050002061
:104E0000E050002000B587B003900291019200931A
:104E1000174A04AB19461046FFF745FB0590059B62
:104E2000002B01D104231FE01C220021059801F072
:104E30009DFE059B00221A71059B039A1A60059B33
:104E4000089A9A60059B029A1A61059B019ADA609A
:104E5000059B009A5A61064A04AB19461046FFF7B3
:104E60003AFBFFF72BFF0023184607B000BD00BF39
:104E7000E050002000B585B00390029101920093AC
:104E8000029B009A1946019801F03EFE0023184645
:104E900005B000BD00B587B0039002910192009368
:104EA000174A04AB19461046FFF7FDFA0590059B1B
:104EB000002B01D1042320E01C220021059801F0E1
:104EC00055FE059B01221A71059B039A1A60059BEA
:104ED000009A9A604FF48052029BB3FBF2F2059B5A
:104EE000DA60059B019A5A61054A04AB19461046DF
:104EF000FFF7F1FAFFF7E2FE0023184607B000BD06
:104F0000E050002082B001900091009B184602B052
:104F1000704782B0019000910023184602B070479C
:104F200082B00190044B1B7A002B14BF0123002395
:104F3000DBB2184602B07047F050002000B585B0D3
:104F400001900091019B022B02D0019B032B48D1C1
:104F5000264B1B7A022B05D0022B35DC002B42D0CE
:104F6000012B31E000238DF80F30019B022B03D081
:104F7000019B032B09D011E01D4B1B681846FFF75E
:104F8000B3FE03468DF80F3008E0194B1B68184636
:104F9000FFF7E6FE03468DF80F3000BF9DF80F3097
:104FA000002B10D0114B00221A72114B1A68019B72
:104FB000022B01D1002300E00D2319461046FFF714
:104FC0007FFDFFF7FBFD00BF084B5B7C83F0010317
:104FD000DBB2002B02D0FFF715FE05E000F000FF6A
:104FE00002E000BF00E000BF05B000BDF0500020AF
:104FF0000451002082B0034600918DF80730064B23
:1050000001225A74044B1B7A002B0CBF012300238E
:10501000DBB2184602B07047F050002000B583B0F4
:10502000034600918DF807309DF80730012B03D01F
:105030009DF80730032B0DD1084B00225A749DF8C0
:105040000730012B0CBF01230023DAB2034B1A7483
:10505000FFF7D8FD00BF03B000BD00BFF050002037
:1050600000B583B001900198FFF73EFB0346184658
:1050700003B000BD00B58BB001900091019B1B8A6D
:10508000043B0793009A079B1344DA1C079BB2FB6F
:10509000F3F38DF81B300198FFF751FB0590059B4A
:1050A000002B01D1002338E0059B00221A71059BDB
:1050B00001225A71079B9AB2059BDA80059B0993DE
:1050C0009DF81B30013B0493099B019A1A60002351
:1050D00008931DE00198FFF732FB0390039B002B20
:1050E0000ED0059B5B790133DAB2059B5A71099B9F
:1050F000039A1A60039B019A1A60039B099304E0C8
:10510000059800F00DF8002307E0089B0133089391
:10511000089A049B9A42DDD3059B18460BB000BD4C
:1051200000B58BB00190019B0793079B5B798DF8CD
:105130001B30019B08939DF81B30013B0593002316
:10514000099305E0089B1B680893099B01330993A9
:10515000099A059B9A42F5D3089B1B680493019B0F
:105160000893002309930BE0089B1B68039308999D
:105170000498FFF721FB039B0893099B01330993D4
:105180009DF81B30099A9A42EED300BF00BF0BB0C6
:1051900000BD00B591B00390029101920093039B72
:1051A0000993039B0F93099BDB881A46099B5B7944
:1051B00002FB03F3043B0893099BDB880793009BE6
:1051C0001A1D079BB2FBF3F30E93009B0433079A5F
:1051D000B3FBF2F2079901FB02F29B1A0D93019BBC
:1051E0001A68009B1344089A9A4204D2089A009BBA
:1051F000D31A0C9302E0019B1B680C93019B0C9A41
:105200001A6005E00F9B1B680F930E9B013B0E93EA
:105210000E9B002BF6D100230B93079A0D9BD31AFC
:105220000A930A9A0C9B934228BF13460A932AE0DA
:10523000029A0B9B134406930F9A0D9B134404335D
:1052400005939DF84830002B05D00A9A05990698D9
:1052500001F05AFC04E00A9A0699059801F054FC02
:1052600000230D930F9B1B680F930C9A0A9BD31A74
:105270000C930B9A0A9B13440B93079A0C9B934233
:1052800028BF13460A930C9B002BD1D100BF00BF4F
:1052900011B000BD00B589B005900491039202934E
:1052A000039B079307AA00230093029B0499059888
:1052B000FFF76FFF00BF09B000BD00B589B00590D2
:1052C000049103920293039B079307AA012300937F
:1052D000029B04990598FFF75CFF00BF09B000BD71
:1052E00082B003468DF807309DF90730002B0DDBA7
:1052F0009DF8073003F01F0206499DF907305B094E
:10530000012000FA02F2603341F8232000BF02B00E
:10531000704700BF00E100E0BFF34F8F00BF064BB6
:10532000DB6803F4E0620449044B1343CB60BFF332
:105330004F8F00BF00BFFDE700ED00E00400FA055D
:1053400082B00190019B5B68184602B0704782B042
:105350000190019B00221A60BFF35F8F00BF00BF66
:1053600002B0704700B585B0019001210198FFF7A8
:1053700035F90390BFF35F8F00BF039B002B0CBF79
:1053800001230023DBB2184605B000BD82B00190B6
:10539000BFF35F8F00BF019B00221A6000BF02B005
:1053A000704733DF704700BF184641DF704700BFCA
:1053B00018464FF080430122C3F80025BFF34F8FFA
:1053C00000BF20BFFDE700B585B000238DF8073092
:1053D0000DF107031846FEF743FCF1EE103A039374
:1053E000039B23F09F030293029BE1EE103A00BF60
:1053F000BFF35F8F00BF2620FFF772FF9DF80730D5
:105400001846FEF736FC00BF05B000BD08B5064BD8
:1054100000221A700548FFF79AFF0549054800F079
:1054200009FA0023184608BD14510020105100202D
:10543000347003001851002000B583B0FFF7C3FF9C
:1054400000F0EAFC0346002B03D0FFF7AEFF01900B
:1054500002E020BF40BF20BF00BF03B000BD00007E
:1054600000B583B00FE01748FFF76AFF0090009B7C
:105470001B68154A1278104698470346002B1DD02A
:10548000104800F0EFF90F48FFF75AFF0346002BD2
:10549000E9D10D4B1B78032B03D00B4B1B78022B50
:1054A00001D1FFF739FF00F0B7FC0346002B02D013
:1054B000FFF777FF0190FFF77CFF00E000BF03B02C
:1054C00000BD00BF185100200C51002000B583B072
:1054D00003468DF807301248FFF744FF034683F078
:1054E0000103DBB2002B18D19DF80730042B0ED03E
:1054F0000C4B1B78002B03D00948FFF747FF0DE04A
:10550000094A9DF807301370064B01221A70FFF705
:10551000A7FF0348FFF73AFF00E000BF03B000BD5C
:1055200010510020145100200C51002082B0019035
:10553000019B9B68024A12781344184602B07047D8
:105540004070030082B001900091019B9B68009A1B
:105550009A4202D2009B013300E00023184602B0B9
:10556000704700B585B00190019B1B681B680393D1
:10557000019B1B685B680293029A039B9A4203D3C8
:10558000029A039BD31A07E00198FFF7CFFF024668
:10559000039BD21A029B1344184605B000BD00B508
:1055A00085B00190019B1B681B680393019B1B68DE
:1055B0005B68029302990198FFF7C4FF0246039BC0
:1055C00093420CBF01230023DBB2184605B000BD97
:1055D00010B588B0019000910023079300238DF847
:1055E0000F300DF10F031846FEF73AFB0198FFF755
:1055F000D6FF03468DF81B309DF81B3083F0010366
:10560000DBB2002B03D1019B1B7C002B71D1019BD2
:105610001B685B680593019B1B685A68019B1C68AB
:1056200011460198FFF78EFF034663609DF81B301B
:10563000002B0AD0019B1B681A68019B1C6811464D
:105640000198FFF77FFF03462360019BDB68082B6F
:1056500024D0082B2DD8042B17D0042B29D8012BAC
:1056600002D0022B08D024E0019B5A68059B13440A
:10567000009A12781A702DE0019B5A68059B5B0016
:105680001344009A12881A8024E0019B5A68059BF3
:105690009B001344009A12681A601BE0019B5A6831
:1056A000059BDB00D118009BD3E90023C1E900234F
:1056B00010E0019B5B681946019BDB68059A02FBC1
:1056C00003F30B441846019BDB681A46009901F06E
:1056D0001BFA00BF0198FFF744FF0490019B1B6871
:1056E0009B68049A9A4207D9019B1B68049A9A60A6
:1056F00002E00423079300E000BF9DF80F30184636
:10570000FEF7B7FA079B184608B010BD10B588B071
:105710000390029113468DF807300023079300236E
:105720008DF817300DF117031846FEF799FA039814
:1057300000F06CF8034683F00103DBB2002B5AD073
:10574000039B1B681B6806939DF8073083F00103D9
:10575000DBB2002B0AD0039B1B681A68039B1C68F2
:1057600011460398FFF7EEFE03462360039BDB68B8
:10577000082B24D0082B2DD8042B17D0042B29D884
:10578000012B02D0022B08D024E0039B5A68069B11
:1057900013441A78029B1A702FE0039B5A68069BE9
:1057A0005B0013441A88029B1A8026E0039B5A6808
:1057B000069B9B0013441A68029B1A601DE0039B22
:1057C0005A68069BDB001344D3E900230299C1E920
:1057D000002312E0039B5B681946039BDB68069A73
:1057E00002FB03F30B441946039BDB681A4602983D
:1057F00001F08AF901E0052307939DF81730184658
:10580000FEF737FA079B184608B010BD84B0019028
:10581000019B1B681B680393019B1B685B680293D9
:10582000039A029B9A420CBF01230023DBB2184665
:1058300004B0704782B001900091019B009A1A60F9
:10584000019B1B681A68019B5A60019B5A68019B67
:105850001B685B689A4202D1019B00225A6000BF1C
:1058600002B0704782B00190019B5B68002B14D09E
:10587000019B5B681A46019B1B689B6813441A4690
:10588000019B5A60019B5A68019B1B685B689A42A6
:1058900004D1019B00225A6000E000BF02B07047B3
:1058A00000B585B001900091019B5B6803930FE008
:1058B000019B9B68039A126800991046984703461B
:1058C00083F00103DBB2002B07D1039B1B6803931A
:1058D000039B1B68002BEBD100E000BF039B1A6801
:1058E000009B1A60039B009A1A6000BF05B000BDC0
:1058F00084B00190019B5B681B680393019B5B680C
:105900001B68002B06D0019B5B681A68019B5B68D3
:1059100012681A60039B184604B0704782B0019069
:10592000019B5B681B68184602B0704784B0019009
:10593000009100238DF80F30019B5B6802930FE00C
:10594000029B1B68009A9A4207D1009B1A68029B2F
:105950001A6001238DF80F3006E0029B1B6802934A
:10596000029B1B68002BEBD19DF80F30184604B04A
:105970007047000082B003468DF807309DF907306C
:10598000002B0CDB9DF8073003F01F0205499DF941
:1059900007305B09012000FA02F241F8232000BF22
:1059A00002B0704700E100E082B003468DF8073096
:1059B0009DF90730002B13DB9DF8073003F01F0221
:1059C00009499DF907305B09012000FA02F22033F2
:1059D00041F82320BFF34F8F00BFBFF36F8F00BF8D
:1059E00000BF02B0704700BF00E100E082B0034694
:1059F0008DF807309DF90730002B09DB0B4A9DF924
:105A00000730134493F80033DBB25B09DBB20AE0E2
:105A1000074A9DF8073003F00F03043B13441B7E35
:105A2000DBB25B09DBB2184602B0704700E100E070
:105A300000ED00E082B00190019B5B68184602B067
:105A4000704710DF704700BF184611DF704700BF76
:105A50001846000082B003468DF807309DF90730E4
:105A60001F2B07DC9DF907300C4A22FA03F303F0E1
:105A7000010310E09DF907303F2B0BDC9DF9073047
:105A8000203B012202FA03F3002B14BF0123002361
:105A9000DBB200E00123184602B07047FC06FFBDF0
:105AA00082B00190019B072B07D8EC22019B42FAA0
:105AB00003F303F00103002B01D1002300E00123D5
:105AC000184602B07047000000B583B003468DF859
:105AD00007309DF907301846FFF7BCFF0346002B3F
:105AE00002D142F201032EE09DF907301846FFF77C
:105AF0007DFF03461846FFF7D3FF0346002B02D174
:105B000042F202031FE0114B9B68002B15D09DF958
:105B100007305B090D4A52F823209DF8073003F047
:105B20001F03012101FA03F319469DF907305B09B0
:105B30000A43064941F8232004E09DF9073018463E
:105B4000FFF718FF0023184603B000BD3C500020AB
:105B500000B583B003468DF807309DF9073018462D
:105B6000FFF778FF0346002B02D142F201031FE04A
:105B7000114B9B68002B15D09DF907305B090E4A2D
:105B800052F823109DF8073003F01F03012202FA98
:105B900003F3DA439DF907305B090A40064941F8EF
:105BA000232004E09DF907301846FFF7FDFE00238F
:105BB000184603B000BD00BF3C50002000B587B0C0
:105BC00003468DF8073002AB13491846FFF732FE43
:105BD00017E002AB1846FFF72DFF0590059B1B68E9
:105BE0000493059B59689DF80720049B104698472D
:105BF0000346002B01D111230BE002AB1846FFF73F
:105C000031FE02AB1846FFF715FF0346002BE0D12B
:105C10000023184607B000BD4470030000B587B0EC
:105C200003468DF8073002AB11491846FFF702FE14
:105C300012E002AB1846FFF7FDFE0590059B1B68BE
:105C40000493059B59689DF80720049B10469847CC
:105C500002AB1846FFF706FE02AB1846FFF7EAFE56
:105C60000346002BE5D100BF00BF07B000BD00BF59
:105C70005070030000B583B01620FFF725FF019098
:105C8000019B0093009B002B02D00098FDF78CFB3A
:105C900000BF03B000BD00B583B01620FFF758FF6A
:105CA0000190019B0093009B002B02D00098FDF710
:105CB0007BFB00BF03B000BD00B585B0224B1B7855
:105CC000002B01D008233CE0204B01221A70002059
:105CD000FFF774FF0346112B01D1002331E00020B0
:105CE000FFF79CFF1A4B1B68029300238DF80730C7
:105CF0000DF107031846FDF7B3FF02AB154918462F
:105D0000FFF79FFE0390039B002B0CBF0123002392
:105D1000DAB20D4B1A709DF807301846FDF7A9FF4F
:105D2000039B002B01D0039B0BE0084B00221A7051
:105D3000094B00221A70FFF79DFF0120FFF76EFF4D
:105D40000023184605B000BD20510020225100203C
:105D500068700300F93303002151002000B583B0BF
:105D60001D4B1B7883F00103DBB2002B01D008230D
:105D70002EE01A4B01221A700120FFF71FFF034685
:105D8000112B01D1002323E00220FFF747FF00235E
:105D90008DF803300DF103031846FDF761FFFFF79F
:105DA00054FE01900C4B00221A709DF803301846E7
:105DB000FDF75FFF019B002B01D0019B08E0074B23
:105DC00000221A70FFF767FF0320FFF727FF002369
:105DD000184603B000BD00BF205100202251002012
:105DE00008B50B4B1B7883F00103DBB2002B01D00D
:105DF00008230AE0074B1B78002B03D0FFF7AEFF08
:105E0000034602E0FFF758FF0346184608BD00BFEF
:105E10002251002020510020014B1B78184670476A
:105E20002051002000B585B06B4610491846FFF799
:105E300001FD10E06B461846FFF7FCFD0390039B45
:105E40001B680293039B5A68029B104698476B4657
:105E50001846FFF707FD6B461846FFF7EBFD0346B4
:105E6000002BE7D100BF00BF05B000BD5C70030090
:105E700008B5FFF7D7FF00BF08BD60DF704700BF60
:105E8000184669DF704700BF184661DF704700BFE2
:105E9000184682B00190019B5B68184602B07047BB
:105EA00082B00190019B002B01D10E2304E0044B32
:105EB0001A46019B1A600023184602B0704700BFC3
:105EC000C839002000B587B0034600918DF807302F
:105ED0000098FFF7E5FF0590059B002B01D0059B7F
:105EE0007AE002AB0C220021184600F03FFE9DF83C
:105EF00007308DF8083002238DF80A300623ADF8FC
:105F00000C30009B1A6802AB19462020FFF7B9FF3E
:105F1000059002AB0C220021184600F027FE012359
:105F20008DF8093001238DF80A3001238DF80B30EC
:105F3000009B1A6802AB19464020FFF7A2FF0590AC
:105F400002AB0C220021184600F010FE9DF807302D
:105F50008DF80830F723ADF80A30009B1A6802ABC1
:105F600019462320FFF78DFF059002AB0C2200217C
:105F7000184600F0FBFD01238DF80830009B1A68DD
:105F800002AB19460120FFF77CFF059002AB0C2203
:105F90000021184600F0EAFD4FF4B0630293009B25
:105FA0001A6802AB1946A120FFF76BFF059002AB00
:105FB0000C220021184600F0D9FD9DF8083023F08E
:105FC00001038DF80830009B1A6802AB1946A02027
:105FD000FFF757FF05900023184607B000BD0000EB
:105FE00000B585B00190019B1B6803930198FFF7F2
:105FF00044FF0290019B1B68039A9A42029B002B6C
:1060000002D1034B01221A70029B184605B000BD55
:106010002351002000B5ADF5077D86ABA3F50573D0
:106020001860224B1B7883F00103DBB2002B38D1C0
:106030004FF4FA73ADF806320DF2062202AB1146A8
:106040001846FFF722FF8590859B002B03D0859B88
:10605000052B22D126E002AB84937FAB144918466E
:10606000FFF7E8FB11E07FAB1846FFF712FF8390C4
:10607000839B1B688293839B5A68829B11468498FA
:1060800098477FAB1846FFF7EDFB7FAB1846FFF74D
:1060900000FF0346002BE6D1CAE78598FDF784F997
:1060A00000E000BF0DF5077D00BD00BF23510020BB
:1060B0006C70030082B00190019B5B68184602B0CF
:1060C00070474BDF704700BF1846000000B589B02D
:1060D000019004AB1846FFF7F4FF0790079B002BD5
:1060E00003D0079B052B20D122E002AB12491846B2
:1060F000FFF7A0FB11E002AB1846FFF7DBFF0690AD
:10610000069B1B680593049A069B5968059B1046DD
:10611000984702AB1846FFF7A5FB02AB1846FFF7FE
:10612000C9FF0346002BE6D1D3E70798FDF73CF9FA
:1061300000BF09B000BD00BF78700300B1EEC00A17
:1061400070470000002B35D129B9B0FBF2FC0CFBE5
:10615000120260467047914215D22DE9F041B2FA21
:1061600082F39A409940D3F1200C30FA0CFC51EAAA
:106170000C01984000F04EF8280036FA03F2002196
:106180000023BDE8F081F0B5B1FBF2FC0CFB12116D
:10619000B2FA82F39A409940D3F1200630FA06F61B
:1061A0003143984000F036F8614628003200DA406A
:1061B0000023F0BDF3B5B3FA83FC49085FEA300071
:1061C00013FA0CF3DCF1200432FA04F423430CB488
:1061D0001A0000F01FF80CBC33FA0CF3DCF11F0CB2
:1061E00035FA0CF518BF6D1E03BCA5FB026705FB55
:1061F0000377801BB941904271EB030C05D3821ADF
:1062000071EB0303681C0021F0BD02000B002800A5
:106210000021F0BD940D4FF6C2752D02B5FBF4F4CC
:10622000D60A761C04FB04F5A5FB0656F64306EBDE
:106230000416550832BF002777086D1C05FB16773A
:10624000A6FB07477F0807EBC63714001500E7FBDE
:1062500002457F1B4D1C0400E7FB014505FB1206B0
:10626000A64284BF6D1EB618964224BF6D1CB61A96
:10627000704710B582B0044600698DF8071078B1F8
:10628000D4E900239A4231D26269531C636181547C
:10629000D4E90501884229D1204600F02CF825E0F8
:1062A000E06850B1D4E9002C62451FD2531CB3EB17
:1062B0000C0318BF0B46835418E0A06858B1D4E90A
:1062C000002C624512D2531CB3EB0C0318BFCBB2A7
:1062D00040F822300AE0236A43B1D4E90001884241
:1062E00004D20DF1070120460122984720680130B1
:1062F000206002B010BD42694AB110B50446036A7D
:10630000002B1CBF216998470020606110BD7047B9
:10631000012A0CDBF8B514460D460646671E3046CA
:106320002946FFF7A6FF012C3C46F7D8F8BD704779
:10633000CB0606D43023890558BF20231946FFF722
:10634000E7BF704738B5044600F040FC05462046DC
:106350000021242200F00AFCE56138BD82B030B58E
:106360008BB0CDE90E230C4605460EA8009001A87F
:10637000FFF7E8FF04956FF000400290009A01A833
:10638000214600F005F80BB0BDE8304002B0704780
:106390002DE9F04F89B01546894682460020CAF89B
:1063A00000000DF10E0819F8011B252906D000295F
:1063B00000F04F825046FFF75CFFF4E72C460027C1
:1063C0004A4619F8010BA0F12003102B0DD88021AB
:1063D000DFE803F0091B1B191B1B1B151B1B3018C7
:1063E0001B101B1B120040210DE05E280DD14FF445
:1063F000805108E0102106E04FF4007103E04FF4F3
:10640000004100E020210F43DAE7A0F13001C9B2DA
:1064100009294FF000010BD801EB810100EB41018C
:1064200019F8010BA0F13002D2B230390A2AF3D3A5
:1064300025460CE0254655F8040B010048BF4142B3
:10644000102303EAD060074302F1020950782E2896
:106450000BD14A4612F8010B2A2809D155F804BB82
:1064600099F8010009F1020218E04FF0000B1EE05C
:10647000A0F13003DBB2092B4FF0000B14D80BEB6B
:106480008B0300EB430312F8010BA0F130095FFA14
:1064900089F9B9F10A0FA3F1300BF0D3BBF1000F6A
:1064A00004D447F4807701E047F480779146A0F167
:1064B0006802D3B2D20142EA5302D2B2092A22D8E8
:1064C000DFE802F0050E122121210F21210F4A469B
:1064D00012F8010B682812D199F8010008370BE077
:1064E000023719F8010B0EE04A4612F8010B6C282E
:1064F00007D199F80100023709F1020903E00437D6
:1065000000E001379146622821EAE17620DDA0F122
:10651000630115293FF647AFDFE811F03800170097
:1065200016001600160016001700160016001600BA
:1065300016009A00440006011600160029001600F5
:106540004E001600160022002DE747F4804737E082
:10655000252800F08A80582840F08C8147F40057A5
:1065600043F2580278281ED143F278021BE00195CD
:106570002D68002D04BF47F2A405C0F20305F805FD
:10658000284600F1458100F070FA44E12C78013E84
:10659000504639463246FFF7CBFE50462146FFF7BC
:1065A00068FE4AE13022390602EAE1710291F905FA
:1065B00008D527F4007705E0F90548BF27F40077F0
:1065C0000021029179044FEA8771009604D40029D2
:1065D00009D4291D00240CE0002913D4294651F8C0
:1065E000045BEC1714E0E91D21F0070505F1080133
:1065F0006C687A072D6814D417F0080F13D00024A4
:10660000EDB210E0E91D21F007014C6851F8085B7C
:106610000191790709D439070AD545F3C0146DB241
:1066200006E0ADB20024019126E045F3C0342DB25E
:10663000002C07DBB9061DD47906029A48BF202238
:10664000029219E000216D4261EB04042D2112E059
:1066500055F8040B3907DAF8001000F1F880BA0792
:1066600052BF0160002206C09DE650462521FFF77B
:1066700000FE98E62B210291F90548BF27F4007728
:10668000F90558BF4FF0010B00266E2821DD6F3849
:10669000092800F27980DFE800F0055677777777F0
:1066A0002277775655EA04006ED0E80840EA447035
:1066B000062262F3DF0508F80650013650EAD401DD
:1066C0004FEAD4044FEAD001054641EA4470F0D1C4
:1066D0005AE0582837D0642818BF692854D155EAA1
:1066E000040051D0380407D506F00300032802BF88
:1066F0002C2008F806000136284621460A220023ED
:10670000FFF720FD00EB8002A5EB4202D5F1090363
:106710000023A34142F0300208F8062006F10106EA
:1067200005460C46DED32FE02846009650F8045B61
:1067300001903806232101EAE070029047F4807747
:1067400000244FF0080B002655EA04001CD047F245
:106750008400C0F20300B9045CBF47F29400C0F2A9
:106760000300290941EA047105F00F020D46825C1D
:1067700008F80620013651EA14114FEA14144FEAC2
:10678000151141EA0471EFD1ABEB060020EAE07B82
:1067900006EB0B000099029D0C1A4FF0FF30FF2D05
:1067A00088BF0138002D18BF0444B80505D45046F1
:1067B00039462246FFF7BCFD0024FF2D04D9290AE3
:1067C0005046FFF756FD00E01DB150462946FFF741
:1067D00050FD504639462246FFF7AAFD504630216B
:1067E0005A46FFF795FD012E08DB751E504618F836
:1067F0000510FFF73EFD012E2E46F6D8F806019D46
:106800007FF5D1AD504620212246FFF781FDCAE534
:10681000594600F052F9044627F40077361A5046DC
:1068200039463246FFF784FD34B115F8011B504656
:10683000FFF71FFD013CF8D1019D0435F8067FF5F7
:10684000B2AD504620213246FFF762FDABE5017044
:10685000A9E5DAF80C0028B1DAE9001291423CBF50
:10686000002242545046FFF746FDDAF8000009B016
:10687000BDE8F08F00287FF496AD5046FFF73BFD52
:106880004FF0FF30F3E745F2241CC2F2000CDCF8B5
:1068900000304BB170B50F305C6820F0070E00255A
:1068A000744503D1184615E00020704700214A1EA8
:1068B0000025744588BF01259442804146421868EE
:1068C00035421CBF1946224668B1446874451D46CE
:1068D0000346EDD1002D01680CBFCCF800102960F3
:1068E00040F808EB70BD0029FCD04B68A2EB0E000D
:1068F0000844A3EB0E024A60F2E720B350F8081CEC
:10690000CA0718BF21F00100E8B110B545F2241202
:10691000C2F200020146D2F800E0BEF1000F51F8C9
:1069200008CD11D08E45734615D21A461B681C003F
:1069300018BF012401D08B42F7D340F804CD40F8B2
:10694000043C11600EE070471160C1F800E010686F
:10695000C0F804C010BD40F804CD012440F804EC98
:10696000116000225CB101EB0C049C4201BFD3F822
:1069700004C004686444046004BF1B680B608E4557
:10698000E8D25368D4188C42E4D1006818445060AF
:106990000868106010BD082907D345F22412C2F21E
:1069A000000210600022C0E900217047EFF3108060
:1069B00072B6B0FA80F045F22811C2F20001400927
:1069C0000860704745F22810C2F20000006800B16C
:1069D00062B6704710B50446FFF7E8FF2046FFF7A0
:1069E0008CFFBDE81040FFF7EDBF38B501FB00F5A7
:1069F0000024854228BF8D4210D3FFF7D7FF2846D9
:106A0000FFF741FF0446FFF7DDFF002D18BF002C04
:106A100004D0204600212A4600F0A8F8204638BDC0
:106A200000B5042A8E4609D350F8043B5EF804CB27
:106A3000634505D1043A032A7146F5D89AB1036833
:106A4000086880EA030191FAA1F1B1FA81F1B2EB91
:106A5000D10F08D901F0380123FA01F2D2B2C840AF
:106A6000C0B2101A00BD002000BD017889B14FF0FE
:106A7000013C0346194653F8042BCCFA52F2002A83
:106A8000F8D092FAA2F2B2FA82F201EBD201081A1D
:106A90007047002070477AB1844611F8013B0CF82A
:106AA000013B13B1013AF8D17047511E04D00022C6
:106AB00001390CF8012BFBD1704700291CBF02786B
:106AC000002A01D10020704700B50429D0F800E069
:106AD000024609D34FF0013CCCFA5EF323B90439E6
:106AE000032952F804EFF7D84FF00133C3FA5EF3ED
:106AF00093FAA3F3B3FA83F3101AB1EBD30F88BF61
:106B0000D908084400BD00005AB3844690EA010346
:106B10009B071FD1830707D011F8013B00F8013B09
:106B2000521EF7D11CE08446203A09D32DE9F00724
:106B3000B1E8F807A0E8F807203AF9D2BDE8F00775
:106B40001C3205D451F8043B40F8043B121FF9D223
:106B5000043205D011F8013B00F8013B521EF9D177
:106B60006046704700220B0011001A0084465AB399
:106B7000830704D000F8011B521EF9D124E0C9B2EA
:106B800041EA012141EA0141202A11D3203A2DE9AD
:106B9000F0030B460C460D460E460F4688468946C6
:106BA000A0E8FA03203AFBD2BDE8F00320320BD074
:106BB000042A05D340F8041B121F05D0042AF9D279
:106BC00000F8011B521EFBD16046704745F22C10A5
:106BD000C2F200000068002804BF44F20050C2F274
:106BE0000000704784460020002918BF002A0ED0FC
:106BF000097848B200280BD4BCF1000F18BFCCF8BC
:106C000000100021C3E90011002818BF01207047BF
:106C10006FF0010070477F298EBF6FF00100017097
:106C2000012070477F280BD847F24022C0F20302B0
:106C300047F2C023C0F20303105C595C0840704760
:106C400000207047A0F161011A2938BF2038704731
:106C5000A0F141011A2938BF203070477F280BD896
:106C600047F24022C0F2030247F2C023C0F20303FE
:106C7000105C595C0840704700207047A0F161012A
:106C80001A2938BF20387047A0F141011A2938BFAE
:106C9000203070472DE9F04182B00D46016845F281
:106CA0008018C0F201086846424600F0AEF8DDE9FF
:106CB000000100EBE176002948BF414468464FF4EB
:106CC000616200F0A2F8DDE90001A86068463C229C
:106CD00000F09BF8301D42F29341C9F2492151FB6B
:106CE00000018B1003EBD171DDE90023C1EBC10181
:106CF000C5E90032401A48BF0730002EA86140F2B3
:106D0000B2702EDB0021B6F5B67F55D945F6294C79
:106D1000CCF28F2C45F6284EC0F28F2E4DF20B7818
:106D2000C0F2A30847F2E622C0F2030240F26D135C
:106D3000013000FB0CF400F003010027B1FA81F1EF
:106D4000BEEBB40F38BF012707EA5111B8EB341F6F
:106D500088BF41F00101F61A32F911309E42E7DA9C
:106D60002AE04BF6500CC0F21E5C45F6294ECCF2E0
:106D70008F2E45F62848C0F28F284DF20B74C0F2D2
:106D8000A30447F2E627C0F20307013800FB0EC256
:106D900000F003010023B1FA81F1B8EBB20F38BF64
:106DA000012303EA5111B4EB321F88BF41F0010106
:106DB00037F91120B618E8D4A0F26C700022C5E9AA
:106DC000042001EB410147F2CD22C0F20302EE6143
:106DD00012F82100864208DB02EB81010022013219
:106DE0002A61361A885C8642F9DA2846711CE96005
:106DF00002B0BDE8F08110B545F23014C2F20004D3
:106E00002146FFF747FF204610BD91FBF2FC0CFB2B
:106E100012130029C0E900C306DA012BA2BF991A98
:0A6E20000CF10102C0E900217047E7
:106E2C0045070300000000003D4F03000000000078
:086E3C008DAE02000000000011
:106E440035D702000000000081E50200403A00202E
:106E5400FDF5020014400020BDFC02009047002014
:106E64006FCE02003048002039EE02007C4C002036
:106E740039EE0200584D00203BD50200000000000E
:106E8400410303002C4500200BFF02006C4100204D
:106E940067F802002448002071AB0200884D0020EE
:106EA4002588020000000000D9A0020000000000B4
:086EB400F54F0300000000008F
:106EBC0069070300000000001D50030000000000E3
:106ECC001560030000000000CD600300000000000E
:106EDC00B4460020B0460020010000000200000073
:046EEC0001000000A1
:106EF00088470020C0460020C8460020C846002021
:046F00001800000075
:106F04000000000000000000A17102000000040065
:046F14000070070002
:106F1800010006000000000002000001000000005F
:106F2800E0390020003A0020203A0020A446002042
:106F3800444500200A000000200000000100000075
:106F4800204100204041002025730000904100208E
:106F5800B0410020D0410020F04100200300020091
:106F680000300040000000001A0000001900000076
:106F7800000068060201000090440020B044002090
:106F8800D044002050EADA308883B89F604F15F368
:106F98000000C98E0000000045EF0200000000005C
:106FA800000000000000000099EF02009ECADC24E7
:106FB8000EE5A9E093F3A3B50000406E9ECADC2459
:106FC8000EE5A9E093F3A3B50000406E00000000B1
:106FD80000000000000000000338FDD870470000E2
:106FE8009133030000000000385000207134030082
:106FF80001000600000000000338FDD870470000BB
:107008000010000004000000010000008D4D030086
:10701800D94D0300754E0300054E0300954E03003D
:10702800054F0300134F0300214F0300B46E030004
:10703800B46E03000400000001000000B46E0300F9
:10704800BC6E030008000000BC6E0300CC6E030099
:1070580008000000CC6E0300DC6E0300080000008E
:1070680000100201446E0300B46E03000800000023
:107078002C6E0300446E03000800000030313233E8
:107088003435363738394142434445463031323356
:10709800343536373839616263646566286E756CD5
:1070A8006C29000071710300E8710300747103001A
:1070B80053756E646179004D6F6E64617900547523
:1070C8006573646179005765646E657364617900FE
:1070D80054687572736461790046726964617900F5
:1070E800536174757264617900004A616E756172EA
:1070F80079004665627275617279004D61726368E4
:1071080000417072696C004D6179004A756E6500C6
:107118004A756C79004175677573740053657074AE
:10712800656D626572004F63746F626572004E6FC1
:1071380076656D62657200446563656D62657200AF
:1071480000414D00504D0000256D2F25642F2579F5
:107158000025483A254D3A2553002561202562200F
:10716800256520255420255900430000256C03007F
:10717800456C0300516C03005D6C03007D6C0300DB
:10718800896C0300176C0300E56B030053756E00F0
:107198004D6F6E005475650057656400546875003E
:1071A8004672690053617400004A616E0046656268
:1071B800004D617200417072004D6179004A756E30
:1071C800004A756C0041756700536570004F637421
:1071D800004E6F760044656300002E00000000003A
:1071E800E2710300E4710300E4710300E471030039
:1071F800E4710300E4710300E4710300E471030027
:10720800E4710300E4710300FFFFFFFFFFFFFFFFCE
:10721800FFFFFFFFFFFF0000B87003009471030039
:10722800F2700300B171030049710300507103004B
:1072380059710300627103002020202020202020A3
:1072480020682828282820202020202020202020CE
:10725800202020202020202048101010101010106E
:107268001010101010101010848484848484848476
:107278008484101010101010108181818181810187
:1072880001010101010101010101010101010101E6
:107298000101011010101010108282828282820275
:1072A80002020202020202020202020202020202B6
:1072B8000202021010101020000703200417020118
:1072C80008571040801F1C1F1E1F1E1F1F1E1F1E39
:1072D8001F1F1D1F1E1F1E1F1F1E1F1E1F006D01AB
:0272E8006E0135
:1072EC00000000000000000000000000FFFFFFFF96
:1072FC00FFFFFFFF00000000000000000000000086
:10730C00000000000000000000000000FFFFFFFF75
:10731C00FFFFFFFF00000000000000000000000065
:10732C00000000000000000000000000FFFFFFFF55
:10733C00FFFFFFFF00000000000000000000000045
:10734C000000000000000000000000000000000031
:10735C000000000000000000000000000000000021
:10736C000000000000000000000000000000000011
:10737C000000000000000000000000000000000001
:10738C0000000000000000000000000000000000F1
:10739C0000000000000000000000000000000000E1
:1073AC0000000000000000000000000000000000D1
:1073BC0000000000000000000000000000000000C1
:1073CC0000000000000000000000000000000000B1
:1073DC0000000000000000000000000000000000A1
:1073EC000000000000000000000000000000000091
:1073FC000000000000000000000000000000000081
:10740C000000000000000000000000000000000070
:10741C000000000000000000000000000000000060
:10742C000000000000000000000000000000000050
:10743C000000000000000000000000000000000040
:10744C000000000000000000000000000000000030
:10745C000000000000000000000000000000000020
:10746C000000000000000000000000000000000010
:10747C000000000000000000000000000000000000
:10748C0000000000000000000000000000000000F0
:10749C0000000000000000000000000000000000E0
:1074AC0000000000000000000000000000000000D0
:1074BC0000000000000000000000000000000000C0
:1074CC0000000000000000000000000000000000B0
:1074DC0000000000000000000000000000000000A0
:1074EC000000000000000000000000000000000090
:1074FC000000000000000000000000000000000080
:10750C00000000000000000000000000000000006F
:10751C00000000000000000000000000000000005F
:10752C00000000000000000000000000000000004F
:10753C00000000000000000000000000000000003F
:10754C00000000000000000000000000000000002F
:10755C00000000000000000000000000000000001F
:10756C00000000000000000000000000000000000F
:10757C0000000000000000000000000000000000FF
:10758C0000000000000000000000000000000000EF
:10759C0000000000000000000000000000000000DF
:1075AC0000000000000000000000000000000000CF
:1075BC0000000000000000000000000000000000BF
:1075CC0000000000000000000000000000000000AF
:1075DC00000000000000000000000000000000009F
:1075EC00000000000000000000000000000000008F
:1075FC00000000000000000000000000000000007F
:10760C000000000000000000000000000000FFFF70
:10761C00000000000000000000000000000000005E
:10762C00000000000000000000000000000000004E
:10763C00000000000000000000000000000000003E
:10764C00000000000000000000000000000000002E
:10765C00000000000000000000000000000000001E
:10766C00000000000000000000000000000000000E
:10767C0000000000000000000000000000000000FE
:10768C0000000000000000000000000000000000EE
:10769C0000000000000000000000000000000000DE
:1076AC0000000000000000000000000000000000CE
:1076BC0000000000000000000000000000000000BE
:1076CC0000000000000000000000000000000000AE
:1076DC00000000000000000000000000000000009E
:1076EC00000000000000000000000000000000008E
:1076FC00000000000000000000000000000000007E
:10770C00000000000000000000000000000000006D
:10771C00000000000000000000000000000000005D
:10772C00000000000000000000000000000000004D
:10773C00000000000000000000000000000000003D
:10774C00000000000000000000000000000000002D
:10775C00000000000000000000000000000000001D
:10776C00000000000000000000000000000000000D
:10777C0000000000000000000000000000000000FD
:10778C0000000000000000000000000000000000ED
:10779C0000000000000000000000000000000000DD
:1077AC0000000000000000000000000000000000CD
:1077BC0000000000000000000000000000000000BD
:1077CC0000000000000000000000000000000000AD
:1077DC00000000000000000000000000000000009D
:1077EC00000000000000000000000000000000008D
:1077FC00000000000000000000000000000000007D
:10780C00000000000000000000000000000000006C
:10781C00000000000000000000000000000000005C
:10782C00000000000000000000000000000000004C
:10783C00000000000000000000000000000000003C
:10784C00000000000000000000000000000000002C
:10785C00000000000000000000000000000000001C
:10786C00000000000000000000000000000000000C
:10787C0000000000000000000000000000000000FC
:10788C0000000000000000000000000000000000EC
:10789C0000000000000000000000000000000000DC
:1078AC0000000000000000000000000000000000CC
:1078BC0000000000000000000000000000000000BC
:1078CC0000000000000000000000000000000000AC
:1078DC00000000000000000000000000000000009C
:1078EC00000000000000000000000000000000008C
:1078FC00000000000000000000000000000000007C
:10790C00000000000000000000000000000000006B
:10791C0000000000FFFF00000100000010400020EC
:10792C00346F0300DC6E0300F06E0300FFFF0000F9
:10793C00543130305F547261636B6572000000002B
:10794C00000000000000000000000000000000002B
:10795C004631303000000000000000000000000044
:10796C00000000000000000000000000000000000B
:10797C005731303000000000000000000000000013
:10798C0000000000000000000000000000000000EB
:10799C004331303000000000000000000000000007
:1079AC0000000000000000000000000000000000CB
:1079BC0050313030000000000000000000000000DA
:1079CC0000000000000000000000000000000000AB
:1079DC0054313030000000000000000000000000B6
:1079EC00000000000000000000000000000000008B
:1079FC003C00ECFFF401000000000000000000005F
:107A0C00000000000000000000000000000000006A
:107A1C00000000000000000000000000000000005A
:107A2C00000000000000000000000000FFFFFFFF4E
:107A3C00FFFFFFFF0000000000000000000000003E
:107A4C00000000000000000000000000FFFFFFFF2E
:107A5C00FFFFFFFF0000000000000000000000001E
:107A6C0000000000FFFF00001C4800200200040082
:107A7C0000000000000000000000000000000000FA
:107A8C000000000064410020000000000100020022
:107A9C00000000000000000000000000FFFFFFFFDE
:107AAC00FFFFFFFF000000000000000000000000CE
:107ABC00000000000000000000000000FFFFFFFFBE
:107ACC00FFFFFFFF000000000000000000000000AE
:107ADC00000000000000000000000000FFFFFFFF9E
:107AEC00FFFFFFFF0000000000000000000000008E
:107AFC00000000000000000000000000FFFFFFFF7E
:107B0C00FFFFFFFF0000000000000000000000006D
:107B1C0000000000FFFF000040DA7F38295C8F3D39
:107B2C004B00000010631820070009030A010D0820
:107B3C00100011000180040005001740021108EA32
:107B4C0009F60903091409040901090009140901BA
:107B5C000996021108FA095C0903092E0904093A6D
:107B6C0009040231085C090D09000900090009002B
:107B7C0009000900093C090009000900090009690C
:107B8C0009BA09C80939090D0900090009000900D9
:107B9C0009000900093C0900090009000900094B0A
:107BAC0009BE09C80939090D0900090009000900B5
:107BBC0009000900093C090009BC0900090009D5A4
:107BCC0009BD09C80939090D090009000900090096
:107BDC0009000900093C090009000900090009090C
:107BEC0009BF0938093B091D0900090009000900F2
:107BFC0009000900093C090009BC09000900092A0F
:107C0C0009BB0938093B093F09000901092409008E
:107C1C000900090009000901092C090009000900E3
:107C2C00090009040930093F09310900090009005C
:107C3C000900090009000900090009040934090EAA
:107C4C0009320900090009000900090009000900AE
:107C5C00090009170930090009000900090009C2C7
:107C6C00091A0900090009F909BB091709380900A3
:107C7C0009000900090009C209220900090009E5E7
:107C8C0009BB0918093C0900090009000900098E03
:107C9C0009120900093C091F09000241082E0900BC
:107CAC000900090009000900090009000900090080
:107CBC00090009000100018017400241083A09201F
:107CCC00094D090D098309B1091F092009C1099042
:107CDC0009330905098009400948094009C20913FB
:107CEC00094D090309E509360938090709850940D1
:107CFC000948093009E20936094709090989094780
:107D0C0009C6090309EB091C09C6090C098B09C72B
:107D1C00093C092009A10993093C093009E0092013
:107D2C00094C091309E3094B094A092009A90977E8
:107D3C00093809F309C509270931090009C009A047
:107D4C00094C091009A209840940092109C00986B6
:107D5C000941091309E5018017000400051002010F
:107D6C0001005E0201800D01602545020100150431
:107D7C001702106511551820070009550A010D0846
:107D8C0000000400000004000000040000000400D7
:107D9C00FFFF14000000000000000000FFFFFFFFC9
:107DAC00FFFFFFFF000000000000000000000000CB
:107DBC00000000000000000000000000FFFFFFFFBB
:107DCC00FFFFFFFF000000000000000000000000AB
:107DDC00000000000000000000000000FFFFFFFF9B
:107DEC00FFFFFFFF0000000000000000000000008B
:107DFC0000000000FF0000000090D00300100140C4
:107E0C0011000400AC700300AC700300AC700300F4
:087E1C00AC700300AC70030020
:04000003200062195E
:00000001FF
