:020000022000DC
:106000000000012019620200016202000362020026
:10601000056202000762020009620200000000003F
:106020000000000000000000000000000B62020001
:106030000D620200000000000F6202001162020007
:10604000711B030013620200D5280300654603009C
:106050001362020013620200D1270300D12D030056
:106060001362020013620200136202001362020054
:106070001362020013620200136202001362020044
:1060800013620200AD5903001362020013620200A2
:106090001362020013620200B59A03001362020049
:1060A0001362020013620200136202001362020014
:1060B00013620200136202000000000000000000F2
:1060C00013620200136202001362020013620200F4
:1060D000136202001362020013620200000000005B
:1060E00000000000000000000000000000000000B0
:1060F00000000000000000000000000000000000A0
:10610000000000000000000000000000000000008F
:10611000000000000000000000000000000000007F
:10612000000000000000000000000000000000006F
:10613000000000000000000000000000000000005F
:10614000000000000000000000000000000000004F
:10615000000000000000000000000000000000003F
:10616000000000000000000000000000000000002F
:10617000000000000000000000000000000000001F
:10618000000000000000000000000000000000000F
:1061900000000000000000000000000000000000FF
:1061A00000000000000000000000000000000000EF
:1061B00000000000000000000000000000000000DF
:1061C00000000000000000000000000000000000CF
:1061D00000000000000000000000000000000000BF
:1061E00000000000000000000000000000000000AF
:1061F000000000000000000000000000000000009F
:10620000FEE7FEE7FEE7FEE7FEE7FEE7FEE7FEE766
:10621000FEE7FEE700F002B8FFF7FCBF0F484FF0C3
:106220000701884385460E4880470E48016841F4BF
:1062300070010160BFF34F8FBFF36F8F00F01AB88A
:1062400009480A490A4A884207D0521A05D00378F9
:1062500001300B700131013AF9D170470000012083
:1062600035C5020088ED00E018AE0300C8390020F3
:10627000DC39002039493A480A1A02D007229143F2
:106280008D46384938480A1A06D00722914381F3CF
:106290000988022282F3148834483549354A00F0CF
:1062A0003EF835483549364A00F039F83548364920
:1062B000364A00F034F836483649374A00F02FF8AD
:1062C00036483749374A00F02AF837483749384ABC
:1062D00000F025F837483849384A00F020F83848A7
:1062E0003849002200F033F837483849002200F0DE
:1062F0002EF837483749091A14F065FA364A90479C
:1063000024482549884205D00268043003B49047E8
:1063100003BCF7E700200021304A9047FEE788429F
:1063200014D0521A12D003460B43134303242342C2
:1063300006D1036804300B600431043AF9D1704788
:10634000037801300B700131013AF9D1704788426E
:1063500002D002700130FAE770470000000001200F
:1063600000F800200000012000000120E8DB03000D
:10637000DC39002058450020E0630200E0630200A1
:106380007AAC0300E8DB0300DC390020DC390020B4
:106390002CAE03002CAE03002CAE03002CAE030089
:1063A0002CAE03002CAE03002CAE03002CAE030079
:1063B000E6DB030064E70300584500205845002051
:1063C00058450020185A0020185A0020185A00205A
:1063D000185A0020186200204162020089B80200A9
:1063E000024B0022C3F8002500BF70470070004038
:1063F00082B003468DF80730114B1B789DF80720BB
:106400009A420BD99DF807300D4A12789B1A012B3E
:1064100010DD0B4A9DF8073013700BE0084B1B781A
:106420001A469DF80730D31A012B03DD044A9DF864
:1064300007301370024B1B78184602B0704700BF3C
:106440006445002084B00346ADF80630BDF8063040
:1064500041F26702934201D9642319E0BDF8063086
:1064600040F64852934201D8002311E0BDF80630AF
:10647000A3F64853642202FB03F303F5C873064AEC
:1064800082FB03121212DB17D31A0393039BDBB2B6
:10649000184604B0704700BF1F85EB51014B1B68C5
:1064A0001846704760450020014B1B68184670472E
:1064B0005C45002000B587B0019000F0FBF80DF1BD
:1064C0000E03194600200CF075FF0590BDF90E2053
:1064D0001D4B1A80059B002B1FD11B4B1B881BB229
:1064E0001A464FF4166302FB03F3184AA2FB032378
:1064F0005B0A0493049B5B00154A1360144B1B68F2
:106500009BB21846FFF79EFF03461846FFF770FF41
:1065100003461A460F4B1A600BE00F4A0F4BD31A73
:10652000DB081B0443F00103059A0D49184612F0DD
:10653000A6F900F0A7F800F02FF8034B1B881BB258
:106540009BB2184607B000BD58450020818080806E
:10655000604500205C45002090AD030068AD03005D
:106560002CAE030000B585B00190019B1B78002B79
:106570000CD1019B5B68B3F90020064B1A80019B8C
:106580005B68012118460CF0BFFF039000BF05B007
:1065900000BD00BF5845002000BF704700B583B064
:1065A0000190019B1B68184600F050F80346002B31
:1065B00004D105494FF4F67004F062FB4FF0A0439C
:1065C000184603B000BD00BF40AE030000B585B063
:1065D0000190084611461A4603468DF803300B46D3
:1065E0008DF8023013468DF8013001AB1846FFF7E5
:1065F000D5FF03909DF803209DF802305B001A43FD
:106600009DF801309B001A439DF818301B0242EAA6
:1066100003019DF81C301B04019A1943039B02F5EA
:10662000E07243F8221000BF05B000BD00B585B090
:1066300003900023019300230093002301220021F3
:106640000398FFF7C3FF00BF05B000BD84B0019001
:10665000019B5B09029300230393029B002B03D150
:106660004FF0FF33039300BF019B03F01F0301931F
:10667000039A019B22FA03F303F00103DBB21846ED
:1066800004B0704708B5FFF7ABFE0CF03DFD074BBB
:106690000022C3F80025064B00221A60044B1B6839
:1066A0000220FFF7C3FF00BF08BD00BF007000401D
:1066B000FC7F004000B589B01F4B1B68049300238A
:1066C0008DF813301D4B0122C3F800251C4B01220D
:1066D0001A601B4B1B6804AB1A4918460CF0A4FC4B
:1066E0000790079B0693069B002B04D0164A9A211D
:1066F00006980EF00FF8154A01AB07CA03C31A70CB
:1067000000238DF8073002238DF8063005238DF81D
:10671000083001AB194600200CF05EFD0790079B86
:106720000593059B002B04D0074AA32105980DF083
:10673000F1FF00BF09B000BDB8AE0300007000401B
:10674000FC7F00406565020070AE0300BCAE030034
:1067500000B585B001900B46ADF8023013468DF8B8
:106760000130019B0393BDF80230132B45D9039BE5
:106770001B78F02B32D0F02B41DC302B31D0302B7A
:106780003DDC212B20D0212B39DC202B0ED0202BDF
:1067900035DC182B2DD0182B31DC172B25D0172BDF
:1067A0002DDC122B09D0142B14D028E09DF90130D8
:1067B0001946039800F004F922E09DF901301946CA
:1067C000039800F02BF81BE0039800F04FF901F05C
:1067D0009DFA15E0039800F077F911E001F046F812
:1067E0000EE0039803F02CFD0AE0039802F092FFFC
:1067F00006E0039801F062F802E000BF00E000BF8D
:1068000005B000BD82B00190034B1B680133024A02
:10681000136000BF02B070476C45002000B58BB01C
:1068200001900B468DF8033004AB1422002118466A
:1068300014F0B4F813238DF81030FFF735FE03463B
:106840008DF82730234B1B68CDF811309DF8273089
:106850008DF81530FFF722FE03461F4AA2FB0323E3
:106860005B098DF826309DF826308DF8163001230F
:106870008DF8173001238DF8183001238DF8193069
:106880009DF803308DF81A309DF82630222B07D85A
:106890009DF81B30022262F301038DF81B3011E0DA
:1068A0009DF82730272B07D89DF81B30012262F373
:1068B00001038DF81B3005E09DF81B3023F0030326
:1068C0008DF81B3004AB1421184604F0C1FD00BF45
:1068D0000BB000BD6C4500201F85EB5100B589B0A1
:1068E00001900B468DF8033003AB142200211846AB
:1068F00014F054F816238DF80C3001238DF80D3068
:1069000003AB1421184604F0A3FD00BF09B000BD7D
:1069100000B58BB0019003AB14220021184614F08F
:106920003DF811238DF80C301F4B1B88DBB28DF81E
:106930000D3003AB184603F099FE03468DF827305F
:1069400003AB1421184604F083FD0890089B002B2C
:1069500003D0164B00221A7023E09DF82730002B3D
:1069600003D0114B1B88FF2B0ED1104B00221A7045
:106970000F4A104BD31ADB081B0443F003030E49E4
:10698000184611F06FFF0CE0074B1B8801339AB2D9
:10699000054B1A80094B00224FF4005118460EF0A7
:1069A000D3FA0BB000BD00BF66450020684500204B
:1069B00090AD030068AD0300D4AE0300E0390020C1
:1069C00000B58DB001900B468DF8033003F0F6FC56
:1069D0000A9000F03DFE099003AB142200211846F6
:1069E00013F0DCFF03F0F6FE10238DF80C30099B4A
:1069F000B3F8C030DBB28DF80D3003F019FD0B9009
:106A00000B9BB3F5106F02D94FF410630B930B9BE4
:106A10009BB2ADF80E30124B1B7883F00103DBB252
:106A2000002B19D003AB1421184604F011FD089077
:106A3000089B002B10D1BDF80E30002B0CD0094B59
:106A400000221A80064B01221A70074B00224FF4D5
:106A5000005118460EF078FA00BF0DB000BD00BF1F
:106A60006845002066450020E039002000B585B06B
:106A7000019003F0A3FC0390019B5B781A460B4B3B
:106A80001B889A420ED103F09BFE094A094BD31A88
:106A9000DB081B0443F00300019B5B781A460649A0
:106AA00011F0EDFE00BF05B000BD00BF664500203F
:106AB00090AD030068AD0300FCAE030082B001900E
:106AC00000BF02B07047000000B58BB0019003AB6F
:106AD00014220021184613F061FF15238DF80C30A5
:106AE00001238DF80D30FFF7DFFC099001238DF8AD
:106AF0000E3003AB1421184604F0AAFC0890089B42
:106B0000002B0AD19DF80E30002B06D1044B002239
:106B100040F6CD4118460EF017FA00BF0BB000BD8D
:106B2000003A002000B583B0124A002112480EF04E
:106B3000D1F90190114A002111480EF0CBF90190D2
:106B4000104A012110480EF0C5F901900F4B0022A8
:106B50004FF4804118460EF0F7F9019B0093009B1B
:106B6000002B04D00A4ACD2100980DF0D3FD00BFC0
:106B700003B000BD11690200C8AE0300BD6A020087
:106B8000CCAE030005680200D0AE0300203A00201E
:106B900010AF030076DF704700BF18468BDF7047E9
:106BA00000BF18468CDF704700BF184600B583B0A1
:106BB0000190019902480AF0DFFA00BF03B000BD5E
:106BC0007045002000B585B06B46082200211846AC
:106BD00013F0E4FE0A4B00930A4B01936B461846F0
:106BE00008F0EEFA0390039B0293029B002B04D063
:106BF000054A452102980DF08DFD00BF05B000BD8E
:106C0000AD6B02001440002070AF030000B583B0EC
:106C10000190019B132B0BD1094A0A4BD31ADB08B5
:106C20001B0443F002030849184611F01BFE04E060
:106C3000064A512101980DF06DFD03B000BD00BF63
:106C400090AD030068AD0300C0AF030070AF030058
:106C500000B589B00190009100238DF81F30524A91
:106C6000524BD31ADB081B0443F00300009B1B7834
:106C70001A464F4911F003FE009B1B78022B00F0CF
:106C80008380022B00F38C80002B02D0012B38D0A4
:106C900086E0454A454BD31ADB081B0443F0030347
:106CA0004449184611F0DEFD009B5988009B0E33C5
:106CB0001A4601980AF04AFC0590059B0493049B30
:106CC000002B04D03C4A6F2104980DF023FD01985D
:106CD0000AF0BAFB0590059B0393039B002B04D09D
:106CE000354A712103980DF015FD2F4A2F4BD31A09
:106CF000DB081B0443F003033049184611F0B2FDD2
:106D00004EE004F04DFD03468DF81F30264A274B18
:106D1000D31ADB081B0443F00300009B9B891A462F
:106D2000274911F0ACFD0023069312E01E4A1F4BC9
:106D3000D31ADB081B0443F00300009B9A68069BF0
:106D400013441B781A461F4911F099FD069B013325
:106D50000693009B9B891A46069B9342E6D3124AF0
:106D6000124BD31ADB081B0443F0030316491846E1
:106D700011F078FD009B9868009B9B899DF91F206E
:106D80001946FFF7E5FC0BE0074A084BD31ADB086E
:106D90001B0443F003030D49184611F063FD00BFC7
:106DA00000BF09B000BD00BF90AD030068AD030097
:106DB000F4AF030010B0030070AF030024B0030071
:106DC00054B0030064B003006CB0030070B0030063
:106DD00000B587B00C4B01930C4B02930C4B039303
:106DE00001AB19460B480AF059FA0590059B04932C
:106DF000049B002B04D0084A992104980DF08AFCCA
:106E000000BF07B000BD00BF516C02000D6C020056
:106E1000144000207045002070AF030070B5AAB088
:106E20000590059B5B68249300F012FC2390059B62
:106E30001B78062B1CD0062B00F3B581052B08D040
:106E4000052B00F3B081032B42D0042B00F09F816F
:106E5000A9E1059B5B682193219B2093209B002B3C
:106E600000F0A3819D4AAB2120980DF053FC9CE1DA
:106E70009B4A9C4BD31ADB081B0443F003039A493B
:106E8000184611F0EFFC059B5B682293944A954BE2
:106E9000D31ADB081B0443F00300229B5B781D46DA
:106EA000229B9B781E46229BDB781A46229B1B79ED
:106EB0001946229B5B791C46229B9B790393029483
:106EC0000191009233462A46884911F040FD71E154
:106ED000059B5B681F931F9B002B00F06B811F9B22
:106EE0009B69002B00F066811F9B9B8B002B00F0A1
:106EF00061810023ADF8A6300023ADF86A3000238D
:106F0000ADF86A301F9B98691F9B998B0DF16A023F
:106F1000092306F0D0F90346ADF8A630BDF8A63037
:106F2000002B0ED10023ADF86A301F9B98691F9B80
:106F3000998B0DF16A02082306F0BDF90346ADF8FE
:106F4000A630BDF8A630002B00F03481BDF8A63085
:106F50001F2B00F22F81BDF86A301A46BDF8A6300B
:106F600013441F9A928B934200F321811F9B9B69CC
:106F7000BDF86A2013441E9306AB20220021184658
:106F800013F00CFDBDF8A62006AB1E99184613F0B1
:106F9000D3FCBDF8A630A8336B44002203F8902C34
:106FA0004F4A504BD31ADB081B0443F00300BDF8D3
:106FB000A62006AB4E4911F072FC239B203316939A
:106FC000239B40331793239B60331893239B803379
:106FD000199304231D9300238DF8A53000232893D3
:106FE00031E0289B9B00A8336B4453F8503C002BA6
:106FF00023D0289B9B00A8336B4453F8503C184681
:1070000013F04BFC1C901C9B002B18D0BDF8A63035
:107010001C9A9A4214D8289B9B00A8336B4453F8BF
:10702000503C1C9A19461E9813F012FC0346002B84
:1070300006D101238DF8A53009E000BF00E000BFB4
:10704000289B01332893289A1D9B9A42C9D39DF807
:10705000A530002B00F0AD801F9B02331B93002353
:107060008DF89F30002326932BE02249269A134661
:10707000DB0013440B441B78002B1FD0269A1346C9
:10708000DB0013441B4A1344D81C1B9B013306220C
:10709000194613F0DDFB0346002B0FD11F9B93F91C
:1070A00013001449269A1346DB0013440B440133A2
:1070B00002461A7001238DF89F3005E0269B0133AC
:1070C0002693269B032BD0DD9DF89F3083F0010390
:1070D000DBB2002B6DD00023259354E070AF03008A
:1070E00090AD030068AD030080B003009CB00300C6
:1070F000CCB003001C4800203049259A1346DB0021
:1071000013440B441B78002B3AD12C49259A134683
:10711000DB0013440B4401221A70259A1346DB004E
:107120001344264A1344023307221B99184613F0CE
:1071300003FC0EAB20220021184613F02FFCBDF8F3
:10714000A6200EAB1E99184613F0F6FB1C4A1D4BE9
:10715000D31ADB081B0443F003030EAA1A4918468E
:1071600011F08DFB1F9B93F913001449259A1346C8
:10717000DB0013440B44013302461A7000BF18E0D1
:10718000259B01332593259B032BB5DD11E00C4A8C
:107190000C4BD31ADB081B0443F003030B491846BE
:1071A00011F060FB06E000BF04E000BF02E000BF9A
:1071B00000E000BF00BF2AB070BD00BF1C48002027
:1071C00090AD030068AD0300E8B00300F4B0030025
:1071D00000B587B001900B46ADF80230019B0593D6
:1071E000154ABDF802301380BDF80230002219465E
:1071F00012480AF0ABF90490049B0393039B002B05
:1072000005D00F4A4FF4997103980DF083FA059B4E
:107210009B8819460B4808F097F80490049B02934A
:10722000029B002B05D0064A40F2351102980DF062
:1072300071FA00BF07B000BD284000207045002053
:1072400070AF0300403A002000B585B001900B46B6
:10725000ADF802301346ADF80030BDF802301A46E2
:10726000019904480AF00CF90390039B184605B0F5
:1072700000BD00BF7045002000B583B0144B1B88D3
:107280004FF6FF7293420BD1124A134BD31ADB080D
:107290001B0443F003031149184611F0E3FA15E00B
:1072A0000B4B1B8813211846FFF774FC0190019BC0
:1072B000002B0BD0074A084BD31ADB081B0443F002
:1072C0000103019A0649184611F0D9FA03B000BD2E
:1072D0002840002090AD030068AD030008B1030012
:1072E00018B1030010B58AB04FF0FF330993812322
:1072F0008DF823300023079324E03949079A134679
:10730000DB0013440B441B78002B18D03449079A38
:107310001346DB0013440B44013393F900309DF90D
:1073200023209A420BDA2E49079A1346DB001344B6
:107330000B4401331B788DF82330079B0993079B7F
:1073400001330793079B032BD7DD099B002B01DA41
:10735000052341E0234A244BD31ADB081B0443F0E6
:107360000300099A9DF92330204911F098FA04ABE3
:1073700007220021184613F011FB099A1346DB007F
:107380001344174A13449A1C04AB10681860918880
:10739000927999809A71164B6C460C330FCB07C4C7
:1073A00023804FF47A73ADF80630694604A80123B0
:1073B000104AFFF7F7FB0690069B002B0BD0094AFB
:1073C000094BD31ADB081B0443F00303069A0A494E
:1073D000184611F054FA069B18460AB010BD00BFBB
:1073E0001C48002090AD030068AD030030B10300DD
:1073F000D4470020D647002050B1030000B583B029
:10740000114A124BD31ADB081B0443F00303104943
:10741000184611F027FAFFF7C1FB0190019B002BE2
:107420000ED0019B082B0BD0074A084BD31ADB0860
:107430001B0443F00103019A0649184611F01FFA94
:1074400000BF03B000BD00BF90AD030068AD0300F6
:1074500064B1030074B1030000B583B0104A114B4E
:10746000D31ADB081B0443F003030F49184611F03D
:10747000F9F9242200210D4813F090FA0C4809F084
:10748000ABFB0190019B0093009B002B05D0094AA8
:107490004FF4E07100980DF03DF900BF03B000BD5E
:1074A00090AD030068AD030090B103001C480020BC
:1074B000D447002070AF030000B587B06B460022B0
:1074C0001A605A609A60DA6000238DF80C306B46BF
:1074D000094A1946094809F026FB0590059B0493C3
:1074E000049B002B05D0064A4FF4E77104980DF079
:1074F00011F900BF07B000BD1D6E0200D447002087
:1075000070AF030000B585B00190019B084A9A60F6
:10751000019B084ADA60FFF755FBFFF759FCFFF7BC
:10752000CBFF00F095F8039000BF05B000BD00BF91
:10753000D17102004972020041DF704700BF184656
:1075400000B583B00190019B5B68002B12D01A4AF2
:107550001A4BD31ADB081B0443F00100019B1B7874
:107560001A46019B5B68164911F099F9012001F058
:107570009BFF1EE0019B1B78012B02D0022B0CD03D
:1075800017E00D4A0D4BD31ADB081B0443F003032D
:107590000C49184611F066F90BE0074A074BD31A5D
:1075A000DB081B0443F003030749184611F05AF99E
:1075B00000BF03B000BD00BF90AD030068AD030085
:1075C000A0B10300D0B10300E8B1030086B0019080
:1075D00000914FF6FF73ADF81630002304932DE0B1
:1075E000019A049B13441B781BB21B021AB2BDF90B
:1075F000163053401BB2ADF816300023039317E04A
:10760000BDF91630002B0BDABDF916305B001BB24A
:1076100083F4815383F001031BB2ADF8163004E00C
:10762000BDF816305B00ADF81630039B01330393B1
:10763000039B072BE4D9049B01330493049A009B1A
:107640009A42CDD3BDF81630184606B070470000F8
:10765000014B1846704700BF2C40002008B501E0E0
:10766000FFF76AFF04480FF0F5FA0346002BF7D145
:1076700000BF00BF08BD00BFC839002000B585B0FD
:10768000019000230393019B23F47F6323F00F03F6
:1076900002930023012202990C480FF043FA039051
:1076A000039B002B0BD00A4A0A4BD31ADB081B049E
:1076B00043F00103039A0849184611F0E0F8FFF778
:1076C000CDFF039B184605B000BD00BFC8390020A0
:1076D00090AD030068AD030000B2030000B589B0AF
:1076E000059004911346ADF80E3000230793059BD7
:1076F000C3F30B03002B26D12B4A2C4BD31ADB08E8
:107700001B0443F00303059A2949184611F0B7F802
:1077100000230122059927480FF004FA0790079BE0
:10772000002B10D0012001F0BFFE1F4A1F4BD31ABF
:10773000DB081B0443F00103079A1F49184611F0A8
:107740009EF8079B2DE0FFF789FFBDF80E30002261
:107750000092049A059917480FF002F90790079BC9
:10776000002B0CD1104A114BD31ADB081B0443F039
:107770000303059A1149184611F081F80EE0012023
:1077800001F092FE084A094BD31ADB081B0443F0B0
:107790000103079A0A49184611F071F8FFF75EFFD6
:1077A000079B184609B000BD90AD030068AD03000B
:1077B00018B20300C839002000B2030048B2030029
:1077C0005CB2030000B587B0039002911346ADF898
:1077D0000630039BB3F5802F06D3BDF80620039B2C
:1077E0001344B3F5EE2F0ED91A4A1B4BD31ADB08FC
:1077F0001B0443F00100BDF80630039A174911F04D
:107800004EF8102323E0BDF80630029A039914487D
:107810000EF0FEFF0590059B002B0BD00D4A0E4B82
:10782000D31ADB081B0443F00103059A0D491846DF
:1078300011F025F8074A084BD31ADB081B0443F064
:107840000303039A0849184611F019F8059B1846D6
:1078500007B000BD90AD030068AD030074B2030033
:10786000C8390020A4B20300C0B20300024B0122B9
:107870001A7000BF704700BF40480020024B012231
:107880001A7000BF704700BF4148002008B5094B7F
:107890001B78002B04D0074B00221A7000F0B0F8C0
:1078A000054B1B78002B03D04FF4EC20FFF7E6FECE
:1078B00000BF08BD414800204048002000B585B009
:1078C000019000238DF80F30019B5B78082B70D05E
:1078D000082B7ADC072B61D0072B76DC062B49D0EE
:1078E000062B72DC042B3AD0042B6EDC032B2BD03E
:1078F000032B6ADC022B1CD0022B66DC002B02D08F
:10790000012B0BD061E001238DF80F30019B033375
:1079100020221946354812F0D6FF56E001238DF893
:107920000F30019B033320221946314812F0CBFF60
:107930004BE001238DF80F30019B033320221946C1
:107940002C4812F0C0FF40E001238DF80F30019B5E
:10795000033320221946284812F0B5FF35E00123F1
:107960008DF80F30019B033320221946234812F073
:10797000AAFF2AE001238DF80F30019BB3F80330F2
:107980009AB21A4BA3F8C020184BB3F8C030042B9E
:107990001AD8164B0522A3F8C02015E001238DF854
:1079A0000F30019BB3F903301AB2104BA3F8C22079
:1079B0000BE001238DF80F30019BB3F803309AB22E
:1079C0000A4BA3F8C42000E000BF9DF80F30002B45
:1079D00008D0FFF753FF019B19221A701421019858
:1079E00003F036FD00BF05B000BD00BF2C400020F5
:1079F0004C4000206C4000208C400020AC40002017
:107A000000B5BDB0EE211C48FFF7E0FD03461A4665
:107A1000194BA3F8EE20F02217494FF4EC20FFF7A2
:107A20005DFE6B46F02219464FF4EC20FFF7CAFECC
:107A30006B46F0221946104812F00AFF0346002B4D
:107A40000BD10E4A0E4BD31ADB081B0443F0030381
:107A50000C49184610F006FF0AE0084A084BD31AF2
:107A6000DB081B0443F003030749184610F0FAFE35
:107A700000BF3DB000BD00BF2C40002090AD030012
:107A800068AD030064B4030074B4030000B583B0B0
:107A90000022044904480EF075FE0190019B18462F
:107AA00003B000BD68CB0300C8390020BFF34F8F7F
:107AB00000BF064BDB6803F4E0620449044B134348
:107AC000CB60BFF34F8F00BF00BFFDE700ED00E0CC
:107AD0000400FA0500B583B00190019B1B681846AD
:107AE00000F0F7F80346002B04D105494FF4F67077
:107AF00003F0C6F84FF0A043184603B000BD00BF26
:107B000088B4030000B585B00190084611461A46B6
:107B100003468DF803300B468DF8023013468DF87E
:107B2000013001AB1846FFF7D5FF03909DF8032005
:107B30009DF802305B001A439DF801309B001A4308
:107B40009DF818301B0242EA03019DF81C301B040B
:107B5000019A1943039B02F5E07243F8221000BF1B
:107B600005B000BD00B585B003900023019300234C
:107B700000930023012201210398FFF7C3FF00BFF8
:107B800005B000BD00B585B003900B468DF80B30F5
:107B90009DF80B3000220192002200920022002169
:107BA0000398FFF7AFFF00BF05B000BD00B585B07B
:107BB000019001AB1846FFF78DFF0390019B012256
:107BC00002FA03F31946039800F06FF800BF05B0FE
:107BD00000BD00B585B0019001AB1846FFF77AFFF4
:107BE0000390019B012202FA03F31946039800F067
:107BF00066F800BF05B000BD00B585B0019001ABCF
:107C00001846FFF767FF0390039BD3F804350293F0
:107C1000029BDA43019B012101FA03F31A40039B03
:107C2000C3F80825019B01229A40029B1A40039B3E
:107C3000C3F80C2500BF05B000BD00B585B00190AC
:107C400001AB1846FFF746FF0390039800F01DF8BC
:107C50000246019B22FA03F303F00103184605B024
:107C600000BD00B585B0019001AB1846FFF732FFAB
:107C70000390039800F011F80246019B22FA03F3E7
:107C800003F00103184605B000BD82B00190019BCE
:107C9000D3F81035184602B0704782B00190019BAE
:107CA000D3F80435184602B0704782B001900091B5
:107CB000019B009AC3F8082500BF02B0704782B04C
:107CC00001900091019B009AC3F80C2500BF02B0FF
:107CD000704784B00190019B5B09029300230393DA
:107CE000029B002B03D14FF0FF33039300BF019B96
:107CF00003F01F030193039A019B22FA03F303F09D
:107D00000103DBB2184604B070470000024B0522A5
:107D10009A7100BF704700BF48480020024B0A22FA
:107D2000DA7200BF704700BF48480020024B0122B2
:107D3000DA7000BF704700BF48480020034B0122A3
:107D40009A70024B0022DA7000BF7047484800204A
:107D500008B5094B01225A711820FFF782FF03462C
:107D6000002B03D0044B14225A7402E0024B0A2267
:107D70001A7400BF08BD00BF48480020024B2822EB
:107D80009A7200BF704700BF4848002082B001903F
:107D9000019B452B03D9054B0A221A7302E0034BC2
:107DA0000A225A7300BF02B0704700BF4848002043
:107DB00008B500220021012000F0DCFA054B012269
:107DC0001A71044B03229A73024B0A22DA7300BF22
:107DD00008BD00BF4848002008B50022002100204F
:107DE00000F0C8FA024B00221A7100BF08BD00BFA4
:107DF0004848002008B5FFF739FD01220021002086
:107E000000F0B8FA064B01225A70054B0F22DA71C6
:107E1000034B0F221A72024B0F225A7200BF08BD89
:107E200048480020024B00225A7000BF704700BF34
:107E30004848002082B003468DF80730064A9DF876
:107E400007301370054B01221A70044B05229A74F7
:107E500000BF02B0704700BF4248002048480020E1
:107E6000024B00221A7000BF704700BF4848002034
:107E700000B583B00190A34B1B68002B40F0388104
:107E8000A14B5B79DBB2002B30D09F4B1B7CDBB26C
:107E9000002B15D09C4B1B7CDBB2013BDAB29A4B1A
:107EA0001A7400220121002000F064FA964B1B7C1A
:107EB000DBB2002B40F01E81012003F00BFC19E126
:107EC000914B5B7CDBB2002B0CD08F4B5B7CDBB22D
:107ED000013BDAB28C4B5A7400220021012000F0E1
:107EE00049FA07E1884B00225A7103E1864B5B781F
:107EF000DBB2002B39D0844BDB79DBB2002B0CD00A
:107F0000814BDB79DBB2013BDAB27F4BDA710122C4
:107F10000021002000F02EFAF1E07B4B1B7ADBB24F
:107F2000002B0CD0784B1B7ADBB2013BDAB2764BDC
:107F30001A7200220021012000F01CFADFE0724BCF
:107F40005B7ADBB2002B0CD06F4B5B7ADBB2013B70
:107F5000DAB26D4B5A7200220121002000F00AFAB9
:107F6000CDE0FFF75FFFFFF7A1FD674B9B78DBB22A
:107F7000002B18D01620FFF760FE0346002B01D01F
:107F8000FFF7D4FE604BDB78DBB2002B05D000227C
:107F90000121002000F0EEF9B1E0002200210120D3
:107FA00000F0E8F9ABE0584B1B79DBB2002B22D094
:107FB000554BDB7BDBB2013BDAB2534BDA73524BEE
:107FC000DB7BDBB2002B40F097804F4B0A22DA7349
:107FD0000D20FFF711FE4C4B9B7BDBB2013BDAB26D
:107FE000494B9A73484B9B7BDBB2002B40F084805B
:107FF000FFF7F2FE80E0444B1B78DBB2002B11D080
:10800000414B9B7CDBB2013BDAB23F4B9A743E4B57
:108010009B7CDBB2002B71D13B4B05229A7400F0A4
:10802000D9F96BE0384BDB7ADBB2002B0CD0364B46
:10803000DB7ADBB2013BDAB2334BDA720022002189
:10804000012000F097F95AE02F4B9B7ADBB2002B0E
:1080500015D02D4B9B7ADBB2013BDAB22A4B9A72D8
:10806000294B9B7ADBB2002B03D100210020FEF7C5
:1080700035FC00220121002000F07CF93FE0224B7A
:108080001B7BDBB2002B0CD01F4B1B7BDBB2013BFD
:10809000DAB21D4B1A7300220121002000F06AF9A8
:1080A0002DE0194B5B7BDBB2002B0CD0164B5B7BBE
:1080B000DBB2013BDAB2144B5A73002201210120DA
:1080C00000F058F91BE0104B9B79DBB2002B0CD071
:1080D0000D4B9B79DBB2013BDAB20B4B9A7101225B
:1080E0000121012000F046F909E000F037F906E02F
:1080F00000BF04E000BF02E000BF00E000BF03B02B
:1081000000BD00BFDC4C00204848002000B585B011
:1081100001901320FFF791FD0346DAB22C4B1A7041
:108120002C4A2D4BD31ADB081B0443F00303284AC7
:1081300012782A49184610F0A2FB254B1B78002B19
:1081400043D1274B1B680133254A1360244B1B681E
:108150000A2B08D11820FFF784FD0346002B23D0FB
:10816000FFF748FE20E01E4B1B68032B0FD11820A1
:10817000FFF777FD0346002B04D1FFF7E9FD00F080
:10818000E7F811E0FFF7E4FD00F0DCF80CE0144B39
:108190001B68062B08D11820FFF763FD0346002B50
:1081A00002D0022003F096FA0E4B00224FF48041D9
:1081B00018460CF0C9FE0390039B002B05D00A4A19
:1081C00040F23D1103980CF0A5FA00BF05B000BDC8
:1081D0005B48002090AD030068AD0300B8B4030015
:1081E0004448002020410020D0B4030000B585B0F1
:1081F00001900B468DF8033000230393019B132B52
:108200000AD0019B132B00F28980019B072B79D0A8
:10821000019B112B6ED081E01320FFF70EFD03466A
:10822000DAB2404B1A703F4B1B78002B39D03E4BD3
:1082300018460CF0E1FE03903C4A3D4BD31ADB0894
:108240001B0443F00303039A3A49184610F017FB46
:10825000394B1B68002B18D11820FFF702FD03468D
:10826000002B12D0FEF720F90290029B452B03D978
:108270000298FFF78BFD08E0029B1D2B03D90298A3
:10828000FFF784FD01E0FFF793FD284A284BD31A3E
:10829000DB081B0443F003032849184610F0E2FAF8
:1082A0003CE0254B00221A601F4B18460CF0A4FE40
:1082B00003901E4A1E4BD31ADB081B0443F0030332
:1082C000039A1C49184610F0DAFA174B00224FF4B3
:1082D000804118460CF038FE0390144A144BD31A10
:1082E000DB081B0443F00303039A1549184610F0FA
:1082F000C6FA13E01120FFF7A0FC0346002B0AD0BA
:10830000FFF7D4FB0720FFF798FC0346002B04D0AF
:1083100001F0EEFC01E000BF00E000BF00BF05B0CF
:1083200000BD00BF5B4800202041002090AD03004D
:1083300068AD030018B50300444800202CB50300C5
:1083400044B5030008B51820FFF743FC00BF08BD83
:1083500008B51820FFF72AFC00BF08BD08B50B20A0
:10836000FFF737FC0C20FFF734FC0D20FFF731FC42
:1083700000BF08BD00B583B003468DF807300B463B
:108380008DF8063013468DF805309DF80730002B28
:1083900003D00D20FFF70AFC02E00D20FFF719FCC7
:1083A0009DF80630002B03D00B20FFF7FFFB02E007
:1083B0000B20FFF70EFC9DF80530002B03D00C209E
:1083C000FFF7F4FB02E00C20FFF703FC00BF03B053
:1083D00000BD000008B51D4B1B78002B1AD11C4BAB
:1083E0001B78002B09D01A4B00221A700D20FFF7C2
:1083F000F0FB0C20FFF7DAFB08E0154B01221A70A6
:108400000D20FFF7D3FB0C20FFF7E3FB0B20FFF75A
:10841000E0FB19E00E4B1B78002B09D00C4B00221F
:108420001A700D20FFF7D5FB0B20FFF7BFFB08E00C
:10843000074B01221A700D20FFF7B8FB0B20FFF746
:10844000C8FB0C20FFF7C5FB00BF08BD4248002059
:108450005C48002000B595B00AF018F8034683F098
:108460000103DBB2002B0BD009F0ACFF1390139B80
:10847000002B05D0784A4FF4017113980CF04AF99B
:10848000764A002176480CF025FD1290129B002BB5
:1084900005D0714A40F2062112980CF03BF9714A5E
:1084A000012171480CF016FD1190119B002B05D095
:1084B000694A40F2092111980CF02CF90B20FFF7C2
:1084C00051FB0C20FFF74EFB0D20FFF74BFB182054
:1084D000FFF748FBFFF742FFFFF734FF634B002233
:1084E00040F2666118460CF02FFD1090109B002B97
:1084F00005D0594A40F2162110980CF00BF94FF4B0
:1085000020330F934FF480430E9300238DF81730E0
:10851000002304930023039300230D9300238DF87D
:108520003330534A534BD31ADB081B0443F0030385
:108530005149184610F096F900211620FFF722FB4A
:1085400000211320FFF71EFB00211120FFF71AFB6B
:108550001120FFF772FB0346002B00F0978003F019
:1085600001F9FFF7EBFB0CF097FD0D901320FFF7DF
:1085700064FB0346002B0CBF012300238DF833302E
:108580001320FFF75AFB0346002B50D19DF81730FC
:10859000DBB283F00103DBB2002B12D001238DF894
:1085A00017300D9B04930D9B0393314A314BD31A23
:1085B000DB081B0443F003033049184610F052F95E
:1085C000D1E7049B19460D980CF05AFD0790039BC8
:1085D00019460D980CF054FD02460E9B934210D89C
:1085E0000D9B0393079B9B0B0693214A214BD31AA8
:1085F000DB081B0443F00303069A2149184610F0D8
:108600003EF9079A0F9B9A42ADD3184B18460CF0CF
:10861000F3FC174A174BD31ADB081B0443F0030380
:108620001849184610F01EF901F02AF89BE79DF84A
:108630001730DBB2002B96D00D4A0E4BD31ADB0855
:108640001B0443F003031049184610F00BF90023F4
:108650008DF8173087E700BFD0B403000D8102000A
:10866000FCB50300717E020000B60300404100200B
:1086700090AD030068AD030058B5030078B5030062
:1086800094B50300ACB50300D4B5030003238DF803
:10869000083000238DF809309DF80A3023F00103DB
:1086A0008DF80A309DF80A3023F002038DF80A3065
:1086B0009DF80A3023F004038DF80A3000238DF86A
:1086C000093002AB454A1946132009F0EBFE0B9026
:1086D0000B9B002B05D0424A4FF418710B980CF0FD
:1086E00019F80121132009F059FF03238DF80430F4
:1086F00000238DF805309DF8063023F001038DF836
:1087000006309DF8063023F002038DF806309DF800
:10871000063023F004038DF8063000238DF8053071
:1087200001AB2E4A1946072009F0BCFE0A900A9BAD
:10873000002B05D02A4A40F265210A980BF0EAFF87
:108740000121072009F02AFF03238DF800300023C0
:108750008DF801309DF8023023F001038DF80230CE
:108760009DF8023023F002038DF802309DF80230AC
:1087700023F004038DF8023000238DF801306B469E
:10878000164A1946112009F08DFE0990099B002B0D
:1087900005D0134A40F26A2109980BF0BBFF012172
:1087A000112009F0FBFE1320FFF747FA0346002BC8
:1087B00010D10C4B00224FF4804118460CF0C4FB42
:1087C0000890089B002B05D0054A40F26F210898BD
:1087D0000BF0A0FF00BF15B000BD00BFED8102008F
:1087E000D0B403002041002072DF704700BF18465C
:1087F00073DF704700BF184674DF704700BF18462C
:1088000076DF704700BF184677DF704700BF184615
:108810007CDF704700BF184633DF704700BF184643
:1088200000B587B0019000238DF8173000238DF834
:108830000F30019B1B78002B02D0032B43D04EE05E
:1088400002F0AEFF03468DF81730264A264BD31AA6
:10885000DB081B0443F00300019B9B8A1A46234953
:1088600010F00DF80023049312E01E4A1E4BD31A99
:10887000DB081B0443F00300019B1A69049B1344AB
:108880001B781A461A490FF0FAFF049B0133049330
:10889000019B9B8A1A46049B9342E6D3114A124BD2
:1088A000D31ADB081B0443F00303124918460FF0E8
:1088B000D9FF019B1869019B9B8A9DF917201946D6
:1088C000FDF746FF0BE0074A074BD31ADB081B04F2
:1088D00043F00303084918460FF0C4FF00BF00BF70
:1088E00007B000BD90AD030068AD030004B60300FF
:1088F00010B6030018B603001CB6030000B583B021
:10890000FFF78AFF0190019B0093009B002B04D08E
:10891000034A562100980BF0FDFE00BF03B000BDD6
:1089200038B6030000B583B003468DF807309DF8D4
:108930000730002B01D0032B02E0FFF7DFFF00BF61
:1089400000BF03B000BD000000B583B00190044A31
:10895000712101980BF0DEFE00BF03B000BD00BF27
:1089600038B6030000B587B000230193164B01937E
:1089700001AB1946154807F09CFE0590059B049332
:10898000049B002B04D0124A802104980BF0C2FEF5
:1089900002AB04220021184612F000F80D4B02939E
:1089A00002AB19460C4808F0D7FA0590059B0393D3
:1089B000039B002B04D0064A882103980BF0AAFEE3
:1089C00000BF07B000BD00BF498902006848002011
:1089D00038B60300218802006C41002000B5AFB01A
:1089E00001ABAC220021184611F0D8FF02238DF80C
:1089F000043000238DF8063005238DF8073001235D
:108A0000ADF85030124B159301238DF87C300123C3
:108A10008DF88030A0232393002324930D4B2A93B9
:108A200001AB19460C4804F015FF2D902D9B2C939B
:108A30002C9B002B04D0094AA1212C980BF06AFE34
:108A40000121054804F0F9FE00BF2FB000BD00BFB2
:108A500088410020258902007448002038B60300B0
:108A600000B585B001900B46ADF802300B4ABDF859
:108A700002301380BDF802301946094807F03BFE6A
:108A80000390039B0293029B002B04D0054AAB2169
:108A900002980BF03FFE00BF05B000BD6041002012
:108AA0006848002038B6030000B585B001900B4639
:108AB000ADF802301346ADF80030BDF800300DF1CE
:108AC00002020199034808F0EDFA0390039B18464F
:108AD00005B000BD6C41002000B583B0144B1B886D
:108AE0004FF6FF7293420BD1124A134BD31ADB0895
:108AF0001B0443F00303114918460FF0B3FE15E0C1
:108B00000B4B1B8813211846FFF77AFE0190019B3F
:108B1000002B0BD0074A084BD31ADB081B0443F089
:108B20000103019A064918460FF0A9FE03B000BDE3
:108B30006041002090AD030068AD03008CB60300D7
:108B40009CB6030000B583B0194A1A4BD31ADB0850
:108B50001B0443F00303184918460FF083FE174B1C
:108B600093F854301846FFF747FE0190104A114B16
:108B7000D31ADB081B0443F00300104B93F8543066
:108B80001A46019B0E490FF08AFE019B002B0CD068
:108B9000019B082B09D0019B0093009B002B04D064
:108BA000084AD22100980BF0B5FD00BF03B000BD0C
:108BB00090AD030068AD0300B4B603007448002014
:108BC000C4B6030038B6030000B585B001909DF827
:108BD0000830012262F303038DF808309DF8083055
:108BE000012262F307138DF80830019811F055FE49
:108BF00003469AB202AB01991846FFF709FE0390AB
:108C000000BF05B000BD000000B59BB0FEF720FD21
:108C1000189000238DF8673008AB3C2200211846DD
:108C200011F0BCFE02238DF8203004238DF8233090
:108C300000238DF8223002F017FB0346002B07D0EB
:108C4000274B44F221321A8004238DF8673008E064
:108C5000234B41F234221A80189BB3F9C2308DF8AD
:108C60006730189B03F1A0026B461E49184611F0AD
:108C70008DFA1B4A6B4693606B46184611F00DFE49
:108C800003469AB2164B9A80154B129301238DF826
:108C90004C30154B93F8543019469DF967301A46FD
:108CA0000120FFF7B1FD1790179B002B14D10F4A3D
:108CB0000F4BD31ADB081B0443F00303179A0D492B
:108CC00018460FF0DCFD08AB00221946064804F0F8
:108CD000DAFF1790179B00E0179B18461BB000BDEA
:108CE000A84C0020E8B603007448002090AD0300B3
:108CF00068AD0300ECB6030000B595B0FEF7A8FC24
:108D000013902F4B1B788DF806302E4A2E4BD31A1A
:108D1000DB081B0443F00303294A12782B49184649
:108D20000FF0ADFD0123ADF8043002AB3C22002171
:108D3000184611F033FE06238DF80B3002238DF810
:108D4000083002F091FA0346002B04D0204B44F285
:108D500021321A8003E01E4B41F234221A80139B09
:108D6000A0331B4A9360139BA033184611F095FD66
:108D700003469AB2164B9A80154B0C9301238DF83B
:108D8000343002AB00221946124804F07CFF1290E6
:108D9000129B002B01D0129B0EE004238DF847306C
:108DA0000C4B93F8543019469DF947301A46012070
:108DB000FFF72AFD1290129B184615B000BD00BFA8
:108DC0006C41002090AD030068AD030008B70300BC
:108DD000B44C00207448002000B585B003460091D3
:108DE0008DF80730384A394BD31ADB081B0443F09F
:108DF00003039DF80720364918460FF040FDFEF7A3
:108E000027FC0290002303939DF80730002B35D0F8
:108E1000029B1846FFF7D8FEFFF7F6FE0346002B2D
:108E200002D0039B013303932A4B052283F83C2095
:108E3000029BB3F8C430DB00274A82FB03125210B6
:108E4000DB17D31A1A46234B5A64244A244925486F
:108E5000FFF7CAFC0346002B02D0039B01330393A8
:108E60001C4B93F8543001211846FFF7C1FC034610
:108E7000002B20D0039B013303931CE0029B184678
:108E8000FFF7A2FEFFF738FF0346002B02D0039B3B
:108E9000013303930F4BA0225A610E4B012283F83A
:108EA0003C2003210B4804F0ADFD0346002B02D00B
:108EB000039B01330393039B002B02D0082000F097
:108EC000F3FA00BF05B000BD90AD030068AD03002C
:108ED00018B703007448002067666666B048002033
:108EE000844C0020C848002000B583B00190019B4D
:108EF000054A1A60019B054A5A60FFF733FDFFF7E8
:108F00006DFD00BF03B000BD618A0200A98A0200A6
:108F100076DF704700BF18467FDF704700BF1846F6
:108F20008FDF704700BF1846B1DF704700BF18469B
:108F300000B583B00190019B1B68184600F0DBF878
:108F40000346002B04D105494FF4F67001F098FE5A
:108F50004FF0A043184603B000BD00BF2CB703007C
:108F600000B585B00190084611461A4603468DF8B3
:108F700003300B468DF8023013468DF8013001ABFB
:108F80001846FFF7D5FF03909DF803209DF80230A7
:108F90005B001A439DF801309B001A439DF818307E
:108FA0001B0242EA03019DF81C301B04019A19437D
:108FB000039B02F5E07243F8221000BF05B000BD2C
:108FC00000B585B003900023019300230093002394
:108FD000012201210398FFF7C3FF00BF05B000BDC8
:108FE00000B585B003900B468DF80B309DF80B3023
:108FF0000022019200220092002200210398FFF734
:10900000AFFF00BF05B000BD00B585B0019001AB5A
:109010001846FFF78DFF0390019B012202FA03F32C
:109020001946039800F053F800BF05B000BD00B525
:1090300085B0019001AB1846FFF77AFF0390019BC2
:10904000012202FA03F31946039800F04AF800BF20
:1090500005B000BD00B585B0019001AB1846FFF723
:1090600067FF0390039BD3F804350293029BDA4316
:10907000019B012101FA03F31A40039BC3F8082561
:10908000019B01229A40029B1A40039BC3F80C25C6
:1090900000BF05B000BD00B585B0019001AB18461A
:1090A000FFF746FF0390039800F009F80246019B82
:1090B00022FA03F303F00103184605B000BD82B0A5
:1090C0000190019BD3F81035184602B0704782B06A
:1090D00001900091019B009AC3F8082500BF02B0DF
:1090E000704782B001900091019B009AC3F80C2553
:1090F00000BF02B0704784B00190019B5B090293EE
:1091000000230393029B002B03D14FF0FF33039303
:1091100000BF019B03F01F030193039A019B22FAF6
:1091200003F303F00103DBB2184604B070470000FC
:1091300000B58BB00190009100238DF82730019B82
:109140001B88562B00F08D80562B00F39C80522BF1
:1091500062D0522B00F397803B2B70D03B2B00F357
:109160009280212B2CD0212B00F38D80132B40D00B
:10917000132B00F38880102B02D0112B0CD082E02F
:10918000484A494BD31ADB081B0443F00303474901
:1091900018460FF067FB81E0424A434BD31ADB08C5
:1091A0001B0443F00303424918460FF05BFB019B8D
:1091B0001B7A8DF80B303F4B4FF6FF721A806DE033
:1091C00000238DF8083000238DF80930019B9B881F
:1091D00002AA11461846FFF7A3FE0890089B0493C5
:1091E000049B002B51D0344AC82104980BF092FA0A
:1091F0004BE0304B1888002300228521FFF78CFEBE
:109200000890089B0393039B002B40D02A4ACE2151
:1092100003980BF07FFA3AE0264B188800230022CF
:109220000021FFF781FE0890089B0693069B002B08
:109230002FD0214AD42106980BF06CFA29E0019B2B
:109240009B8813211846FFF763FE0890089B05933F
:10925000059B002B1FD0184ADB2105980BF05AFA0A
:1092600019E0019B9B8813211846FFF751FE0890D7
:10927000089B0793079B002B0FD00F4AE22107980A
:109280000BF048FA09E000BF08E000BF06E000BFAD
:1092900004E000BF02E000BF00E000BF00BF0BB071
:1092A00000BD00BF90AD030068AD0300A4B703008C
:1092B000ACB70300104200205CB7030008B50FF004
:1092C0006FFB034683F00103DBB2002B01D00EF0ED
:1092D0008BFA00BF08BD00B583B001900B468DF836
:1092E0000330019B132B08D0019B132B1CD8019B2F
:1092F000072B10D0019B112B16E01320FFF7CBFE9C
:109300000346002B03D00C20FFF791FE0CE00C204D
:10931000FFF77AFE08E00720FFF7BDFE0346002BAB
:1093200001D000F0E5FC00BF00BF03B000BD0000AD
:1093300000B589B0594A02AB126811461980023350
:10934000120C1A7002AB564A1946132009F0AAF8FB
:109350000790079B002B05D0524A40F26B110798EB
:109360000BF0D8F90121132009F018F903238DF827
:10937000043000238DF805309DF8063023F00103FA
:109380008DF806309DF8063023F002038DF8063084
:109390009DF8063023F004038DF8063000238DF885
:1093A000053001AB3E4A1946112009F07BF80690C2
:1093B000069B002B05D03B4A40F2711106980BF03A
:1093C000A9F90121112009F0E9F803238DF80030F3
:1093D00000238DF801309DF8023023F001038DF851
:1093E00002309DF8023023F002038DF802309DF820
:1093F000023023F004038DF8023000238DF8013091
:109400006B46274A1946072009F04CF80590059B42
:10941000002B05D0234A4FF4BB7105980BF07AF965
:109420000121072009F0BAF801211620FFF7D8FD25
:109430000B20FFF7C5FD0C20FFF7C2FD0D20FFF745
:10944000BFFD1820FFF7BCFD1820FFF7F0FD0BF063
:1094500023FE04904FF4004303930B20FFF7D4FD49
:109460000C20FFF7D1FD0D20FFF7CEFD00BF0BF064
:1094700013FE0346049918460BF002FE0246039BB6
:109480009342F4D80B20FFF7D2FD0C20FFF7CFFD5D
:109490000D20FFF7CCFD00BF09B000BDD8B7030019
:1094A000D79202005CB7030000B583B001901D4A5B
:1094B000019B13600B20FFF7BAFD0C20FFF7B7FDEF
:1094C0000D20FFF7B4FD174B1B68082B1FD0082B8E
:1094D00024D8042B14D0042B20D8012B02D0022B2B
:1094E00007D01BE0642301220021002000F04EF889
:1094F00015E0642300220021012000F047F80EE06F
:10950000642300220121002000F040F807E06423DA
:1095100001220121012000F039F800E000BF00BF66
:1095200003B000BDDC4C002000B585B00190FCF715
:10953000B5FF0390039B41F2CB02934204D8039BF7
:1095400040F64852934203D80220FFF7ADFF00BF18
:1095500000BF05B000BD00B583B001900D20FFF73E
:1095600079FD00BF03B000BD00B583B001900C20B1
:10957000FFF770FD00BF03B000BD00B583B00190E0
:109580000B20FFF767FD00BF03B000BDF0B585B04D
:10959000009303468DF807300B468DF806301346CE
:1095A0008DF80530009B00221C4615464FF0000246
:1095B0004FF00003EB0343EA5443E20312F57A76DB
:1095C00043F100074FF4FA624FF00003304639468A
:1095D00010F0D0FC02460B46134603939DF807306B
:1095E000002B09D0144B18460BF006FD124B00223D
:1095F000039918460BF0A8FC9DF80630002B09D003
:109600000E4B18460BF0F8FC0C4B00220399184641
:109610000BF09AFC9DF80530002B09D0084B18463A
:109620000BF0EAFC064B0022039918460BF08CFC69
:1096300000BF05B0F0BD00BFB0410020F0410020E8
:10964000D041002008B5084A012108480BF042FC2F
:10965000074A012107480BF03DFC074A0121074852
:109660000BF038FC00BF08BD57950200E0B70300BF
:1096700069950200E4B703007B950200E8B7030098
:1096800000B583B0FFF754FEFFF7DCFFFDF712F8DB
:10969000FEF7FCF90346002B02D00120FFF704FF80
:1096A000002000F0FFFA034683F00103DBB2002B39
:1096B00002D00420FFF7F8FE00F030F902F0B0F815
:1096C00000210020FFF788FB0E4A01210E480BF015
:1096D00001FC0190019B0093009B002B05D00B4ADD
:1096E00040F2FF1100980BF015F8094B00224FF4DF
:1096F000804118460BF028FC00F010F9FFF7DEFD62
:10970000FAE700BF29950200DCB703005CB703004D
:109710009041002070B590B00590059BD3F80230C1
:1097200003F5FD4310330F930BF0B6FC0346154AC7
:109730001360154A0F9B1360144B01221A7006AB7D
:10974000184600F051F8124A124BD31ADB081B04DA
:1097500043F003000B9B03F26C731D460A9B01331D
:109760001E46099B089A0799069C03940291019250
:10977000009333462A4608490FF0E9F800BF10B0BD
:1097800070BD00BFE44C0020E04C0020E84C0020FD
:1097900090AD030068AD0300ECB7030000B585B0E1
:1097A0000E4B1B7883F00103DBB2002B01D00023AA
:1097B00010E00BF071FC0390094B1B6819460398ED
:1097C0000BF05EFC0290029BDB0B0193054B1A68C9
:1097D000019B1344184605B000BD00BFE84C0020B3
:1097E000E44C0020E04C002030B585B00190FFF73C
:1097F000D5FF03460293019B002B11D002AB184604
:1098000011F021FA0390039B002B09D0019A039BCE
:1098100014461D460FCD0FC40FCD0FC42B68236017
:1098200000BF05B030BD000000B583B00190019BC2
:109830001B68184600F02CF80346002B04D105499C
:109840004FF4F67001F01CFA4FF0A043184603B035
:1098500000BD00BF1CB8030000B585B0019001AB8E
:109860001846FFF7E1FF0390039800F009F802465D
:10987000019B22FA03F303F00103184605B000BD73
:1098800082B00190019BD3F81035184602B07047A2
:1098900084B00190019B5B09029300230393029B18
:1098A000002B03D14FF0FF33039300BF019B03F064
:1098B0001F030193039A019B22FA03F303F00103B0
:1098C000DBB2184604B0704700B587B00190009134
:1098D0000023ADF8103078238DF80F300023059366
:1098E00004AB1946002001F04AF903460593BDF880
:1098F0001030C3F308039BB2002B0BD0059B002B49
:1099000008D1009B9BB20DF10F00019A012101F0DB
:109910003DF8E5E700BF07B000BD000010B58AB014
:10992000002309935A4B1B78DBB2002B06D107208A
:10993000FFF792FF0346002B00F0A680554B1A68F4
:109940001346DB009B1A08930899012010F065FF6D
:1099500003460793079B002B0BD14F4A4F4BD31A5B
:10996000DB081B0443F003034D4918460EF07AFF51
:109970008CE0474B00221A7001F09CF80023ADF8F0
:1099800014301B238DF8183005AB1946002001F068
:10999000F6F89DF8153003F01003DBB2002B12D05F
:1099A000089B9BB21946079800F0F8FB09903D4BC5
:1099B0001B78DBB283F00103DBB2002B37D00998B0
:1099C00000F0A0FD33E048F20103ADF8103004AB25
:1099D0000221184600F0AEFF70238DF80F300DF114
:1099E0000F000423304A012100F0D0FF2A4A2B4BFC
:1099F000D31ADB081B0443F003002C4B1B7B1946D6
:109A00002A4B5B7B1C46294B9B7B1A46274BDB7BF7
:109A10000193009223460A4625490EF068FF002371
:109A20008DF8113004AB0221184600F083FF0020AE
:109A3000FCF740FD1B4B1B78DBB2002B1BD0142224
:109A400000211C4810F0AAFF1A4B31221A70194B42
:109A500003225A70174B00229A70164B1022DA70AC
:109A6000144B124A1C1D13460FCB84E80F0014211F
:109A7000104801F0EDFC08990798FFF725FF0798BB
:109A800010F0C0FE00F0FEFF00F0F8FB0AB010BDC1
:109A9000104D00201C42002090AD030068AD030073
:109AA0004CB80300114D00200C4D0020004D00204B
:109AB0005CB80300EC4C002030B589B00023ADF851
:109AC00014301B238DF81C3005AB1946002001F023
:109AD00056F81C4A1C4BD31ADB081B0443F0030046
:109AE000BDF81430C3F308039BB21C469DF8153033
:109AF000C3F30013DBB21D469DF81530C3F380039A
:109B0000DBB21A469DF81530C3F3C003DBB2194629
:109B10009DF81530C3F34003DBB20293019100922C
:109B20002B46224609490EF0F9FEBDF81430C3F366
:109B300008039BB2ADF81E30BDF81E30184609B0C0
:109B400030BD00BF90AD030068AD030084B80300D2
:109B500000B583B00023019310E00C4A019B12F87A
:109B600013308DF8003000238DF801306B46022150
:109B7000184600F0DFFE019B01330193019BB3F512
:109B8000947FEAD300BF00BF03B000BD2C42002089
:109B900000B583B01B4A1C4BD31ADB081B0443F0EF
:109BA00003030C22194918460EF069FE00230193A5
:109BB00020E0174A019B12F813308DF80030144A48
:109BC000019B12F81330072B05D1124B1B68DBB237
:109BD0008DF8013006E00E4A019B5B0013445B7870
:109BE0008DF801306B460221184600F0A3FE019B60
:109BF00001330193019B052BDBD900BF00BF03B0EC
:109C000000BD00BF90AD030068AD0300B0B8030015
:109C1000204200201C42002000B583B01C4A1D4B8E
:109C2000D31ADB081B0443F003034FF414721A49E0
:109C300018460EF024FE0023019320E0174A019BF2
:109C400012F813308DF80030144A019B12F81330CB
:109C5000072B05D1124B1B68DBB28DF8013006E0F3
:109C60000E4A019B5B0013445B788DF801306B4614
:109C70000221184600F05EFE019B01330193019B17
:109C8000B3F5947FDAD300BF00BF03B000BD00BFBF
:109C900090AD030068AD0300C4B803002C4200205F
:109CA0001C42002000B583B003468DF8073000F059
:109CB00001FF00F097FA034683F00103DBB2002BAB
:109CC00003D000F0DFFE00230FE0FFF741FF9DF817
:109CD0000730002B02D0FFF79FFF01E0FFF758FF8E
:109CE000FFF7EAFE00F0CEFE0123184603B000BDE8
:109CF000024B01221A7000BF704700BF104D0020B8
:109D000000B589B00346ADF806300B46ADF8043017
:109D10001346ADF80230BDF9063007EE903AB8EEC2
:109D2000E77A3E4BD3ED007A67EE277ACDED067ADF
:109D3000BDF9043007EE903AB8EEE77A374BD3ED31
:109D4000007A67EE277ACDED057ABDF9023007EE8D
:109D5000903AB8EEE77A314BD3ED007A67EE277A86
:109D6000CDED047A2E4B1B78DBB2002B26D0DDED37
:109D7000067A9FED2C7A67EE877AFDEEE77A17EE8A
:109D8000903A1AB2284B1A80DDED057A9FED257ABC
:109D900067EE877AFDEEE77A17EE903A1AB2224B19
:109DA0005A80DDED047A9FED1F7A67EE877AFDEE2B
:109DB000E77A17EE903A1AB21B4B9A80DDED067ADD
:109DC00027EEA77ADDED057A67EEA77A37EE277AD8
:109DD000DDED047A67EEA77A77EE277AB0EE670AB0
:109DE00010F0C4F88DED030ADDED037AB7EE007ACA
:109DF00077EEC77ACDED077ADDED077AF5EEC07A1A
:109E0000F1EE10FA02D54FF000030793079B07EE1F
:109E1000903AB0EE670A09B000BD00BF14420020BE
:109E2000114D002000007A44004D002000B587B09D
:109E30000346ADF806300B46ADF804301346ADF8D6
:109E40000230BDF9063007EE903AB8EEE77A3B4BA8
:109E5000D3ED007A67EE277ACDED047ABDF90430B0
:109E600007EE903AB8EEE77A344BD3ED007A67EE1E
:109E7000277ACDED037ABDF9023007EE903AB8EEBD
:109E8000E77A2E4BD3ED007A67EE277ACDED027A92
:109E90002B4B1B78DBB2002B26D0DDED047AB2EE23
:109EA000047A67EE877AFDEEE77A17EE903A1AB2F7
:109EB000244BDA80DDED037AB2EE047A67EE877A1E
:109EC000FDEEE77A17EE903A1AB21E4B1A81DDEDDD
:109ED000027AB2EE047A67EE877AFDEEE77A17EE41
:109EE000903A1AB2174B5A81DDED047A27EEA77A21
:109EF000DDED037A67EEA77A37EE277ADDED027A99
:109F000067EEA77A77EE277AB0EE670A10F02EF8A0
:109F10008DED050ADDED057AB0EE007AF4EEC77A34
:109F2000F1EE10FA02D54FF000030593059B07EE02
:109F3000903AB0EE670A07B000BD00BF184200209B
:109F4000114D0020004D002000B58FB00190009110
:109F50004FF000030D934FF000030C930023ADF876
:109F60002E300023ADF82C3000230A93A9E00A9A82
:109F70001346DB009B1A0693069B019A13441B7839
:109F8000DB088DF817309DF81730022B49D1069B5E
:109F90000233019A13441B781BB21B021AB2069BB0
:109FA000013301990B441B781BB21343ADF80E30FB
:109FB000069B0433019A13441B781BB21B021AB28E
:109FC000069B033301990B441B781BB21343ADF876
:109FD0000C30069B0633019A13441B781BB21B02FC
:109FE0001AB2069B053301990B441B781BB213432D
:109FF000ADF80A30BDF90E20BDF90C10BDF90A30DC
:10A000001846FFF77DFEB0EE407ADDED0D7A77EE73
:10A01000877ACDED0D7ABDF82E300133ADF82E30B4
:10A020004CE09DF81730012B48D1069B0233019A72
:10A0300013441B781BB21B021AB2069B0133019911
:10A040000B441B781BB21343ADF81430069B04334A
:10A05000019A13441B781BB21B021AB2069B0333EE
:10A0600001990B441B781BB21343ADF81230069BC9
:10A070000633019A13441B781BB21B021AB2069BCB
:10A08000053301990B441B781BB21343ADF8103014
:10A09000BDF91020BDF91210BDF914301846FFF7B4
:10A0A000C5FEB0EE407ADDED0C7A77EE877ACDED25
:10A0B0000C7ABDF82C300133ADF82C300A9B0133FB
:10A0C0000A930A9B009A9A423FF651AF4FF0000361
:10A0D0000993BDF82E30002B0CD0BDF82E3007EEC2
:10A0E000903AB8EE677ADDED0D6AC6EE877ACDED6F
:10A0F000087A02E04FF000030893BDF82C30002BE3
:10A100000CD0BDF82C3007EE903AB8EE677ADDED52
:10A110000C6AC6EE877ACDED077A02E04FF00003B5
:10A120000793BDF82E30002B0FD0BDF82E3007EE70
:10A13000903AB8EE677ADDED0D6AC6EE877A9DED4E
:10A14000097A77EE277ACDED097ABDF82C30002B0D
:10A1500013D0BDF82C3007EE903AB8EE677ADDEDFB
:10A160000C6AC6EE877A9FED0B7A67EE877A9DEDD3
:10A17000097A77EE277ACDED097ADDED097A9FED40
:10A18000067A67EE877AFCEEE77A17EE903A184681
:10A190000FB000BD6F12033B00007A4400B585B0DC
:10A1A00001900B46ADF8023078238DF80D30002376
:10A1B0008DF80F3000238DF80E30BDF802300DF110
:10A1C0000D00019A012100F0E1FB054B1B681946C7
:10A1D0000198FFF7B9FE0346184605B000BD00BF61
:10A1E0001C42002000B583B00F238DF807300023F8
:10A1F0008DF806300DF106020DF107000123012153
:10A2000000F0C4FB0B4A0C4BD31ADB081B0443F0D1
:10A2100003039DF80620094918460EF030FB9DF80F
:10A220000630712B01D1012300E00023184603B052
:10A2300000BD00BF90AD030068AD0300DCB80300B3
:10A2400030B482B00190019B002B0ED0094A019BD3
:10A2500014461D4628686968AA68EB680FC4286917
:10A260002060054B01221A7000E000BF02B030BC34
:10A27000704700BFEC4C0020124D002000B587B0A5
:10A28000444B1B78002B00F08380424B00221A7055
:10A29000414BDB788DF816303F4B9B788DF81530AD
:10A2A00000238DF817309DF81630002B6FD09DF8E5
:10A2B0001630102B6BD800F0FDFB374B5B78032B6F
:10A2C00047D0032B57DC022B31D0022B53DC002B61
:10A2D00002D0012B0FD04EE09DF816309BB20DF14D
:10A2E00015002E4A012100F051FB01238DF8173093
:10A2F00000F0C8FB3FE09DF815308DF804309DF864
:10A30000162001AB01332549184610F015FB9DF8C6
:10A3100016309BB201339AB201AB1146184600F0D9
:10A3200009FB01238DF8173000F0ACFB23E000F0AF
:10A33000A9FB1B4B01221A701A4B1B4A1A601B4BBC
:10A340001B4A1A601B4B02221A600120FFF7AAFC6D
:10A3500011E000F097FB124B00221A70114B164AC5
:10A360001A60124B124A1A60124B4B221A600020DC
:10A37000FFF798FC00BF9DF81730002B08D0064B64
:10A3800031221A701421044801F062F800E000BF85
:10A3900007B000BD124D0020EC4C0020F04C002016
:10A3A000114D00201442002040DA7F39184200206D
:10A3B000295C8F3D1C42002040DA7F38014B184653
:10A3C000704700BF144D002086B00190019B0833F8
:10A3D0000593059BA3F58022144BA3FB0213590B95
:10A3E0000B465B000B441B03D31A0493049BB3F589
:10A3F000345F0FD3059BA3F580230C4AA2FB0323F4
:10A400005B0B0393039A13465B0013441B0303F592
:10A4100086230593059BB3F5982F02D34FF4802331
:10A420000593059B184606B0704700BFABAAAAAAC1
:10A430008EB000230D9300230C932F4B1B680B93BE
:10A440002E4B1B680A930B9A0A9B9A421CD80A9AB5
:10A450000B9BD31A0D930B9BA3F58023284AA2FBD9
:10A4600003235B0B03930A9BA3F58023244AA2FBDF
:10A4700003235B0B0293029A039BD21A13465B00E1
:10A4800013441B020C9327E00A9A0B9BD31A03F583
:10A4900040430D930B9BA3F58023194AA2FB032392
:10A4A0005B0B0993042308930A9BA3F58023144AAA
:10A4B000A2FB03235B0B0793089A099BD31A06930D
:10A4C000079B0593069A059B13440493049A13462D
:10A4D0005B0013441B020C930D9A0C9B9A4201D211
:10A4E000002305E00D9A0C9BD31A0193019BDB0816
:10A4F00018460EB0704700BF8844002084440020F6
:10A50000ABAAAAAA00B58BB0039004AB0822002125
:10A51000184610F043FA4A4B1B690133484A13614D
:10A52000474B5A69039B1344454A5361454A464B7E
:10A53000D31ADB081B0443F00300414B1A69404B5C
:10A540005B690093039B41490EF0BCF9FDF780F86D
:10A5500009903B4B1B69099AB2F8C0203C49A1FB0A
:10A560000212920892B2934267D33A4B1B68184684
:10A57000FFF72AFF0890384B1B68089A9A422DD1A2
:10A58000344B1A68344B1B689A4227D0324B1B68F5
:10A59000A3F58023314AA2FB03235B0B0793079AA1
:10A5A00013465B0013441B0303F586232A4A1360FA
:10A5B000294B1B68B3F5982F03D3274B4FF4802208
:10A5C0001A60204A204BD31ADB081B0443F0020315
:10A5D000214A1268224918460EF051F9184B5A695F
:10A5E000174B1B69B2FBF3F39BB2ADF81030154A61
:10A5F000154BD31ADB081B0443F00303BDF81020EE
:10A60000184918460EF03BF9124B1B6804A90822A2
:10A610001846FDF763F80690069B002B02D10D4A01
:10A62000089B1360104B1B6801330F4A1360044BE7
:10A6300000225A61024B00221A6100BF0BB000BD1C
:10A64000144D002090AD030068AD0300ECB803008A
:10A65000CDCCCCCC7C44002080440020ABAAAAAA5C
:10A660000CB9030050B90300904D002000B589B02B
:10A67000019000238DF81F30019B023306934B4B52
:10A680001A684B4B1B689A426FD100238AE0474BF4
:10A690001B6803A908221846FDF794F8BDF80C10B2
:10A6A0009DF81F305B00069A1A440B46C3F30D0356
:10A6B00099B2138861F30D0313809DF81F305B007E
:10A6C000069A13441B88C3F30D039BB2C82B0AD907
:10A6D0009DF81F305B00069A1A445378022161F3FB
:10A6E000871353701EE09DF81F305B00069A1344D9
:10A6F0001B88C3F30D039BB2502B0AD99DF81F3062
:10A700005B00069A1A445378012161F38713537052
:10A7100008E09DF81F305B00069A1A44537823F036
:10A72000C00353709DF81F3001338DF81F301F4B4D
:10A730001B681846FFF748FE05901C4B1B68059ADE
:10A740009A420FD11B4A1C4BD31ADB081B0443F05F
:10A7500001031A4918460EF085F8154B1B68134A79
:10A7600013600CE0114A059B13609DF81F30082B05
:10A7700005D80E4B1A680E4B1B689A4287D19DF87C
:10A780001F30002B07D0094B1A68094B1B689A42EF
:10A7900001D0012306E09DF81F30002B01D00023DB
:10A7A00000E00023184609B000BD00BF8844002027
:10A7B0008444002090AD030068AD030070B903002D
:10A7C000024B1B68024A136000BF70478844002098
:10A7D0008044002008B5134B1B68134A1360134BC9
:10A7E0001B68134A1360134A134BD31ADB081B046C
:10A7F00043F003000C4B1A680A4B1B680F490EF01C
:10A800004EF80C4A0C4BD31ADB081B0443F0030030
:10A81000074B1A68054B1B6809490EF040F800BF4A
:10A8200008BD00BF7C4400208444002080440020F8
:10A830008844002090AD030068AD030088B9030090
:10A84000BCB9030000B583B00190019B1B6818469A
:10A8500000F054F80346002B04D105494FF4F6707C
:10A8600000F00EFA4FF0A043184603B000BD00BF41
:10A87000F8B9030000B585B00190084611461A46A4
:10A8800003468DF803300B468DF8023013468DF8E1
:10A89000013001AB1846FFF7D5FF03909DF8032068
:10A8A0009DF802305B001A439DF801309B001A436B
:10A8B0009DF818301B0242EA03019DF81C301B046E
:10A8C000019A1943039B02F5E07243F8221000BF7E
:10A8D00005B000BD00B585B003900B468DF80B3078
:10A8E0009DF80B30002201920022009200220021EC
:10A8F0000398FFF7BFFF00BF05B000BD84B0019013
:10A90000019B5B09029300230393029B002B03D15D
:10A910004FF0FF33039300BF019B03F01F0301932C
:10A92000039A019B22FA03F303F00103DBB21846FA
:10A9300004B0704700B587B003900B46ADF80A30FD
:10A94000104B00221A7000230593BDF80A30002234
:10A950000092039A6A210C4809F09EFD0590059B20
:10A96000002B03D0059B0AE00CF03EFF054B1B7843
:10A97000DBB283F00103DBB2002BF5D1059B184657
:10A9800007B000BD944D0020F0B9030000B589B0B8
:10A99000059003921A460B46ADF812301346ADF8F7
:10A9A00010301D4B00221A700023079301230093DF
:10A9B0000123059A6A21194809F06EFD0790079B4B
:10A9C000002B03D0079B24E00CF00EFF124B1B78EA
:10A9D000DBB283F00103DBB2002BF5D10E4B00227A
:10A9E0001A70BDF81030039A6A210C4809F07BFDFB
:10A9F0000790079B002B03D0079B0AE00CF0F4FEA6
:10AA0000054B1B78DBB283F00103DBB2002BF5D1E1
:10AA1000079B184609B000BD944D0020F0B9030013
:10AA200000B583B001900091019B1B78022B18D0D8
:10AA3000022B1ADC002B02D0012B04D015E00F4BA7
:10AA400001221A7016E00D4B01221A700C4B1B6884
:10AA5000002B0ED10A4B01221A600420FEF724FDC0
:10AA600007E0064B01221A7004E0044B01221A7021
:10AA700000E000BF00BF03B000BD00BF944D002048
:10AA8000984D002008B5084809F0C8F9064809F0B3
:10AA900057F9064B0022C3F80025054B00221A6027
:10AAA000034B1B6800BF08BDF0B903000030004035
:10AAB000FC3F004010B586B003211920FFF70AFFC4
:10AAC00003211A20FFF706FF124B0122C3F80025CD
:10AAD000114B01221A60104B1B68104B6C460FCBB8
:10AAE00084E80F00694600230D4A0E4809F080F8FB
:10AAF0000590059B0493049B002B04D00A4A8E21E9
:10AB0000049809F007FE074809F060F900BF06B095
:10AB100010BD00BF00300040FC3F004070BA030091
:10AB200021AA0200F0B9030028BA030000B587B0DB
:10AB3000039001921A460B468DF80B301346ADF880
:10AB4000083000230593BDF808300DF10B00019A81
:10AB50000121FFF71BFF059B184607B000BD82B01F
:10AB600001900091019B002B06D0009B002B03D08D
:10AB7000009B1A78019B1A7000BF02B0704700B5A5
:10AB800087B0019000910023ADF8103000238DF8BC
:10AB90000C300023059304AA02231B210198FFF720
:10ABA000C5FF0590059B002B01D0059B41E004AB40
:10ABB0005A1C03AB11461846FFF7D1FF9DF80C3025
:10ABC000C3F30013D9B2009A537861F34103537071
:10ABD0009DF80C30C3F38013D9B2009A537861F317
:10ABE000C30353709DF80C30C3F34013D9B2009ADD
:10ABF000537861F3820353709DF80C30C3F3C01394
:10AC0000D9B2009A537861F3041353709DF8103051
:10AC10001AB29DF811301BB21B021BB213431BB2B8
:10AC2000C3F3080399B2009A138861F308031380F1
:10AC3000059B184607B000BD76DF704700BF184679
:10AC40007ADF704700BF18467FDF704700BF1846A5
:10AC500088DF704700BF184689DF704700BF18467D
:10AC60008EDF704700BF18468FDF704700BF184661
:10AC7000B1DF704700BF18463FDF704700BF18467E
:10AC800000B583B003460091ADF80630BDF806303C
:10AC9000009A1946024809F03DFD00BF03B000BD0F
:10ACA000EFBEADDE00B585B06B4608220021184628
:10ACB0000FF074FE1023ADF800301023ADF8023011
:10ACC0003123ADF804304FF4FA73ADF806306B461B
:10ACD0001846FFF7B5FF0390039B0293029B002BDE
:10ACE00004D0044ACD21029809F014FD00BF05B03C
:10ACF00000BD00BFB0BA030000B585B00190019B54
:10AD00001B78002B10D10A4B1B883B211846FFF7FC
:10AD100093FF0390039B0293029B002B04D0054AF0
:10AD2000F021029809F0F6FC00BF05B000BD00BF9D
:10AD30008C440020B0BA030000B583B00190044AEF
:10AD4000FB21019809F0E6FC00BF03B000BD00BF85
:10AD5000B0BA030000B58BB001AB1C22002118462D
:10AD60000FF01CFE002301934FF4A03302934FF425
:10AD7000F023039303238DF810300023ADF8123035
:10AD800000238DF814300B4B06930B4B079301AB4C
:10AD9000184603F047F90990099B0893089B002B7C
:10ADA00005D0064A4FF48971089809F0B3FC00BF3A
:10ADB0000BB000BDF9AC020039AD0200B0BA03001F
:10ADC00000B58DB00190009100238DF82F30019BCC
:10ADD0001B88562B00F0FA80562B00F30A81522B69
:10ADE00000F0CD80522B00F304813B2B00F0DB8080
:10ADF0003B2B00F3FE80212B00F09380212B00F3EE
:10AE0000F8801B2B0DD01B2B00F3F380132B00F0CD
:10AE1000A280132B00F3ED80102B25D0112B56D0E0
:10AE2000E7E07C4A7C4BD31ADB081B0443F00100AB
:10AE3000019B1B7A1A4679490DF021FD019B1B7A73
:10AE4000022B40F0D880734A734BD31ADB081B04E3
:10AE500043F00103724918460DF004FD64220121FC
:10AE6000032000F0DDFBC6E0FCF788FF019B9A8819
:10AE70006C4B1A806C4B1B78022B02D0032B0BD02F
:10AE800018E06A4B9B68674A1288114601989847F8
:10AE9000674B00221A700DE0644B1B68614A1288F0
:10AEA000114601989847624B01221A70019B0833A2
:10AEB000039300BF01215F4800F008FB002200213E
:10AEC000002000F0ADFB5C4B04221A709EE0514A5A
:10AED000514BD31ADB081B0443F00300019B1B7A80
:10AEE0001A4656490DF0CBFC019B9B88ADF81230F9
:10AEF0004C4B1B884FF6FF72934204D0494B1B8882
:10AF00001846FFF7A9FE00F007FC012000F0E2FB65
:10AF10000021002000F0DAFA424B4FF6FF721A804F
:10AF200074E000238DF8083000238DF80930019B70
:10AF30009B8802AA11461846FFF796FE0A900A9BC4
:10AF40000693069B002B58D03D4A4FF4B3710698E8
:10AF500009F0E0FB51E0334B1888002300228521E3
:10AF6000FFF772FE0A900A9B0593059B002B46D0C3
:10AF7000334A4FF4B671059809F0CCFB3FE0294BFA
:10AF80001888002300220021FFF772FE0A900A9B16
:10AF90000893089B002B34D0294A4FF4B9710898C4
:10AFA00009F0B8FB2DE0019B9B8813211846FFF7A1
:10AFB00043FE0A900A9B0793079B002B23D0204A4D
:10AFC00040F27911079809F0A5FB1CE0019B9B88D2
:10AFD00013211846FFF730FE0A900A9B0993099B3C
:10AFE000002B12D0164A4FF4C071099809F092FB59
:10AFF0000BE000BF0AE000BF08E000BF06E000BFB2
:10B0000004E000BF02E000BF00E000BF00BF0DB0E1
:10B0100000BD00BF90AD030068AD0300F4BA0300AB
:10B0200010BB03008C440020CB4D0020B84D002005
:10B03000F0440020A0BB0D00CA4D00202CBB030033
:10B04000B0BA030000B587B00EF058FC0590059B20
:10B050000493049B002B05D0234A40F293110498DB
:10B0600009F058FB0023019301AB194601200EF0B3
:10B0700057FD0590059B0393039B002B05D01A4AAF
:10B0800040F29911039809F045FB184A184BD31A5E
:10B09000DB081B0443F00303019A164918460DF020
:10B0A000EEFB01AB18460EF059FE0590059B042BF4
:10B0B0000BD10E4A0E4BD31ADB081B0443F00103DD
:10B0C000019A0D4918460DF0DAFB059B0293029B8D
:10B0D000002B05D0044A40F2A511029809F01AFB92
:10B0E00000BF07B000BD00BFB0BA030090AD0300C1
:10B0F00068AD03003CBB030060BB030000B583B038
:10B1000001900091009B5A88104B1B889A421AD1DB
:10B11000009B1B8840F67722934214D1009B9B88AA
:10B12000033B9AB20A4B1A800A4A0B4BD31ADB082C
:10B130001B0443F00300064B1B881A46044B1B8874
:10B1400006490DF0ACFB00BF03B000BD8C440020ED
:10B150008E44002090AD030068AD030094BB030053
:10B1600000B585B01A491B4804F067FD0390039BA6
:10B170000293029B002B05D0174A4FF4E07102980E
:10B1800009F0C8FAF721134804F081FD0390039BEE
:10B190000193019B002B05D00F4A40F2C511019885
:10B1A00009F0B8FAFB224FF6FF710A4804F08BFD54
:10B1B0000390039B0093009B002B05D0064A40F2AE
:10B1C000C911009809F0A6FA00BF05B000BD00BF84
:10B1D000FDB002009C4D0020B0BA030008B509F094
:10B1E0005BFF0346184608BD00B583B04FF48041AD
:10B1F00009480DF053F80190019B0093009B002B30
:10B2000005D0064A40F2D511009809F083FA0CF0F7
:10B21000DDFF00BF03B000BDDDB10200B0BA030026
:10B2200000B583B00CF0CAFA0190019B0093009B1B
:10B23000002B05D0044A40F2E111009809F06AFAA7
:10B2400000BF03B000BD00BFB0BA030008B50DF0E9
:10B25000A7FB034683F00103DBB2002B01D00CF007
:10B26000C3FA00BF08BD0000064B1B78032B03D0B8
:10B27000044B1B78042B01D1012300E00023DBB237
:10B2800018467047CA4D002000B585B00190FCF704
:10B29000DFF903902D4B1A782D4B1A702C4B1B782D
:10B2A000042B41D0042B4DDC032B2DD0032B49DC88
:10B2B000022B1ED0022B45DC002B02D0012B10D01C
:10B2C00040E00020FCF7B6FD00210120FDF784FDE1
:10B2D000FCF7C2F842F210720121012000F0A0F93F
:10B2E00030E000F0EBF964220121022000F098F92F
:10B2F00028E0FBF7F7FF0346002B22D06422012150
:10B30000032000F08DF91CE000F0D8F90120FCF7D3
:10B3100091FD00210020FDF75FFD42F21072012136
:10B32000042000F07DF90DE0FDF70CFCFCF798FD22
:10B33000FCF7F4FC42F210720121002000F070F9D9
:10B3400000E000BF00BF05B000BD00BFC94D002038
:10B35000CB4D002000B585B00190114A114BD31A96
:10B36000DB081B0443F003030F4918460DF07AFA7B
:10B370000E4B1B884FF6FF72934204D000F010FA78
:10B3800003468DF80F309DF90F3019460020FBF76A
:10B3900045FA0121064800F099F800BF05B000BD4C
:10B3A00090AD030068AD0300DCBB03008C440020BB
:10B3B000A0BB0D0000B583B00190234B1B78062B7A
:10B3C0003AD0062B3ADC052B2DD0052B36DC042B8E
:10B3D0001CD0042B32DC022B0FD0022B2EDC002BD6
:10B3E0002ED0012B00D029E064220121002000F0A2
:10B3F00017F9154B03221A7023E064220121032060
:10B4000000F00EF9104B03221A701AE0FDF79AFBB8
:10B410000E4B1B88002200211846FFF719FC0A4B2F
:10B4200005221A700DE000210120FDF7D5FC00F087
:10B430008FF9054B06221A7000BF02E000BF00E042
:10B4400000BF00BF03B000BDCA4D00208C440020E7
:10B4500000B585B001900B46ADF80230062303938A
:10B46000144B1B78002B0BD0012B13D1124B5B68B4
:10B47000124A1288BDF8021001989847039009E01B
:10B480000D4BDB680D4A1288BDF8021001989847F1
:10B49000039000BF0A4A0B4BD31ADB081B0443F08E
:10B4A0000303039A084918460DF0E9F9039B18466F
:10B4B00005B000BDF0440020B84D00208C440020B1
:10B4C00090AD030068AD030004BC0300F0B587B085
:10B4D00001900B468DF80330019B00221C46154657
:10B4E0004FF000024FF00003EB0343EA5443E20342
:10B4F00012F57A7643F100074FF4FA624FF0000339
:10B50000304639460EF036FD02460B46134605938B
:10B51000134B184609F070FD9DF80330002B1CD02A
:10B520000F4B00220599184609F00EFD0490049B6C
:10B530000393039B002B05D00A4A40F2BE210398D7
:10B5400009F0E8F8084A094BD31ADB081B0443F05A
:10B550000303074918460DF085F900BF07B0F0BD99
:10B56000B0440020B0BA030090AD030068AD030002
:10B5700018BC030000B587B009F070FC0590059B6E
:10B580000493049B002B05D01E4A40F2C621049868
:10B5900009F0C0F81C4A01211C4809F09BFC0590E9
:10B5A000059B0393039B002B05D0164A4FF4337180
:10B5B000039809F0AFF8164A0021164809F08AFCF2
:10B5C0000590059B0293029B002B05D00D4A4FF47A
:10B5D0003471029809F09EF80F4A01210F4809F0D2
:10B5E00079FC0590059B0193019B002B05D0054A32
:10B5F00040F2D621019809F08DF8FBF793FA00BFCD
:10B6000007B000BDB0BA0300B5B30200BCBD030073
:10B6100089B20200C4BD030055B30200C0BD0300DF
:10B62000F0B585B003468DF807300B468DF806302F
:10B630001346ADF80430BDF8043000221C46154610
:10B640004FF000024FF00003EB0343EA5443E203E0
:10B6500012F57A7643F100074FF4FA624FF00003D7
:10B66000304639460EF086FC02460B4613460393DD
:10B670000F4A9DF8073013709DF80630002B0AD052
:10B680000C4B184609F0B8FC0A4B002203991846E7
:10B6900009F05AFC08E0FCF7E3FB074B00221A70A4
:10B6A000044B184609F0A8FC00BF05B0F0BD00BF70
:10B6B000C94D0020D0440020C84D002008B5FDF73A
:10B6C00041FAFBF79BFEFDF707FAFBF7D5FD00BF3C
:10B6D00008BD000000B583B003468DF80730FFF7C2
:10B6E000EDFF9DF80730012B02D0022B04D007E0BC
:10B6F000084B01221A7009E0064B02221A7005E07D
:10B70000002200210020FFF78BFF00BF00BF03B025
:10B7100000BD00BFCA4D002000B583B00A4B002217
:10B7200040F26661184609F00FFC0190019B0093FE
:10B73000009B002B05D0054A40F21331009808F019
:10B74000E9FF00BF03B000BD90440020B0BA030081
:10B7500008B5034B184609F04FFC00BF08BD00BFF9
:10B760009044002008B5FFF7F3FFFCF7EBFD084A13
:10B77000084BD31ADB081B0443F0030306491846A1
:10B780000DF070F8054B06221A7000BF08BD00BF0F
:10B7900090AD030068AD030034BC0300CA4D002027
:10B7A00000B583B000238DF8033000238DF80230FC
:10B7B000164B1B880DF102020DF103011846FFF72D
:10B7C0004FFA0190019B002B1AD0019B052B0BD146
:10B7D0000F4A104BD31ADB081B0443F002030E4937
:10B7E00018460DF03FF80BE0094A0A4BD31ADB0864
:10B7F0001B0443F00103019A084918460DF03FF875
:10B800009DF90330184603B000BD00BF8C440020F2
:10B8100090AD030068AD03002CBD03005CBD0300C8
:10B8200008B5FFF7FDFCFFF73DFAFFF799FC11485B
:10B83000FDF75AFBFFF78EFA0F4A104BD31ADB08BD
:10B840001B0443F003030E4918460DF00BF80A4A97
:10B850000A4BD31ADB081B0443F0030309491846BB
:10B860000DF000F80348FBF74DFE0120FFF704FA46
:10B8700000BF08BDB84D002090AD030068AD0300C7
:10B8800080BD030090BD030008B5FFF7ADFCFFF7D6
:10B8900071FEFFF7D7FBFCF7DDFDFDF7D3FE0020BF
:10B8A000FAF708FEFCF7F2F80346002B02D001205D
:10B8B000FDF7FAFD0020FEF7F5F9034683F00103DA
:10B8C000DBB2002B02D00420FDF7EEFDFEF726F8D8
:10B8D000FFF7A6FFFFF720FF0120FFF7FBFEFBF7B6
:10B8E000D5FFFEF71BF8FFF7B1FCF8E7ADDF7047B7
:10B8F00000BF1846AEDF704700BF1846B0DF704784
:10B9000000BF18463CDF704700BF18463DDF704758
:10B9100000BF184600B58BB0019005AB1022002186
:10B9200018460FF03BF802238DF814300223ADF8CF
:10B9300008300023ADF80A3004AB03931B4B9B88FF
:10B940001A4A518902AA1846FFF7D0FF0990099BAD
:10B95000002B10D104AB184603F0ECFD0346002B7E
:10B9600009D09DF81A3043F001038DF81A300023F6
:10B97000ADF8183003E040F2FD13ADF818300B4B72
:10B980009B8805AA11461846FFF7B8FF0990099B46
:10B99000112BF4D0BDF81830002B03D1019800F022
:10B9A000DBF900E000BF0BB000BD00BFCC4D0020B4
:10B9B00000B585B00190019B9A88134B9B889A42F1
:10B9C0001ED1019B06330393039B1B78022B18D1D6
:10B9D000039B5A880C4BDB889A4212D1039B1B7A3B
:10B9E000042B0ED0039B1B7A062B0AD0039B1B7AD9
:10B9F000052B06D0039B02331846FFF78BFF00E0B0
:10BA000000BF05B000BD00BFCC4D002082B001904A
:10BA1000019B9A88024B9A8000BF02B0704700BF1A
:10BA2000CC4D002082B00190064B9A88019B9B88E8
:10BA30009A4204D1034B4FF6FF729A8000E000BF98
:10BA400002B07047CC4D002000B585B00190019B3D
:10BA500006330393039B1A880A4BDB889A420DD165
:10BA6000084B1B7E002B09D000F0E4F90290029BEA
:10BA7000002B03D0034B5B690220984700BF05B041
:10BA800000BD00BFCC4D002000B583B001900091F7
:10BA9000019B002B1FD0019B1B88532B16D0532BCF
:10BAA00018DC512B0ED0512B14DC102B02D0112B93
:10BAB00004D00FE00198FFF7A9FF0CE00198FFF711
:10BAC000B1FF08E00198FFF773FF04E00198FFF76A
:10BAD000BBFF00E000BF03B000BD000000B58BB0AD
:10BAE00003460A468DF8073013468DF806300323C7
:10BAF000ADF8223003AB1022002118460EF04EFFA5
:10BB0000BDF82230ADF8203020238DF81C309DF890
:10BB100007308DF81D309DF806308DF81E30124B21
:10BB2000DB88ADF80C3002238DF80E300023ADF821
:10BB3000103008AB059307AB06930B4B9B8803AA09
:10BB400011461846FFF7D6FE0990099B002B07D136
:10BB5000BDF82030BDF822209A4201D00C23099371
:10BB6000099B18460BB000BDCC4D002000B585B038
:10BB70004FF0FF310020FFF7C9FE0390039B0293B3
:10BB8000029B002B01D0029B13E0B1210020FFF7A4
:10BB9000B9FE0390039B0193019B002B01D0019BF5
:10BBA00007E0054B5B690120984702200BF088FEF7
:10BBB0000023184605B000BDCC4D002000B583B071
:10BBC0000190044B1B6804490198984703461846A6
:10BBD00003B000BDE84D0020F04D002000B583B05B
:10BBE0000190044B5B680449019898470346184646
:10BBF00003B000BDE84D0020F04D0020064B1B684F
:10BC0000002B05D0044B5B68002B01D0012300E022
:10BC100000231846704700BFE84D002000B585B0EE
:10BC20000190124B1B685B7E002B01D006231AE0AB
:10BC30000198FFF7C3FF0390039B002B04D10B4B2C
:10BC40001B6801225A760DE0039B0F2B0AD1084A8C
:10BC5000084BD31ADB081B0443F0010306491846BE
:10BC60000CF000FE039B184605B000BDF44D00200B
:10BC700090AD030068AD0300C8BD030000B583B0FC
:10BC8000134B1B685B7E002B0ED006210120FFF7B3
:10BC900025FF0190019B002B04D00D4B1B685B69B5
:10BCA00003209847002310E0094B1B6801221A76F5
:10BCB00001210120FFF712FF0190019B002B03D00F
:10BCC000034B1B6800221A76019B184603B000BD87
:10BCD000F44D002000B585B001900091FFF78EFF74
:10BCE0000346002B32D00198FFF778FF0390039BA7
:10BCF000082B2CD0039B002B11D1164B1B68002264
:10BD00005A7601210220FFF7E9FE0390039B002BE6
:10BD10001DD0104B1B685B690320984717E00D4B43
:10BD20001B6800225A7606210220FFF7D7FE0390F7
:10BD3000039B002B04D0074B1B685B6903209847CB
:10BD4000044B1B685B690220984700E000BF05B008
:10BD500000BD00BFF44D002000B585B00190042364
:10BD60008DF80F30019B1B7B012B02D0022B11D0D1
:10BD700035E0FFF783FF0290029B002B03D10123E4
:10BD80008DF80F302FE0029B112B2CD106238DF85C
:10BD90000F3028E0019B5B7B142B03D8019B5B7B5E
:10BDA000002B03D105238DF80F301EE0019B03F11A
:10BDB0000E01019B5B7B1A461B480EF0BDFD019BEB
:10BDC0005B7B1A46194B9A611848FFF727FF0290D0
:10BDD000029B002B09D101238DF80F3005E00223CF
:10BDE0008DF80F3002E000BF00E000BF9DF80F307B
:10BDF000012B15D0019B1B7B9DF80F201146184687
:10BE0000FFF76CFE0290029B002B04D0084B1B68CE
:10BE10005B6903209847064B1B685B6902209847C3
:10BE200000BF05B000BD00BFFC4D0020F84D002054
:10BE3000F44D002000B583B0054B1B685B69002002
:10BE40009847FFF793FE0190019B184603B000BD91
:10BE5000F44D0020BFF34F8F00BF064BDB6803F4A7
:10BE6000E0620449044B1343CB60BFF34F8F00BF24
:10BE700000BFFDE700ED00E00400FA0582B0214BB1
:10BE80001B68B3F1FF3F0AD11F4B1B68DBB2019364
:10BE90001E4B1B681B0903F00F03009305E0194BB1
:10BEA0001B6801931A4B1B680093019B062B24D13E
:10BEB000009B072B1DD0009B072B1CD8009B062B3B
:10BEC00015D0009B062B16D8009B052B0DD0009B90
:10BED000052B10D8009B032B03D0009B042B02D012
:10BEE00009E001230AE0012308E0012306E0012321
:10BEF00004E0012302E0012300E00023184602B021
:10BF0000704700BF30010010E00F00F0E80F00F0B4
:10BF10003401001082B01B4B1B68DBB201931A4B3B
:10BF20001B681B0903F00F030093019B062B24D110
:10BF3000009B072B1DD0009B072B1CD8009B062BBA
:10BF400015D0009B062B16D8009B052B0DD0009B0F
:10BF5000052B10D8009B032B03D0009B042B02D091
:10BF600009E001230AE0002308E0002306E00023A3
:10BF700004E0002302E0002300E00023184602B0A2
:10BF8000704700BFE00F00F0E80F00F082B0214BD7
:10BF90001B68B3F1FF3F0AD11F4B1B68DBB2019353
:10BFA0001E4B1B681B0903F00F03009305E0194BA0
:10BFB0001B6801931A4B1B680093019B062B24D12D
:10BFC000009B072B1DD0009B072B1CD8009B062B2A
:10BFD00015D0009B062B16D8009B052B0DD0009B7F
:10BFE000052B10D8009B032B03D0009B042B02D001
:10BFF00009E001230AE0012308E0012306E0012310
:10C0000004E0012302E0012300E00023184602B00F
:10C01000704700BF30010010E00F00F0E80F00F0A3
:10C020003401001082B01B4B1B68DBB201931A4B2A
:10C030001B681B0903F00F030093019B062B24D1FF
:10C04000009B072B1DD0009B072B1CD8009B062BA9
:10C0500015D0009B062B16D8009B052B0DD0009BFE
:10C06000052B10D8009B032B03D0009B042B02D080
:10C0700009E001230AE0002308E0002306E0002392
:10C0800004E0002302E0002300E00023184602B091
:10C09000704700BFE00F00F0E80F00F082B0214BC6
:10C0A0001B68B3F1FF3F0AD11F4B1B68DBB2019342
:10C0B0001E4B1B681B0903F00F03009305E0194B8F
:10C0C0001B6801931A4B1B680093019B062B24D11C
:10C0D000009B072B1DD0009B072B1CD8009B062B19
:10C0E00015D0009B062B16D8009B052B0DD0009B6E
:10C0F000052B10D8009B032B03D0009B042B02D0F0
:10C1000009E001230AE0012308E0012306E00123FE
:10C1100004E0012302E0012300E00023184602B0FE
:10C12000704700BF30010010E00F00F0E80F00F092
:10C130003401001082B01B4B1B68DBB201931A4B19
:10C140001B681B0903F00F030093019B062B24D1EE
:10C15000009B072B1DD0009B072B1CD8009B062B98
:10C1600015D0009B062B16D8009B052B0DD0009BED
:10C17000052B10D8009B032B03D0009B042B02D06F
:10C1800009E001230AE0002308E0002306E0002381
:10C1900004E0002302E0002300E00023184602B080
:10C1A000704700BFE00F00F0E80F00F082B01B4BBB
:10C1B0001B68DBB201931A4B1B681B0903F00F03CA
:10C1C0000093019B062B24D1009B072B1DD0009BC5
:10C1D000072B1CD8009B062B15D0009B062B16D8CE
:10C1E000009B052B0DD0009B052B10D8009B032B2B
:10C1F00003D0009B042B02D009E001230AE00023B6
:10C2000008E0002306E0002304E0002302E000230E
:10C2100000E00023184602B0704700BFE00F00F0B6
:10C22000E80F00F082B0214B1B68B3F1FF3F0AD149
:10C230001F4B1B68DBB201931E4B1B681B0903F0ED
:10C240000F03009305E0194B1B6801931A4B1B6801
:10C250000093019B062B24D1009B072B1DD0009B34
:10C26000072B1CD8009B062B15D0009B062B16D83D
:10C27000009B052B0DD0009B052B10D8009B032B9A
:10C2800003D0009B042B02D009E000230AE0002326
:10C2900008E0012306E0012304E0012302E001237A
:10C2A00000E00023184602B0704700BF30010010C4
:10C2B000E00F00F0E80F00F03401001082B0214BD5
:10C2C0001B68B3F1FF3F0AD11F4B1B68DBB2019320
:10C2D0001E4B1B681B0903F00F03009305E0194B6D
:10C2E0001B6801931A4B1B680093019B062B24D1FA
:10C2F000009B072B1DD0009B072B1CD8009B062BF7
:10C3000015D0009B062B16D8009B052B0DD0009B4B
:10C31000052B10D8009B032B03D0009B042B02D0CD
:10C3200009E001230AE0012308E0012306E00123DC
:10C3300004E0012302E0012300E00023184602B0DC
:10C34000704700BF30010010E00F00F0E80F00F070
:10C350003401001082B0214B1B68B3F1FF3F0AD1BA
:10C360001F4B1B68DBB201931E4B1B681B0903F0BC
:10C370000F03009305E0194B1B6801931A4B1B68D0
:10C380000093019B062B24D1009B072B1DD0009B03
:10C39000072B1CD8009B062B15D0009B062B16D80C
:10C3A000009B052B0DD0009B052B10D8009B032B69
:10C3B00003D0009B042B02D009E001230AE00123F3
:10C3C00008E0012306E0012304E0012302E0012349
:10C3D00000E00023184602B0704700BF3001001093
:10C3E000E00F00F0E80F00F03401001082B0194BAC
:10C3F0001B680193184B1B680093019B062B24D1EB
:10C40000009B072B1DD0009B072B1CD8009B062BE5
:10C4100015D0009B062B16D8009B052B0DD0009B3A
:10C42000052B10D8009B032B03D0009B042B02D0BC
:10C4300009E000230AE0002308E0002306E00123CE
:10C4400004E0012302E0012300E00023184602B0CB
:10C45000704700BF300100103401001082B0194B4A
:10C460001B680193184B1B680093019B062B24D17A
:10C47000009B072B1DD0009B072B1CD8009B062B75
:10C4800015D0009B062B16D8009B052B0DD0009BCA
:10C49000052B10D8009B032B03D0009B042B02D04C
:10C4A00009E000230AE0002308E0002306E000235F
:10C4B00004E0012302E0012300E00023184602B05B
:10C4C000704700BF300100103401001008B5FFF7BD
:10C4D000C5FF0346002B07D04FF010234FF08042DA
:10C4E000D3F80832C2F8583500BF08BD00BF044B6E
:10C4F000D3F80034002BFAD000BF00BF704700BF54
:10C5000000E0014000B583B00190044A019BC2F8ED
:10C510000435FFF7EBFF00BF03B000BD00E00140B2
:10C52000024B034A1A6000BF704700BFF44400206A
:10C530000090D00308B5FFF7A1FC0346002B06D0FE
:10C54000964B1B681B0A964A03F01F031360FFF704
:10C55000E1FC0346002B02D0924B934A1A60FFF78E
:10C5600015FD0346002B06D0904B1B685B0B904AD1
:10C5700003F007031360FFF755FD0346002B05D0BA
:10C580008C4BDB688B4A23F08073D360FFF786FD0A
:10C590000346002B0ED04FF080430022C3F80C213D
:10C5A0004FF080430022C3F810214FF08043002257
:10C5B000C3F83825FFF7BEFD0346002B02D07E4BA3
:10C5C00003221A60FFF7F2FD0346002B0BD07B4BD2
:10C5D00005221A607A4B01221A607A4B00221A60F7
:10C5E000794B3F221A60FFF71DFE0346002B76D0E1
:10C5F0004FF08053754AD3F80434C2F820354FF019
:10C600008053724AD3F80834C2F824354FF080536F
:10C610006E4AD3F80C34C2F828354FF080536B4A79
:10C62000D3F81034C2F82C354FF08053674AD3F852
:10C630001434C2F830354FF08053644AD3F81834BC
:10C64000C2F834354FF08053604AD3F81C34C2F836
:10C6500040354FF080535D4AD3F82034C2F844355A
:10C660004FF08053594AD3F82434C2F848354FF07C
:10C670008053564AD3F82834C2F84C354FF08053D3
:10C68000524AD3F82C34C2F850354FF080534F4AF9
:10C69000D3F83034C2F854354FF080534B4AD3F8B6
:10C6A0003434C2F860354FF08053484AD3F83834F8
:10C6B000C2F864354FF08053444AD3F83C34C2F892
:10C6C00068354FF08053414AD3F84034C2F86C3596
:10C6D0004FF080533D4AD3F84434C2F87035FFF729
:10C6E000EDFD0346002B05D0394B1B68394A03F09A
:10C6F0004F031360FFF72EFE0346002B0DD04FF0C3
:10C700008043D3F8003403F00103002B05D04FF031
:10C7100080436FF00102C3F80024FFF767FE034671
:10C72000002B05D02C4B1B682B4A43F4806313600D
:10C730002A4BD3F88830294A43F47003C2F8883072
:10C74000BFF34F8F00BFBFF36F8F00BFFFF7BEFE79
:10C750004FF01023D3F80032002B05DB4FF01023ED
:10C76000D3F80432002B15DA0120FFF7CBFE4FF08F
:10C7700010231522C3F80022FFF7B8FE4FF0102354
:10C780001522C3F80422FFF7B1FE0020FFF7BAFE1E
:10C79000FFF760FBFFF7C4FE00BF08BD24030010D5
:10C7A0004035014074C007400DF0ADBA440200109E
:10C7B0003C050040F0ED00E0A005004010560040B0
:10C7C00088560040185600401456004000C00040F3
:10C7D00058020010E40E00403C17004000ED00E05D
:10C7E0006DDF704700BF184679DF704700BF1846FD
:10C7F0007DDF704700BF184664DF704700BF1846F2
:10C8000082B003460091ADF80630BDF80630DAB2CA
:10C81000009B1A70BDF806301B0A9AB2009B0133C8
:10C82000D2B21A700223184602B0704700B589B020
:10C83000039002911346ADF80630029B1B8803F16A
:10C840000902BDF806309A4201D90C2353E004AB2B
:10C850001846FFF7C5FF0790079B0693069B002B22
:10C8600001D0069B47E0029B1B881A46039B13449A
:10C8700008221A70029B1B8801339AB2029B1A800D
:10C88000029B1B881A46039B13441B221A70029BAF
:10C890001B8801339AB2029B1A80029B1B881A469E
:10C8A000039B981804AB0133062219460EF044F896
:10C8B000029B1B8806339AB2029B1A809DF81030A7
:10C8C00023F00103DBB2002B07D1029B1B881A4621
:10C8D000039B134400221A7006E0029B1B881A4631
:10C8E000039B134401221A70029B1B8801339AB2E6
:10C8F000029B1A800023184609B000BD00B589B01C
:10C90000039002910192ADF80230039B1B78012B3A
:10C9100005D1039B5B78002B01D1072391E0019B9C
:10C920001B889A1CBDF802309A420ED8039B1B78D4
:10C93000012B0CD1019B1B881A46039B5B78134487
:10C940009A1CBDF802309A4201D90C2379E0019B70
:10C950001B88BDF80220D31A9BB2023BADF81C30F5
:10C96000BDF81C30ADF81230019B1B880233029ACF
:10C9700013440DF1120211461846FFF739FF0690D5
:10C98000069B0593059B002B01D0059B59E0039B5B
:10C990001B78022B06D0039B5B781A46BDF8123039
:10C9A0009A4209D3BDF81230BDF81C209A4203D335
:10C9B00009238DF81F3016E008238DF81F30039BE4
:10C9C0001B78012B0BD1039B5B781A46BDF81C30FA
:10C9D000934204D3039B5B78ADF8123003E0BDF8BB
:10C9E0001C30ADF81230BDF81230FE2B01D90C23EB
:10C9F00027E0BDF81230DAB2019B1B881946029B72
:10CA00000B440132D2B21A70019B1B8801339AB2D7
:10CA1000019B1A80019B1B881A46029B13449DF8B8
:10CA20001F201A70019B1B8801339AB2019B1A8048
:10CA3000019B1A88BDF8123013449AB2019B1A80E8
:10CA40000023184609B000BD00B589B003900291DB
:10CA50001346ADF80630029B1B881A1DBDF8063040
:10CA60009A4201D90C233AE00DF116031846FFF75C
:10CA7000BBFE0790079B0693069B002B01D0069BED
:10CA80002DE0029B1B881A46039B134403221A7055
:10CA9000029B1B8801339AB2029B1A80029B1B885F
:10CAA0001A46039B134419221A70029B1B880133F8
:10CAB0009AB2029B1A80BDF81620029B1B88194669
:10CAC000039B0B4419461046FFF79AFE03461A468D
:10CAD000029B1B8813449AB2029B1A8000231846BB
:10CAE00009B000BD84B0029101921A4603468DF848
:10CAF0000F301346ADF80C30019B1B88DA1CBDF8D3
:10CB00000C309A4201D90C2328E0019B1B881A465D
:10CB1000029B134402221A70019B1B8801339AB2B4
:10CB2000019B1A80019B1B881A46029B1344012219
:10CB30001A70019B1B8801339AB2019B1A80019BDA
:10CB40001B881A46029B13449DF80F201A70019B04
:10CB50001B8801339AB2019B1A800023184604B047
:10CB6000704784B0029101921A4603468DF80F3047
:10CB70001346ADF80C30019B1B88DA1CBDF80C3055
:10CB80009A4201D90C2328E0019B1B881A46029B7C
:10CB9000134402221A70019B1B8801339AB2019B35
:10CBA0001A80019B1B881A46029B13440A221A70A2
:10CBB000019B1B8801339AB2019B1A80019B1B8841
:10CBC0001A46029B13449DF80F201A70019B1B8884
:10CBD00001339AB2019B1A800023184604B07047B3
:10CBE00000B58DB0039001930B468DF80B301346C2
:10CBF0008DF80A3000238DF82B300E9B1B88ADF882
:10CC0000283000230B9372E0039B5A680B9B9B0018
:10CC10001A4404AB106818600DF1170104AB002230
:10CC20001846FFF7E9FD0890089B0793079B002B28
:10CC300001D0079B7DE09DF817309DF80A209A42AD
:10CC400052D19DF82B30002B03D000238DF82A30D1
:10CC500002E002238DF82A300E9B1B881A469DF8AD
:10CC600017301A449DF82A301A44BDF83C309A42D5
:10CC700001DD0C235DE09DF82B3083F00103DBB276
:10CC8000002B16D00E9B1B8801339AB20E9B1A8084
:10CC90000E9B1B881A46019B13449DF80B201A70AB
:10CCA0000E9B1B8801339AB20E9B1A8001238DF8CC
:10CCB0002B300E9B1B881A46019B1A440DF117015D
:10CCC00004AB1846FFF798FD0890089B0693069B57
:10CCD000002B01D0069B2CE00E9B1B889DF8172093
:10CCE00013449AB20E9B1A800B9B01330B93039B48
:10CCF0001B881A460B9B934286DB9DF82B30002B3A
:10CD000016D00E9B1A88BDF82830D31A9BB2013B6F
:10CD1000ADF82630BDF82630FF2B01D90C2308E0F2
:10CD2000BDF82830019A1344BDF82620D2B21A70FB
:10CD3000002318460DB000BD00B58BB005900393DD
:10CD40000B468DF8133013468DF812309DF81310F2
:10CD5000BDF8343001930C9B0093039B022205988D
:10CD6000FFF73EFF0990099B0893089B002B01D019
:10CD7000089B14E09DF81210BDF8343001930C9B11
:10CD80000093039B10220598FFF72AFF0990099B47
:10CD90000793079B002B01D0079B00E00023184658
:10CDA0000BB000BD82B00190019B1B88052B0AD9F6
:10CDB000019B1B88B3F5486F07D9019B1B884FF671
:10CDC000FF72934201D0072325E0019B5B88052B6E
:10CDD0000AD9019B5B88B3F5486F07D9019B5B8833
:10CDE0004FF6FF72934201D0072314E0019B1B888A
:10CDF0004FF6FF7293420DD0019B5B884FF6FF7296
:10CE0000934207D0019B1A88019B5B889A4201D903
:10CE1000072300E00023184602B0704700B587B032
:10CE2000039002910192ADF80230019B1B889A1D7C
:10CE3000BDF802309A4201D90C234BE00398FFF76A
:10CE4000B1FF0590059B0493049B002B01D0049B2C
:10CE500040E0019B1B881A46029B134405221A706E
:10CE6000019B1B8801339AB2019B1A80019B1B888E
:10CE70001A46029B134412221A70019B1B8801332D
:10CE80009AB2019B1A80039B1A88019B1B88194642
:10CE9000029B0B4419461046FFF7B2FC03461A46A4
:10CEA000019B1B8813449AB2019B1A80039B5A88EA
:10CEB000019B1B881946029B0B4419461046FFF73D
:10CEC0009FFC03461A46019B1B8813449AB2019BA0
:10CED0001A800023184607B000BD00B587B0039044
:10CEE00002910192ADF80230039B9B8802330593B7
:10CEF000019B1B881A46059B13449A1CBDF80230FF
:10CF00009A4201D90C2353E0059BFE2B01D90C2337
:10CF10004EE0059BDAB2019B1B881946029B0B442D
:10CF20000132D2B21A70019B1B8801339AB2019B65
:10CF30001A80019B1B881A46029B1344FF221A7019
:10CF4000019B1B8801339AB2019B1A80039B1A88AC
:10CF5000019B1B881946029B0B4419461046FFF79C
:10CF60004FFC03461A46019B1B8813449AB2019B4F
:10CF70001A80039B9B88002B19D0039B9B68002B76
:10CF800001D1072314E0019B1B881A46029B9818C5
:10CF9000039B9968039B9B881A460DF0CDFC019B6F
:10CFA0001A88039B9B8813449AB2019B1A80002322
:10CFB000184607B000BD00B589B0039002910192F8
:10CFC000ADF80230039B9B6A002B01D1072371E06F
:10CFD00000238DF81F3065E0039B996A9DF81F20A0
:10CFE00013465B0013449B000B440693069B9B88EF
:10CFF00002330593059BFE2B01D90C235AE0059BB8
:10D00000DAB2019B1B881946029B0B440132D2B253
:10D010001A70019B1B8801339AB2019B1A80019BF5
:10D020001B881A46029B134416221A70019B1B8808
:10D0300001339AB2019B1A80069B1A88019B1B88B8
:10D040001946029B0B4419461046FFF7D9FB0346CD
:10D050001A46019B1B8813449AB2019B1A80069BB7
:10D060009B88002B19D0069B9B68002B01D10723BE
:10D0700020E0019B1B881A46029B9818069B996822
:10D08000069B9B881A460DF057FC019B1A88069B4D
:10D090009B8813449AB2019B1A809DF81F3001337C
:10D0A0008DF81F30039B93F82C309DF81F209A4277
:10D0B00092D30023184609B000BD00B595B0059085
:10D0C0000491039200231393039B1B88ADF84A300D
:10D0D000039B00221A80059B93F82D30002B0ED065
:10D0E000BDF84A301A4603990498FFF79FFB139046
:10D0F000139B1193119B002B01D0119BD8E0059B32
:10D100009B78002B0ED0BDF84A301A46039904983C
:10D11000FFF79AFC1390139B1093109B002B01D0E8
:10D12000109BC5E0059BDB78002B10D0059BDB78BE
:10D1300058B2BDF84A30039A0499FFF7D3FC139014
:10D14000139B0F930F9B002B01D00F9BB0E0059B0F
:10D150005B68002B11D0059B5B6893F90000BDF85C
:10D160004A30039A0499FFF7FCFC1390139B0E932B
:10D170000E9B002B01D00E9B9AE0059B1B89002B78
:10D1800014D0059B03F10800BDF84A300193039BBE
:10D190000093049B06220221FFF7CEFD1390139B00
:10D1A0000D930D9B002B01D00D9B81E0059B1B8AED
:10D1B000002B14D0059B03F11000BDF84A300193F9
:10D1C000039B0093049B07220321FFF7B5FD1390F7
:10D1D000139B0C930C9B002B01D00C9B68E0059BD0
:10D1E0001B8B002B14D0059B03F11800BDF84A30AF
:10D1F0000193039B0093049B15221421FFF79CFDD0
:10D200001390139B0B930B9B002B01D00B9B4FE0B8
:10D21000059B1B6A002B0FD0059B186ABDF84A308E
:10D22000039A0499FFF7FAFD1390139B0A930A9B44
:10D23000002B01D00A9B3BE0059B5B6A002B0FD0C3
:10D24000059B586ABDF84A30039A0499FFF745FEDA
:10D250001390139B0993099B002B01D0099B27E096
:10D26000059B93F82C30002B0ED0BDF84A30039A62
:10D2700004990598FFF79FFE1390139B0893089B52
:10D28000002B01D0089B13E0059B1B78002B0ED0D0
:10D29000BDF84A30039A04990598FFF72FFB1390C5
:10D2A000139B0793079B002B01D0079B00E0139B68
:10D2B000184615B000BD86B0039001921A460B4681
:10D2C000ADF80A3013468DF80930039B002B02D0CD
:10D2D000019B002B01D100235CE00023ADF8163048
:10D2E0000CE0BDF81630039A13441B781A46BDF8BB
:10D2F000163013449BB20133ADF81630BDF816302A
:10D300005A1CBDF80A309A420FDA019B1B88BDF8FF
:10D3100016209A42E5D3BDF816300133039A134420
:10D320001B789DF809209A42DBD1BDF81620BDF884
:10D330000A309A4201D300232CE0BDF816300233A4
:10D34000ADF81230BDF81630039A13441B78002B49
:10D3500008D0BDF81630039A13441B78013BADF892
:10D36000143002E00023ADF81430BDF81430002B67
:10D3700008D0BDF81220BDF814301A44BDF80A30A8
:10D380009A4201DD002305E0019BBDF812201A80BE
:10D39000BDF81430184606B0704700B585B001904E
:10D3A0000B46ADF8023013468DF801300023ADF87E
:10D3B0000C309DF8013003AABDF802100198FFF768
:10D3C0007AFF0346ADF80E30BDF80E30002B01D1C8
:10D3D000002304E0BDF80C301A46019B13441846A4
:10D3E00005B000BD72DF704700BF184673DF70479D
:10D3F00000BF184682B00190019B93F83034184664
:10D4000002B0704784B00190002303930AE0019AB0
:10D41000039B13441B78002B01D0012306E0039BE0
:10D4200001330393039B052BF1D90023184604B065
:10D430007047000082B003468DF807309DF8073032
:10D440005A1C074B83FB02135910D317C91A0B46FA
:10D450009B000B44D11ACBB2184602B0704700BFF4
:10D460006766666682B001900091009BDB7B012BB2
:10D4700004D1009B9A88019BA3F8242400BF02B02A
:10D48000704700B585B001900091019B002283F8A0
:10D490002E24009B9A88019BB3F824349A4216D11B
:10D4A000019B1B7983F00103DBB2002B0FD001211C
:10D4B000019800F0A7FA0390039B002B07D0019B73
:10D4C0009B6B002B03D0019B9B6B0398984700BF7D
:10D4D00005B000BD00B585B001900091009B1B8890
:10D4E000262B1ED1009B1B7A012B03D0009B1B7A9D
:10D4F000022B17D1019B9B781846FFF79BFF034631
:10D500001946019800F07EFA0390039B002B09D086
:10D51000019B9B6B002B05D0019B9B6B039898474D
:10D5200000E000BF05B000BD00B585B001900B461E
:10D530008DF80330019B03F227431846FFF762FF83
:10D5400003468DF80F309DF80330042B2CD0042BAC
:10D5500030DC032B22D0032B2CDC012B02D0022B3E
:10D5600012D027E0019B9B79002B0DD0019B93F8F3
:10D57000243083F00103DBB2002B05D09DF80F307F
:10D58000002B01D0012316E0019BDB79002B05D095
:10D590009DF80F30002B01D002230CE0019B1B7A79
:10D5A000002B01D0032306E0019B5B7A002B01D006
:10D5B000042300E00023184605B000BD82B00190AE
:10D5C0000091019B012283F83120019B0022C3F8C6
:10D5D0002024019B03F22642009B5A60009B0022FC
:10D5E0009A60009B02221A70009B80229A8100237D
:10D5F000184602B0704782B001900091019B022250
:10D6000083F83120019B93F82430002B03D0009B3A
:10D6100007221A7002E0009B03221A70019B1B690B
:10D620009AB2009B9A81019B0022C3F82024019B9F
:10D6300003F22642009B5A60019BDA68009B9A60C5
:10D640000023184602B0704700B583B00190019BDB
:10D650005B79002B0FD0019B93F82E3483F00103EC
:10D66000DBB2002B07D00198FFF7C4FE0346002B66
:10D6700001D0012300E0002303F00103DBB21846D0
:10D6800003B000BD00B585B001900B468DF80330A6
:10D69000019BD3F81004019BB3F8143401221946FE
:10D6A000FFF77BFE0390039B002B03D0039B9DF8A9
:10D6B00003201A70019B03F15400019B03F5826162
:10D6C000019B3C331A46FFF78DFE0346184605B012
:10D6D00000BD00B585B001900091019B5A69009B87
:10D6E0009A60019B9B699AB2009B9A81019B93F877
:10D6F0002430002B04D0019B062283F83C2003E059
:10D70000019B012283F83C200198FFF79DFF03460F
:10D71000002B13D0009B02221A7504210198FFF7F9
:10D72000B1FF0390039B0293029B002B01D0029B4D
:10D730000FE0019B052283F8312003E0019B0322C7
:10D7400083F83120019B03F58262019BC3F82024FA
:10D750000023184605B000BD00B585B001900091CA
:10D76000019BDA69009B9A60019B1B6A9AB2009B3D
:10D770009A81019B93F82430002B04D0019B062250
:10D7800083F83C2003E0019B012283F83C200198B0
:10D79000FFF75AFF0346002B13D0009B02221A7595
:10D7A00004210198FFF76EFF0390039B0293029BF5
:10D7B000002B01D0029B0FE0019B062283F8312051
:10D7C00003E0019B042283F83120019B03F5826270
:10D7D000019BC3F820240023184605B000BD82B089
:10D7E0000190019B9B78002B06D0019B93F8203081
:10D7F000002B01D000230AE0019B9B6A042B03D07D
:10D80000019B5B6A042B01D1002300E00123184631
:10D8100002B0704784B00190019B93F82430002B34
:10D8200003D0EE23ADF80E3002E01F23ADF80E302A
:10D83000BDF80E30184604B0704782B001900B4618
:10D840008DF80330019B9DF8032083F8302000BF42
:10D8500002B0704730B587B001900091009B002B5B
:10D8600002D0019B002B01D10E23B8E0009B78333E
:10D870001846FFF7B4FF034683F00103DBB2002B29
:10D8800001D00723ABE0019B00229A70019A009B14
:10D89000141D03F178050FCD0FC40FCD0FC495E80B
:10D8A000070084E80700019B002283F83020009BDA
:10D8B000D3F8A420019B5A63009BD3F8A820019BB6
:10D8C0009A63019B4FF6FF72A3F82424019B03F592
:10D8D0008262019BC3F82024019B03F226430722A6
:10D8E000002118460DF05AF8019B1B7883F00103C4
:10D8F000DBB2002B03D0019BFF2283F85420019B55
:10D9000003F15502019BC3F810240198FFF782FF31
:10D9100003461A46019BA3F814240098019B03F1C7
:10D920005501019B03F214431A46FFF7C6FB05900D
:10D93000059B0493049B002B01D0049B4FE0019BAB
:10D9400003F23122019BC3F818240198FFF762FF0C
:10D9500003461A46019BA3F81C24009B03F13C00DC
:10D96000019BD3F81814019B03F21C431A46FFF7DE
:10D97000A4FB0590059B0393039B002B01D0039B05
:10D980002DE0019B012283F85120019B9B699AB2F3
:10D99000019BA3F84820019B012283F83C20019BB6
:10D9A00000221A64019B002283F85020019B5A69CF
:10D9B000019B5A64019B03F15400019B3C331A46BE
:10D9C0000021FFF70FFD0590059B0293029B002BA2
:10D9D00001D0029B03E0019B01221A70059B1846AF
:10D9E00007B030BD82B00190019B1B68012B03D0B2
:10D9F000019B1B68022B01D1012300E00023184684
:10DA000002B0704700B585B001900B468DF8033029
:10DA1000019B1B7883F00103DBB2002B01D00823AC
:10DA20000AE1019B9DF803209A70019B03F22643B3
:10DA30000722002118460CF0B1FF019B9B79002BB7
:10DA400003D0019B9B78012B0FD0019BDB79002B2E
:10DA500003D0019B9B78012B07D0019BDB79002B26
:10DA600014D0019B9B78022B10D1019B5B6B002B88
:10DA700008D0019B012283F82D24019B5B6B0820B9
:10DA8000984703E0019B002283F82D249DF8033082
:10DA900019460198FFF748FD03461A46019B9A7004
:10DAA000019B5B6B002B20D0019B9B78032B03D049
:10DAB000019B9B78042B18D1019B5B79002B14D020
:10DAC000019B93F82E3483F00103DBB2002B0CD0C2
:10DAD000019B002283F83024019B012283F82F242C
:10DAE000019B5B6B0720984703E0019B002283F8B2
:10DAF0002F24019B3C331822002118460CF04EFFC6
:10DB0000019B012283F83C20019B2C331846FFF730
:10DB100069FF0346002B06D0019BDB6ADAB2019B4A
:10DB200083F8512003E0019B012283F85120019BDF
:10DB300093F82430002B12D0019B28331846FFF7AE
:10DB400051FF0346002B06D0019B9B6ADAB2019B72
:10DB500083F8522003E0019B012283F85220019BAD
:10DB6000002283F85020019B9B78042B25D0042BA6
:10DB700030DC032B19D0032B2CDC022B0DD0022B15
:10DB800028DC002B21D0012B24D1019B3C331946EA
:10DB90000198FFF713FD03901DE0019B3C331946EC
:10DBA0000198FFF728FD039015E0019B3C331946CF
:10DBB0000198FFF78EFD03900DE0019B3C33194661
:10DBC0000198FFF7C9FD039005E0019B002283F84F
:10DBD000312000E000BF019B9B78002B20D0019BEF
:10DBE00003F15400019BD3F82014019B3C331A46E7
:10DBF000FFF7F8FB0390039B002B01D0039B1BE076
:10DC0000019B93F85420019B93F83030194610463D
:10DC1000FFF7ECFB0390039B002B01D0039B0BE071
:10DC2000019B5B6B002B06D0019B5B6B019A92F80A
:10DC30003120104698470023184605B000BD00B5B6
:10DC400085B001900091009B0393019B1B88262BBC
:10DC500010D0262B13DC102B02D0112B05D00EE098
:10DC600001990398FFF7FEFB0AE001990398FFF77B
:10DC700008FC05E001990398FFF72CFC00E000BFC9
:10DC800000BF05B000BD00B58DB0039002910192B8
:10DC9000039B002B01D10E237FE0039B1B7883F0B5
:10DCA0000103DBB2002B01D0082376E0029B002B9E
:10DCB00004D1019B002B01D10E236EE004AB102296
:10DCC000002118460CF06AFE029B002B23D0039B18
:10DCD000D3F820341A68039B55339A4202D0039B31
:10DCE000553302E0039B03F2431304930398FFF7B9
:10DCF00091FD0346ADF81430049904AB04331A4681
:10DD00000298FFF7DAF90B900B9B0A930A9B002B02
:10DD100001D00A9B41E0019B002B25D0039BD3F847
:10DD200020349A68039B03F231239A4203D0039B69
:10DD300003F2312302E0039B03F21F33069303989F
:10DD4000FFF768FD0346ADF81C30069904AB0C33B1
:10DD50001A460198FFF7B1F90990099B0893089BAF
:10DD6000002B01D0089B18E0039B03F5826304A9F4
:10DD7000102218460CF0E0FD039B03F58262039B22
:10DD8000C3F82024039B03F15400039BD3F82034F1
:10DD900000221946FFF726FB034618460DB000BDCA
:10DDA00075DF704700BF184676DF704700BF184622
:10DDB0007ADF704700BF18467BDF704700BF184608
:10DDC00084B00346ADF806300023039316E00F49F4
:10DDD000039A13469B0013449B000B441B88BDF819
:10DDE00006209A4207D1039A13469B0013449B00D6
:10DDF000064A134406E0039B01330393039B002B65
:10DE0000E5D00023184604B0704700BF384E00200C
:10DE100082B001900B46ADF80230019BBDF80220A4
:10DE20001A80019B00221A72019B054903F10A0224
:10DE30000B4603CB1060516000BF02B0704700BFBB
:10DE4000684E002082B00190019B4FF6FF721A804D
:10DE500000BF02B0704788B00390029111461A4685
:10DE60000B46ADF806301346ADF80430039B9B8893
:10DE70001A46BDF8063013440793039B9B88194646
:10DE8000039B9B88BDF80620934228BF13469BB294
:10DE9000CB1A0693039BDB881A46BDF80430134463
:10DEA0000593039BDB881946039BDB88BDF80420A0
:10DEB000934228BF13469BB2CB1A0493029B5A8805
:10DEC000039B1B889A4205D3029B5A88039B5B885D
:10DED0009A4201D900231CE0029B9B881A46069BAC
:10DEE000934205D8029B9B881A46079B934201D216
:10DEF00000230EE0029BDB881A46049B934205D860
:10DF0000029BDB881A46059B934201D2002300E066
:10DF10000123184608B0704700B583B00190054B47
:10DF20009B69002B03D0034B9B690198984700BF66
:10DF300003B000BD4C4E002000B585B003460091F3
:10DF4000ADF80630BDF8063000991846FFF728FFF7
:10DF50000390039B002B05D0039B112B02D0039849
:10DF6000FFF7DAFF039B002B0CBF01230023DBB27A
:10DF7000184605B000BD000000B589B00190019BB6
:10DF80000793079B9BB21846FFF71AFF0690069B64
:10DF9000002B42D0069B1A7A214B1B7B9A4215D24A
:10DFA000079B9AB2069B0A3319461046FFF7C4FF37
:10DFB00003468DF813309DF81330002B2DD0069BAF
:10DFC0001B7A0133DAB2069B1A7226E0069B002206
:10DFD0001A72134B1B7C002B0FD0079B9BB23B216B
:10DFE0001846FFF7E1FE0590059B002B05D0059B29
:10DFF000082B02D00598FFF78FFF094B5B69002BB8
:10E000000BD000238DF80C30079B9BB2ADF80E307F
:10E01000034B5B6903AA1046984700BF09B000BDD7
:10E020004C4E002030B587B00190019B002B01D1F0
:10E030000E2353E02B4A019B14461D460FCD0FC4FF
:10E0400095E8070084E80700264B274A1A60019BE1
:10E050001B68002B11D0019B1B681846FFF7A8FE18
:10E060000490049B002B01D0049B37E0019B1A68AD
:10E070001D4B1068516803C308E01B48FFF79CFE66
:10E080000490049B002B01D0049B27E00023059300
:10E0900020E0059A13469B0013449B00134A134447
:10E0A00003930398FFF7CEFE059B5B01104A1A44C9
:10E0B000039B5A60039B04330E4A0021184606F066
:10E0C00009FF0490049B002B01D0032306E0059B6D
:10E0D00001330593059B002BDBD00023184607B0C6
:10E0E00030BD00BF4C4E0020684E0020384E00204E
:10E0F000184E002079DF020000B587B0034600917A
:10E10000ADF80630009B5B7A002B1AD1009B1B7A7E
:10E11000002B03D1164B5B68059302E0144B9B6800
:10E120000593009B5B68BDF806200599184606F02C
:10E130000BFF0490049B002B16D00498FFF7ECFE15
:10E1400012E0009B00221A72094B5B69002B0BD076
:10E1500001238DF80C30BDF80630ADF80E30044BBD
:10E160005B6903AA1046984700BF07B000BD00BF17
:10E170004C4E002000B585B00190019BDB7B8DF8F3
:10E180000F30019B9B88ADF80C309DF80F30012BB0
:10E190002CD14FF6FF70FFF713FE0290029B002B6D
:10E1A00003D10420FFF7B8FE21E0BDF80C3019467A
:10E1B0000298FFF72DFE029B03F10A00019B03F179
:10E1C00010014FF6FF7340F2F312FFF744FE0346CF
:10E1D0001A46029B5A72074BDB89002B07D1BDF808
:10E1E0000C3002991846FFF787FF00E000BF05B02A
:10E1F00000BD00BF4C4E002000B587B00190019BD0
:10E200009B88ADF81630BDF816301846FFF7D8FDDC
:10E210000490049B002B0ED0049B5B68184606F00C
:10E22000EBFE0390039B002B02D00398FFF774FED4
:10E230000498FFF707FE00BF07B000BD00B587B028
:10E240000190019B06330593059B1A88194BDB89C6
:10E250009A422BD1059B5B89022B27D1019B9B887E
:10E26000ADF81230BDF812301846FFF7A9FD039043
:10E27000039B002B1AD0059B0C33184601F049F97B
:10E280000346002B06D0BDF8123003991846FFF75D
:10E2900033FF0BE0039B5B68184606F0ADFE02906F
:10E2A000029B002B02D00298FFF736FE00BF07B09A
:10E2B00000BD00BF4C4E002000B585B00190019B11
:10E2C0009B88ADF80E30BDF80E301846FFF778FD8C
:10E2D0000290029B002B15D0029B03F10A00019BC8
:10E2E00003F108014FF6FF7340F2F312FFF7B3FD9D
:10E2F00003461A46029B5A72BDF80E300299184620
:10E30000FFF7FAFE00BF05B000BD00B583B0019075
:10E310000091019B1B88502B12D0502B18DC122B24
:10E3200012D0122B14DC102B02D0112B04D00FE0D2
:10E330000198FFF71FFF0CE00198FFF75DFF08E071
:10E340000198FFF77BFF04E00198FFF7B5FF00E0BD
:10E3500000BF00BF03B000BD30B58FB00190009189
:10E3600000230293009B002B1AD000230D9314E08E
:10E370006B460D99184607F08BFC0346002B09D01D
:10E38000029B5A1C02920D9A92B25B0038336B4486
:10E3900023F82C2C0D9B01330D930D9B132BE7D9E8
:10E3A000019B1D4602AC0FCC0FC50FCC0FC594E8E6
:10E3B000070085E8070001980FB030BD00B583B0B5
:10E3C0000346ADF80630BDF80630132B01D9002303
:10E3D0000CE0BDF806301946064807F02AFCBDF8E7
:10E3E00006301946044807F024FC0123184603B000
:10E3F00000BD00BF784E0020744E002000B585B0EF
:10E400000346ADF80630002303930DE0039B9B0009
:10E41000094A13440433BDF806201146184607F094
:10E420001FFC039B01330393039B1D2BEED900BFFD
:10E4300000BF05B000BD00BF704E002000B583B026
:10E440000346ADF80630BDF806301946024807F01D
:10E4500007FC00BF03B000BD784E002030B59BB074
:10E46000184B9B68DB431893164B5A6818AB114640
:10E47000184607F07EFC189A6B4611461846FFF7BF
:10E480006BFF0DAC6D460FCD0FC40FCD0FC495E8DB
:10E49000070084E80700002319930BE0199B5B0039
:10E4A00068336B4433F8303C1846FFF7A7FF199BDD
:10E4B000013319930D9B199A9A42EFD300BF00BF05
:10E4C0001BB030BD704E002000B583B001900B46EC
:10E4D000ADF8023013468DF801309DF80130002B65
:10E4E00006D0BDF802301946019807F0A2FB05E0FE
:10E4F000BDF802301946019807F0B2FB00BF03B027
:10E5000000BD000000B585B001900091019B9B8883
:10E51000ADF80E30019B1B881A2B2ED01A2B71DC04
:10E52000192B59D0192B6DDC102B02D0112B1ED0BA
:10E5300068E0FFF793FFBDF80E301846FFF73EFF87
:10E54000034683F00103DBB2002B05D02F4AF021F4
:10E55000042006F0DFF852E0019BDB7B022B4ED15A
:10E56000BDF80E3019462A4807F063FB47E0BDF8B6
:10E570000E301846FFF762FF44E0019B1B7AC3F39D
:10E580000313DBB28DF80D309DF80D30032B8CBFDB
:10E5900001230023DAB2BDF80E3019461D48FFF7FB
:10E5A00093FF9DF80D30022B8CBF01230023DAB2BC
:10E5B000BDF80E3019461848FFF786FF9DF80D305C
:10E5C000012B8CBF01230023DAB2BDF80E301946AF
:10E5D0001248FFF779FF15E0019B1B7A002B10D141
:10E5E000019B5B7AC3F3C0038DF80C309DF80C20BF
:10E5F000BDF80E3019460748FFF766FF01E000BF7F
:10E6000000E000BF00BF05B000BD00BF98BE030022
:10E610007C4E0020884E0020844E0020804E00203A
:10E6200000B583B00346ADF80630BDF80630132BB5
:10E6300001D9002306E0BDF806301946034807F06B
:10E6400027FB0346184603B000BD00BF744E0020F0
:10E6500000B583B00346ADF80630BDF80630184665
:10E66000FFF7DEFF0346002B02D0BDF8063000E0C6
:10E670001423184603B000BD84B001900023039317
:10E6800016E0104A039B9B0013449A78019B9B78E9
:10E690009A420AD10B4A039B32F82320019B1B8824
:10E6A0009A4202D1084B1B6808E0039B0133039395
:10E6B000064B1B68039A9A42E3D30023184604B022
:10E6C000704700BFEC4E0020044F00200C4F00208C
:10E6D00000B583B0019000910198FFF7CDFF03468C
:10E6E000002B01D0002314E00B4B1B68052B0FD827
:10E6F000094B1B68094A01999B0013440A4610689C
:10E700001860054B1B680133034A1360002300E0C7
:10E710000423184603B000BD0C4F0020EC4E00202F
:10E7200000B585B001900023039311E0019A039B8B
:10E73000DB01134403F553731B68039AD20102F5FE
:10E74000347201990A4410469847039B013303939E
:10E75000054B1B68039A9A42E8D3019B0022C3F839
:10E76000CC2200BF05B000BD0C4F002000B5A3B007
:10E7700001900B46ADF8023003AB7C220021184615
:10E780000CF00CF9BDF80230ADF80E3003238DF813
:10E790000C30019B0493064B1B68002B04D0044BE8
:10E7A0001B6803AA1046984700BF23B000BD00BFF6
:10E7B000044F002000B5A7B0039002911346ADF8B6
:10E7C0000630039B93F8C6321A46762302FB03F306
:10E7D000039A13442593259B1846FFF74DFF249079
:10E7E000249B002B0CD001238DF81430BDF806308B
:10E7F000ADF81630029B069305AA249B1046984755
:10E8000000BF27B000BD00B587B00390029113464A
:10E81000ADF80630029B0593059B002283F8C822C1
:10E82000BDF806301A4603990598FFF7C3FFBDF8F7
:10E83000063019460598FFF799FF00BF07B000BDE5
:10E8400000B585B001900B468DF803301346ADF846
:10E850000030019B93F8C6321A46762302FB03F37D
:10E86000019A13440393039B1846FFF705FF029098
:10E87000029B002B52D0019BD3F8CC32052B4DD8F4
:10E88000019BD3F8CC32019ADB01134403F2D2236B
:10E89000BDF800201A80019BD3F8CC32019ADB012D
:10E8A000134403F53473039A043311467622184651
:10E8B0000CF042F89DF80330002B0AD0019BD3F8EE
:10E8C000CC32019ADB01134403F5347300221A7031
:10E8D00009E0019BD3F8CC32019ADB01134403F524
:10E8E000347302221A70019BD3F8CC32019ADB01F7
:10E8F000134403F55373029A1A60019BD3F8CC3288
:10E900005A1C019BC3F8CC22019BD3F8CC22054BA7
:10E910001B689A4202D10198FFF702FF00BF05B0C1
:10E9200000BD00BF0C4F002000B58DB001900B461C
:10E93000ADF8023002AB2022002118460CF02EF870
:10E94000019B93F8C7320133DAB2019B83F8C722E7
:10E95000019B93F8C7321A462A4B1B689A4244D24D
:10E96000019B002283F8C522019B93F8C632013334
:10E97000DAB2019B83F8C622019B93F8C6321A468D
:10E98000762302FB03F3019A13440B93019B93F844
:10E99000C6320B991C4A9B001344186808600B9BF5
:10E9A00000221A7102238DF808300123ADF81830C7
:10E9B0000B9A0DF11A0312681A60019B0593134B11
:10E9C0000493134B1B68BDF8022002A9184601F0FE
:10E9D0001FFD0A900A9B002B11D0BDF802301A4689
:10E9E00001990A98FFF70FFF09E0019B002283F8C5
:10E9F000C822BDF8023019460198FFF7B7FE0DB0E6
:10EA000000BD00BF0C4F0020EC4E002007E80200C4
:10EA1000084F002082B001900091009B1A89019B51
:10EA200093F8C63218460199762300FB03F30B4492
:10EA300008331B889A4201D2012300E000231846C4
:10EA400002B0704784B00390029101920093019B41
:10EA5000002B25D1029B1A89039B93F8C6321846D6
:10EA60000399762300FB03F30B4408331B889A4277
:10EA700001D100232AE0029B1B8901339AB2009B3B
:10EA80001A80039B93F8C6321946039A762301FB3A
:10EA900003F3134408331A88009B5A80012315E0BE
:10EAA000029B1B890133019AD288934201D1002332
:10EAB0000CE0029B1B8901339AB2009B1A80019BD8
:10EAC000DB88013B9AB2009B5A800123184604B0B0
:10EAD0007047000000B58FB001900B46ADF80230D2
:10EAE00002AB2022002118460BF058FF0AAB04228B
:10EAF000002118460BF052FF019B93F8C6321A46CC
:10EB0000762302FB03F3019A13440D93019B93F8C0
:10EB1000C532002B21D0019B93F8C532013B8DF803
:10EB20003330019B93F8C6321A46762302FB03F377
:10EB3000019A13440D939DF833201346DB001344D0
:10EB40005B0008330D9A134402330B930B9B1B8914
:10EB500001339BB2ADF8283003E00D9BDB88ADF8A4
:10EB600028300D9B1B89ADF82A3003238DF808301F
:10EB70000A9B0693019B0593064B0493064B1B6867
:10EB8000BDF8022002A9184601F042FC03461846CF
:10EB90000FB000BD07E80200084F002000B593B099
:10EBA000039002911346ADF8063000238DF84330F0
:10EBB00005AB2022002118460BF0F0FE039B93F8D2
:10EBC000C6321A46762302FB03F3039A13440E93CC
:10EBD000039B93F8C5321A461346DB0013445B00CF
:10EBE00008330E9A134402331193039B93F8C532F2
:10EBF00001330E9A1279934209D10DAB002211997B
:10EC00000398FFF71FFF03468DF843303DE0039B59
:10EC100093F8C5328DF8423031E09DF842200E9BCA
:10EC20001B79013B9A4202D100230F930BE09DF820
:10EC300042305A1C1346DB0013445B0008330E9A23
:10EC4000134402330F930DAB0F9A11990398FFF7FA
:10EC5000F9FE0346002B03D001238DF8433014E066
:10EC60000F9B1193039B93F8C5320133DAB2039BD8
:10EC700083F8C5229DF8423001338DF842300E9B57
:10EC80001B799DF842209A42C7D39DF8433083F008
:10EC90000103DBB2002B04D0029B01221A70002377
:10ECA00014E0029B00221A7004238DF814300D9B8F
:10ECB0000993039B0893074B0793074B1B68BDF809
:10ECC000062005A9184601F0A3FB0346184613B019
:10ECD00000BD00BF07E80200084F002000B587B064
:10ECE00001900091019B93F8C6321A46762302FBED
:10ECF00003F3019A13440393009B1A88019BB3F812
:10ED0000CA329A4261D1009B5B88002B4FD1009B95
:10ED100006330593039B059A0633063212681A6080
:10ED2000019B93F8C4328DF81330059B1B888DF836
:10ED300012309DF813209DF812301344062B0ADC84
:10ED4000019B93F8C4229DF812301344DAB2019B60
:10ED500083F8C42219E0019B062283F8C4221C4ACE
:10ED60001C4BD31ADB081B0443F002031A49184654
:10ED700009F078FD164A174BD31ADB081B0443F041
:10ED800002031649184609F06DFD009B1B881946C1
:10ED90000198FFF79FFE0290029B002B16D0009B6C
:10EDA0001B881A4601990298FFF72DFD0EE0009B83
:10EDB0001B881A4600210198FFF742FD009B1B8823
:10EDC00019460198FFF7B0FD00E000BF07B000BD95
:10EDD000A0AD030068AD0300ECBE03000CBF030050
:10EDE00000B58DB00190009100238DF82F30009B6D
:10EDF0001A88019BB3F8CA329A4240F0FC80019B0A
:10EE000093F8C6321A46762302FB03F3019A1344A1
:10EE10000893009B5B88002B40F0BC80009B06336E
:10EE20000793089B1B798DF81B30079B1B888DF877
:10EE30001A309DF81B209DF81A301344062B08DC6D
:10EE4000089B1A799DF81A301344DAB2089B1A719C
:10EE50001AE0089B06221A71684A694BD31ADB082C
:10EE60001B0443F00200089B1B881A46654909F001
:10EE700006FD624A624BD31ADB081B0443F002030F
:10EE80006149184609F0EEFC9DF81B300A930023F7
:10EE9000099345E008990A9A1346DB0013445B0086
:10EEA0000B4403F108010798099A13469B00134489
:10EEB0005B00C2188B1C02321068516818605960E0
:10EEC00012891A8108990A9A1346DB0013445B00E1
:10EED0000B44143300221A8008990A9A1346DB0067
:10EEE00013445B000B44163300221A8008990A9AD7
:10EEF0001346DB0013445B000B44183300221A80D6
:10EF000008990A9A1346DB0013445B000B441A333A
:10EF100000221A800A9B01330A93099B013309934B
:10EF2000089B1B791A460A9B9342B3D30A9B5A1E2D
:10EF30001346DB0013445B000833089A1344023382
:10EF4000059305990198FFF765FD034683F00103DA
:10EF5000DBB2002B03D1089B1B79062B03D10123C5
:10EF60008DF82F3019E0089B1A79019B83F8C52290
:10EF7000009B1B8819460198FFF7ACFD0490049B89
:10EF8000002B0AD0009B1B881A4601990498FFF7B2
:10EF90003AFC31E001238DF82F309DF82F30002B03
:10EFA0002AD0019B002283F8C522009B1A880DF10C
:10EFB0000F0319460198FFF7F1FD0490049B002B05
:10EFC00007D0009B1B881A4601990498FFF71BFC89
:10EFD00012E09DF80F30002B0ED0009B1B881A46C4
:10EFE00001210198FFF72CFC009B1B881946019812
:10EFF000FFF79AFC00E000BF0DB000BDA0AD03001C
:10F0000068AD030054BF03009CBF030000B589B086
:10F0100001900091009B1A88019BB3F8CA329A4272
:10F0200040F0CA80019B93F8C6321A46762302FB51
:10F0300003F3019A13440693009B06330593019B47
:10F0400093F8C5321A461346DB0013445B000833BD
:10F05000069A134402330493009B5B88002B6ED105
:10F060000023079363E00599079A13465B00134456
:10F070005B000B4404331B8842F60812934237D0DE
:10F0800042F6081293423FDC42F6021293420BD042
:10F0900042F60212934237DCB3F5245F10D042F6F9
:10F0A0000112934218D02FE00599079A13465B008E
:10F0B00013445B000B4402331A88049B5A8123E0FB
:10F0C0000599079A13465B0013445B000B44023317
:10F0D0001A88049B9A8117E00599079A13465B00EA
:10F0E00013445B000B4402331A88049BDA810BE063
:10F0F0000599079A13465B0013445B000B440233E7
:10F100001A88049B1A8200BF049B5B89002B0BD0DA
:10F11000049B9B89002B07D0049BDB89002B03D029
:10F12000049B1B8A002B09D1079B01330793059B86
:10F130001B881A46079B934295D300E000BF00232B
:10F140008DF80B30019B93F8C5320133069A127982
:10F15000934203D101238DF80B301BE0019B93F800
:10F16000C5320133DAB2019B83F8C522009B1A88AD
:10F170000DF10B0319460198FFF710FD0390039B57
:10F18000002B07D0009B1B881A4601990398FFF7B4
:10F190003AFB12E09DF80B30002B0ED0009B1B8831
:10F1A0001A4601210198FFF74BFB009B1B8819466B
:10F1B0000198FFF7B9FB00E000BF09B000BD0000F7
:10F1C00084B0019000230393019B002B01D10E23F7
:10F1D0001AE0019B1B68002B01D10E2314E0019B58
:10F1E0005B68002B01D10E230EE0094B00221A6050
:10F1F000084B01221A70019B1B68074A1360019B90
:10F200005B68064A1360039B184604B0704700BF52
:10F210000C4F0020104F0020044F0020084F00200A
:10F2200000B583B00190019B002B01D10E230FE0AC
:10F23000094B1B7883F00103DBB2002B01D00823BC
:10F2400006E0064B1B6819460198FFF741FA034692
:10F25000184603B000BD00BF104F0020044F00202F
:10F2600000B58FB001900B46ADF802304FF4BA6292
:10F27000002101980BF092FB03AB202200211846DD
:10F280000BF08CFB2D4B1B68BDF802201146184675
:10F2900001F05CF90D900D9B0C930C9B002B01D0A1
:10F2A0000C9B47E0019BBDF80220A3F8CA22019BFA
:10F2B0000022C3F8CC22019B002283F8C722019BC5
:10F2C000002283F8C622019B002283F8C522019BFD
:10F2D00093F8C6321A46762302FB03F3019A1344CD
:10F2E0000B93019B93F8C6320B99154A9B0013446C
:10F2F0001868086002238DF80C300123ADF81C302B
:10F300000B9A0DF11E0312681A60019B06930D4BB8
:10F3100005930A4B1B68BDF8022003A9184601F0AB
:10F3200077F80D900D9B002B03D1019B012283F8F0
:10F33000C8220D9B18460FB000BD00BF084F00202B
:10F34000EC4E002007E8020000B583B001900B46A8
:10F35000ADF80230019B002B01D10E231CE0104BB5
:10F360001B7883F00103DBB2002B01D0082313E0EC
:10F370000C4B1B68002B01D108230DE0019B93F877
:10F38000C832002B01D0112306E0BDF80230194627
:10F390000198FFF765FF0346184603B000BD00BFA4
:10F3A000104F00200C4F002082B001900091009B74
:10F3B0001A88019BB3F8CA329A4208D1019B0022F5
:10F3C00083F8C822019B4FF6FF72A3F8CA2200BF40
:10F3D00002B0704700B585B001900091019B002BF1
:10F3E00036D0009B002B33D01A4B1B7883F00103DF
:10F3F000DBB2002B2CD1009B0393019B1B88332B8A
:10F4000017D0332B23DC322B0CD0322B1FDC112BEB
:10F4100016D0302B1BD1019B043319460398FFF7FC
:10F420005DFC15E0019B043319460398FFF7D8FCF7
:10F430000EE0019B043319460398FFF7E7FD07E050
:10F44000019B043319460398FFF7AEFF00E000BFAD
:10F4500005B000BD104F002000B587B003900B46EB
:10F460000192ADF80A30019B002B01D10E2338E048
:10F47000019B00221A60039B002B01D10E2330E078
:10F48000039B1B68002B01D10E232AE0039BDB8822
:10F4900003F003039BB2002B01D0072321E0BDF84A
:10F4A0000A301846FFF7D4F803468DF817309DF858
:10F4B0001730142B01D1052313E0039B1B799DF812
:10F4C00017209A4201D304230BE0039B1B689DF88D
:10F4D00017200399C98801FB02F21A44019B1A60A4
:10F4E0000023184607B000BD82B00190019B1B7835
:10F4F0001AB2019B01331B781BB21B021BB21343D0
:10F500001BB29BB2184602B07047AADF704700BF1B
:10F51000184600B585B001900198FFF7E5FF034656
:10F52000ADF80E30BDF80E3003F00103DBB2184623
:10F5300005B000BD00B585B001900198FFF7D4FF7C
:10F540000346ADF80E30BDF80E3003F00203C3F3EE
:10F550004003DBB2184605B000BD82B003460091FF
:10F560008DF80730009A137823F00F031370009A78
:10F57000137823F0F00313709DF80730052B51D05A
:10F58000052B5DDC042B40D0042B59DC032B2FD042
:10F59000032B55DC022B1ED0022B51DC002B02D09A
:10F5A000012B0BD04CE0009A137823F00F0313705B
:10F5B000009A137823F0F003137040E0009A137858
:10F5C000012161F303031370009A1378012161F3A1
:10F5D0000713137033E0009A1378012161F30303DA
:10F5E0001370009A1378022161F30713137026E059
:10F5F000009A1378012161F303031370009A1378C2
:10F60000032161F30713137019E0009A13780221A4
:10F6100061F303031370009A1378012161F3071358
:10F6200013700CE0009A1378022161F30303137046
:10F63000009A1378022161F30713137000BF00BF13
:10F6400000BF02B0704700B595B003460291019229
:10F65000ADF80E30029B9B78002B03D101238DF86F
:10F660001E3003E0029B9B788DF81E30029B1B88A6
:10F67000ADF81C3006AB0322002118460BF08EF9C2
:10F68000029B5B7C06AA11461846FFF766FF029BA9
:10F690009A7C06AB013319461046FFF75EFF029BCA
:10F6A000DA7B9DF81A3062F3C3038DF81A30029B9F
:10F6B0001A7C9DF81A3062F304138DF81A30029BFD
:10F6C0001A7B9DF81A3062F300038DF81A30029B02
:10F6D0001B7D002B01D0022200E001229DF81A3090
:10F6E00062F342038DF81A300DAB1C22002118463C
:10F6F0000BF054F9029B5B7B03F01003DBB2002B91
:10F7000006D1029B5B7B03F02003DBB2002B24D0ED
:10F7100004AB0322002118460BF040F9029BDA7C6F
:10F7200004AB013319461046FFF717FF9DF8103060
:10F73000012262F303038DF810309DF8103001228E
:10F7400062F307138DF810309DF81230012262F336
:10F7500042038DF8123004AB1293029B5B7B8DF851
:10F760003430029B9B7B8DF8353008AB142200218E
:10F7700018460BF013F907AB089306AB0993029BED
:10F780009B88ADF82C30029B9B68002B06D0029B17
:10F79000DB88ADF82830029B9B680C93029B9B6929
:10F7A000002B4FD005AB0322002118460BF0F6F8D2
:10F7B000029B9B691B88ADF83C30029B9B695B8870
:10F7C000ADF83E30029B9B695B680E9305AB1193CD
:10F7D000029B9B691B7B05AA11461846FFF7BDFEDD
:10F7E000029B9B695A7B05AB013319461046FFF714
:10F7F000B4FE029B9B699A7A9DF8163062F3C303AC
:10F800008DF81630029B9B69DA7A9DF8163062F308
:10F8100004138DF81630029B9B691A7A9DF81630F6
:10F8200062F300038DF81630029B9B699B7B002BD3
:10F8300001D0022200E001229DF8163062F342035B
:10F840008DF81630029BDB69002B02D0029BDB692E
:10F85000109308AA0DA9BDF80E00019BFFF755FEF5
:10F860000346184615B000BD90DF704700BF18462C
:10F87000A5DF704700BF1846B5DF704700BF1846C8
:10F8800082B00190019BF7221A80019B17225A80B7
:10F89000019B00221A71019B00225A71019BFB22DD
:10F8A0009A71019B1B22DA7100BF02B07047000001
:10F8B00030B589B003460A46ADF806301346ADF8B8
:10F8C0000430BDF80430ADF81430BDF80430ADF8A4
:10F8D00016300023ADF818300023ADF81A3003AB12
:10F8E00000221A609A8003AA05A9BDF806301846BE
:10F8F000FFF7BAFF0790079B002B39D01E4A1F4B1A
:10F90000D31ADB081B0443F00104BDF80650079826
:10F9100008F0ECFA03462A461949204608F0BFFFD2
:10F92000BDF80C30002B03D1BDF80E30002B0ED0EB
:10F93000114A124BD31ADB081B0443F00100BDF837
:10F940000C301A46BDF80E300E4908F0A8FFBDF87D
:10F950001030002B0CD0084A084BD31ADB081B04CC
:10F9600043F00103BDF810200749184608F087FF4F
:10F97000079B184609B030BDC8AD030068AD030051
:10F9800008C0030054C0030094C0030000B585B054
:10F9900001900091009B9B88ADF80E30BDF80E30B1
:10F9A000DB00019A134406330293019B1A79029BF0
:10F9B0009A71009BDB7B012B02D0022B05D009E062
:10F9C000019B1A88029B1A8004E0019B5A88029BC3
:10F9D0001A8000BF029B9A79029BDB799A4208D970
:10F9E000029B9B791A46BDF80E3011461846FFF768
:10F9F0005FFF00BF05B000BD00B583B0019000916E
:10FA0000009B9B88DB00019A134406331846FFF7DE
:10FA100037FF00BF03B000BD00B587B00190009173
:10FA2000009B9B88ADF81630009B5B89ADF81430C5
:10FA3000BDF81630DB00019A134406330493049B8F
:10FA40001B88BDF81420934228BF13469AB2049B2A
:10FA50005A80049B5B88172B38BF17239AB2049BEC
:10FA60005A80019B9B69002B15D0049B5B79002B6E
:10FA700011D040F67723ADF80830BDF81630ADF858
:10FA80000A30049B5B88ADF80C30019B9B6902AA8D
:10FA9000114601989847049B00225A71049B00224A
:10FAA0001A7100BF07B000BD10B588B00190009179
:10FAB000009B9B88ADF81A30009BDB88ADF81830AE
:10FAC000BDF81A30DB00019A134406330593BDF8E4
:10FAD0001830172B38BF1723ADF81830059B1B883B
:10FAE000BDF81820934228BF13469AB2059B5A804E
:10FAF000059B00221A71059B1A88BDF81A30114621
:10FB00001846FFF7B9FE0790079B002B0FD0174A46
:10FB1000174BD31ADB081B0443F00104079808F0C5
:10FB2000E5F903461A461349204608F0A8FE059B4E
:10FB30005B79002B16D1019B9B69002B13D040F6FB
:10FB40007723ADF80C30BDF81A30ADF80E30059BB8
:10FB50005B88ADF81030019B9B6903AA11460198A0
:10FB6000984700E000BF08B010BD00BFC8AD03005B
:10FB700068AD0300ECC0030030B591B00190009176
:10FB8000009B04AC1D1D0FCD0FC40FCD0FC495E815
:10FB9000070084E80700BDF81030ADF83E30BDF82E
:10FBA0001420BDF83E30D1B2019ADB0013440A465E
:10FBB0005A73019B9B69002B15D04DF67A23ADF843
:10FBC0000830BDF83E30ADF80A30BDF83E30019A3D
:10FBD000DB0013445B7B8DF80C30019B9B6902AA10
:10FBE00011460198984700BF11B030BD00B587B0ED
:10FBF00001900091009B04330593059B1B88DB005B
:10FC0000019A134406330493059B9B888DF80F30AB
:10FC1000049B9B799DF80F20934228BF13468DF8D3
:10FC20000E30059B1B889DF80E2092B21146184697
:10FC3000FFF73EFE00BF07B000BD00B585B00190E4
:10FC40000091019B002B01D10E231DE0019B009A26
:10FC50009A61019BF7221A80019BF7225A80019B2F
:10FC6000FB221A71002303930AE0039BDB00019A35
:10FC7000134406331846FFF703FE039B0133039337
:10FC8000039B012BF1D90023184605B000BD82B0BB
:10FC900001900B46ADF80230019B002B01D10E23E1
:10FCA0000EE0BDF80230162B03D9BDF80230F72B59
:10FCB00001D9072304E0019BBDF802201A8000232C
:10FCC000184602B0704700B583B001900B46ADF8FE
:10FCD000023013468DF80130019B002B01D10E2319
:10FCE0002DE09DF80130FB2B03D89DF801301A2B35
:10FCF00001D8072323E0BDF802304FF6FF7293428C
:10FD000005D1019B9DF801201A71002317E0BDF871
:10FD10000230012B01D9072311E0BDF80230019A0E
:10FD2000DB0013449DF801201A739DF801309AB24C
:10FD3000BDF8023011461846FFF7BAFD03461846D3
:10FD400003B000BD10B586B001900091009B0593F3
:10FD5000019B9B88ADF81230BDF81230012B7DD885
:10FD6000019B1B88552B21D0552B3BDC3A2B18D0FF
:10FD70003A2B37DC242B2BD0242B33DC232B2CD019
:10FD8000232B2FDC102B02D0112B05D02AE0019958
:10FD90000598FFF7FBFD26E001990598FFF72CFE7B
:10FDA00021E001990598FFF737FE1CE02D4A2E4B04
:10FDB000D31ADB081B0443F00300019BDB881A46BF
:10FDC0002A4908F05CFD01990598FFF76DFE0AE0ED
:10FDD00001990598FFF7D0FE05E001990598FFF716
:10FDE00005FF00E000BFBDF81230059ADB001344A8
:10FDF0009B7A002B33D0BDF81230059ADB001344F8
:10FE0000DA88BDF8123011461846FFF731FD03902D
:10FE1000039B002B0ED1BDF81230059ADB00134472
:10FE200000229A72BDF81230059ADB0013440122B9
:10FE3000DA7214E0039B112B11D00A4A0A4BD31A31
:10FE4000DB081B0443F00104039808F04FF8034655
:10FE50001A460749204608F012FD00E000BF06B030
:10FE600010BD00BFC8AD030068AD03001CC1030096
:10FE700038C103009BDF704700BF18469DDF704705
:10FE800000BF18469EDF704700BF1846A1DF7047CD
:10FE900000BF1846A3DF704700BF1846AEDF7047AB
:10FEA00000BF184600B585B001900091009B10334B
:10FEB0000393039BDB88102B01D9092319E0039BD3
:10FEC000DB881946019807F021FA0246009B5A6028
:10FED000009B5B68002B01D104230AE0009B58685B
:10FEE000039B9968039BDB881A46002307F056FBA7
:10FEF0000023184605B000BD00B585B00190009103
:10FF0000009B10330393039B9B681B88102B01D924
:10FF1000092324E0039B9B681B8802331946019840
:10FF200007F0F4F90246009B5A60009B5B68002BC7
:10FF300001D1042313E0009B5868039B99680023B8
:10FF4000022207F02BFB009B5868039BD968039B98
:10FF50009B681B881A46022307F020FB00231846E3
:10FF600005B000BD00B587B005900B460392ADF813
:10FF70001230039B002B1ED0104A114BD31ADB0802
:10FF80001B0443F00100059B1B781946BDF81220A5
:10FF9000039B009313460A460A4908F093FC059B0D
:10FFA0009B68002B07D0059B9B68059AD168BDF81C
:10FFB00012200398984700BF07B000BDD0AD0300E2
:10FFC00068AD030078C1030000B597B001900B46FF
:10FFD000ADF802300CAB01221946019807F0C0FDC4
:10FFE0001590159B002B40F0B1809DF83030052B0B
:10FFF00055D0052B00F38180042B45D0042B7CDCED
:020000023000CC
:10000000032B36D0032B78DC022B26D0022B74DC9A
:10001000002B02D0012B0BD06FE0BDF84010BDF8D3
:100020004220BDF802301846FFF730FF159071E00E
:1000300008AB12930D981299BDF846301A4600236A
:1000400007F0CAFA0CAB03F11002BDF802301146FA
:100050001846FFF71FFF15905CE0BDF840100CAB91
:1000600003F11202BDF802301846FFF703FF1590A6
:1000700050E00CAB03F11002BDF8023011461846F7
:10008000FFF7FCFE159045E00CAB03F11002BDF844
:10009000023011461846FFF7F5FE15903AE004AB22
:1000A00013930D980DF10E010023022207F094FA2C
:1000B0000DF10E0312930D981399129B1B881A468B
:1000C000022307F089FABDF80E30ADF852300CABC0
:1000D00003F11002BDF8023011461846FFF7DEFEAC
:1000E0001590159B002B14D1BDF80E30BDF8522091
:1000F0009A420ED00C2315930BE0164A164BD31AD6
:10010000DB081B0443F002031449184608F0AAFB5D
:1001100000E000BF159B112B18D09DF830301A4617
:100120000F4B53F82230002B03D00D9B184607F0DD
:1001300043F90CAB00221946019807F011FDBDF8F8
:1001400002100CAB159A1846FFF70CFF00BF17B052
:1001500000BD00BFD0AD030068AD0300C4C1030003
:10016000E0C1030000B58FB00190019BDB680DF189
:100170002E010022184607F0F3FC0D9031E0019BA0
:100180009A68BDF82E3019460B469B000B449B0025
:1001900013440C9303AB002219460C9807F0E0FCC3
:1001A0000D9012E09DF80C301A46114B53F8223096
:1001B000002B03D0049B184607F0FEF803AB002287
:1001C00019460C9807F0CCFC0D900D9B002BE9D044
:1001D000019BDB680DF12E010022184607F0C0FCE0
:1001E0000D900D9B002BCAD000BF00BF0FB000BD0B
:1001F000E0C1030000B585B001900B46ADF80230B8
:1002000000230393019B1B78052B4AD0052B64DC4C
:10021000042B3BD0042B60DC032B2CD0032B5CDCA9
:10022000022B1CD0022B58DC002B02D0012B0BD050
:1002300053E0019B198A019B5A8ABDF80230184687
:10024000FFF724FE039055E0019B03F11002BDF877
:10025000023011461846FFF71DFE03904AE0019B4D
:10026000198A019B03F11202BDF802301846FFF70C
:1002700001FE03903EE0019B03F11002BDF8023045
:1002800011461846FFF7FAFD039033E0019B03F196
:100290001002BDF8023011461846FFF7F3FD039037
:1002A00028E0019B9B691B88ADF80A30019B03F194
:1002B0001002BDF8023011461846FFF7EFFD03901B
:1002C000039B002B15D1019B9B691B88BDF80A205D
:1002D0009A420ED00C2303930BE00E4A0E4BD31A16
:1002E000DB081B0443F002030C49184608F0BAFA75
:1002F00000E000BF039B112B01D1002307E0BDF8F4
:100300000230039A19460198FFF72CFE0123184684
:1003100005B000BDD0AD030068AD0300C4C103004B
:1003200084B001900B46ADF802300023ADF80E30DA
:1003300012E0019B5A68BDF80E305B0013441B8825
:10034000BDF802209A4202D1BDF80E300CE0BDF893
:100350000E300133ADF80E30019B1B88BDF80E2026
:100360009A42E6D3BDF80E30184604B0704784B008
:1003700001900B46ADF802300023ADF80E301AE0C4
:10038000019B5A68BDF80E305B0013441B884FF682
:10039000FF7293420AD1019B5A68BDF80E305B0090
:1003A0001344BDF802201A8000230BE0BDF80E3084
:1003B0000133ADF80E30019B1B88BDF80E209A4228
:1003C000DED30423184604B0704784B001900023A4
:1003D000ADF80E3011E0019B5A68BDF80E305B009D
:1003E00013441B884FF6FF72934201D001230BE0A8
:1003F000BDF80E300133ADF80E30019B1B88BDF8FF
:100400000E209A42E7D30023184604B0704700003C
:1004100000B589B0039002911346ADF80630002371
:100420000693039B002B01D10E2389E0029B002B36
:1004300001D10E2384E00398FFF794FEBDF8063047
:1004400019460398FFF76CFF0346ADF81E30029B78
:100450001B78052B05D8039B1B88BDF81E209A42EC
:1004600001D107236CE0039B9968BDF81E20134659
:100470009B0013449B000B44184607F001FC034605
:10048000002B0ED0BDF8063019460298FFF7B2FED9
:1004900003468DF817309DF81730002B01D0069BCE
:1004A0004EE0029B1B781A46274B53F82230002B54
:1004B00018D0039B1B69002B01D10E2340E0029B47
:1004C0001B781A46204B53F82230039A126902997E
:1004D000104698470690069B0493049B002B01D07E
:1004E000049B2DE0039B9968BDF81E2013469B00DA
:1004F00013449B000B440299184607F083FA0690B8
:10050000069B002B0CD0029B1B781A460E4B53F80F
:100510002230002B04D0029B5B68184606F04CFF8B
:10052000039B9968BDF81E2013469B0013449B0053
:100530000B44BDF8062011461846FFF745FD069B03
:10054000184609B000BD00BFE0C1030000B587B088
:1005500001900B46ADF8023000230593019B002B60
:1005600001D10E232FE00198FFF7FCFDBDF802300A
:1005700019460198FFF7D4FE0346ADF81230019BEF
:100580001B88BDF812209A421CD10198FFF71DFF6D
:10059000034683F00103DBB2002B05D0019B1B69EE
:1005A000184606F0A9FE0590BDF8023019460198DC
:1005B000FFF7DDFE0590059B0393039B002B01D005
:1005C000039B00E0059B184607B000BD00B587B04F
:1005D00001900091009B0493019B002B5AD0049B37
:1005E000002B57D0019B1B88112B04D1019B9B88AA
:1005F000ADF8163018E0019B1B882F2B08D9019B02
:100600001B884F2B04D8019B9B88ADF816300BE05C
:10061000019B1B884F2B3FD9019B1B886F2B3BD81D
:10062000019B9B88ADF81630BDF81630194604982A
:10063000FFF776FE0346ADF80E30049B1A88BDF82E
:100640000E309A422AD0019B1B88112B11D1049B9A
:100650005A68BDF80E305B0013444FF6FF721A80E3
:10066000049BDB680DF10E021146184607F0CAF92B
:1006700015E0049B9A68BDF80E3019460B469B00A6
:100680000B449B001344BDF8162011461846FFF793
:100690009BFC04E000BF02E000BF00E000BF07B029
:1006A00000BDB0DF704700BF184666DF704700BF6F
:1006B000184682B001900091019B002B01D10E23BE
:1006C00016E0009B002B01D10E2311E0019B1B784B
:1006D000DE2B01D108230BE0009B1A68019B5A60B6
:1006E000019BDE221A70019B4FF6FF725A80002395
:1006F000184602B0704782B001900B46ADF8023048
:10070000019B002B01D10E230AE0019B1B78DE2BFD
:1007100001D0082304E0019BBDF802205A80002389
:10072000184602B0704700B585B00190019B1B7A56
:10073000002B18D0019B5B8800211846FFF7B5FFFE
:100740000390039B002B03D1019B00221A720AE045
:10075000039B112B03D1019B01221A7203E0019B21
:100760005B680398984700BF05B000BD00B583B033
:1007700001900091009B1B79012B0BD1009B1A88E3
:10078000019B5B889A4205D1019B01221A72019854
:10079000FFF7C9FF00BF03B000BD82B00190009118
:1007A00000BF02B0704700B589B001900091009B76
:1007B0001A88019B5B889A4236D1009B02330793CB
:1007C000079B1B78022B31D1079B1B7A042B07D088
:1007D000079B1B7A062B03D0079B1B7A052B27D17F
:1007E00002AB00221A605A609A60DA6002238DF828
:1007F00008304FF4C073ADF80C30079B1B7A052B03
:1008000002D10023ADF80C30009B1B8802AA1146D0
:100810001846FFF746FF0690069B002B09D0019B68
:100820005B680698984704E000BF02E000BF00E064
:1008300000BF09B000BD00B585B001900091009BDC
:10084000002B43D0019B002B40D0009B0393039BC4
:100850001B78DE2B3AD1019B9A88039B5B889A42D6
:1008600002D10398FFF75FFF019B1B88512B18D023
:10087000512B28DC112B1BD0112B24DC012B02D097
:10088000022B07D01FE0019B043319460398FFF7A2
:100890006DFF1BE0019B043319460398FFF77DFFB2
:1008A00014E0019B043319460398FFF77CFF0DE029
:1008B000019B9A88039B5B889A4206D1039B4FF663
:1008C000FF725A8001E000BF00E000BF05B000BD2C
:1008D0008ADF704700BF18468BDF704700BF18469D
:1008E0008CDF704700BF184600B58DB001900091B5
:1008F000009B02330993019B0C330893019B023345
:100900000B93019B9B7A8DF82B30019B5B7883F0D6
:100910000103DBB2002B21D100F000F902AB14225D
:10092000002118460AF03AF89DF82B300B9A0899E6
:100930000998FFF7D5FF079005238DF80830079B2E
:100940000393079B002B0AD0019BDB69002B06D089
:10095000019BDB6902AA1046984700E000BF0DB07A
:1009600000BD00B589B00190009100238DF81F30C3
:1009700000238DF81E3002AB1422002118460AF025
:100980000DF8019B0C330693019800F05CF80346C8
:10099000002B14D002238DF80830009B0393019B99
:1009A000DB6902AA10469847019B40331946002094
:1009B000FFF78EFF00990198FFF796FF41E0019B3A
:1009C0001B788DF81D3000238DF81C30009B03939D
:1009D0009DF81D30002B0DD09DF81E209DF81F3076
:1009E0009A4207D100238DF8083000990198FFF74B
:1009F0007BFF17E09DF81D3083F00103DBB2002B75
:100A00000BD09DF81C30002B07D000238DF8083048
:100A100000990198FFF768FF04E003238DF8083080
:100A2000009B0393019BDB69002B04D0019BDB69D6
:100A300002AA10469847019B403319460020FFF751
:100A400047FF09B000BD82B00190019B1B7B03F002
:100A50001803DBB2082B06D0019B1B7B03F01803A5
:100A6000DBB2182B01D1012300E00023184602B0AD
:100A7000704782B00190019A137B43F00403137313
:100A8000019B4FF4A072DA81019B10221A82019B14
:100A900000225A82019A137B23F018031373019BDF
:100AA00001225A7300BF02B0704782B00190019BCF
:100AB0004FF4C8721A81019B06225A80019B1822AA
:100AC0009A80019B0422DA8000BF02B0704700B513
:100AD00089B001900091009B0433079302AB14226C
:100AE0000021184609F05AFF079B1B78012B12D1F1
:100AF000019BDB69002B0ED004238DF80830019B8D
:100B00000C330693079B1B788DF80C30019BDB6937
:100B100002AA1046984700BF09B000BD08B5FFF70C
:100B2000DBFE00BF08BD10B584B0039002910192B6
:100B3000039B002B01D10E234AE0039B019ADA614B
:100B4000039B01220021184609F028FF029B002B7D
:100B50002BD0029B1A79039B5A70029B1A7B039B32
:100B60009A72029B1B68002B0BD0029B1A68039B96
:100B70000C33144620686168A26807C3A2891A80F2
:100B800002E00398FFF775FF029B9B68002B08D0DB
:100B9000029B9A68039B02331168526819605A607D
:100BA0000CE00398FFF781FF08E00398FFF761FF6F
:100BB0000398FFF77AFF039B00225A70039B03F10F
:100BC0002002039B1A64039B1F22A3F844200023E6
:100BD000184604B010BD000000B589B00190019B1B
:100BE000002B01D10E2338E002AB1422002118465D
:100BF00009F0D4FEFFF792FF0198FFF724FF0346A8
:100C0000002B0BD0019BDB69002B07D001238DF853
:100C10000830019BDB6902AA10469847019B03F14B
:100C20000C02019B403319461046FFF751FE079016
:100C3000079B082B10D0079B002B0DD0084A094BAF
:100C4000D31ADB081B0443F00103079A0649184630
:100C500007F015FE079B00E00023184609B000BD11
:100C6000B8AD030068AD030050C2030000B589B001
:100C70000190009103AB14220021184609F08EFE6A
:100C800006238DF80C30009B04330493009B1B88D3
:100C9000ADF81430019B0C330793019BDB69002BEB
:100CA00004D0019BDB6903AA1046984700BF09B036
:100CB00000BD00B587B001900091009B0593019B9A
:100CC00008330493019B04330393019B1B881D2B62
:100CD00006D01D2B13DC102B0CD01B2B05D00EE0E7
:100CE00004990598FFF73DFE0AE003990598FFF780
:100CF000EEFE05E003990598FFF7B8FF00E000BF9E
:100D000000BF07B000BDA8DF704700BF1846ADDFC9
:100D1000704700BF1846AEDF704700BF184662DF5D
:100D2000704700BF184600B58FB0019000910023B6
:100D30000393019B5869009B9B8803AA1946FEF701
:100D40008BFB0D9005AB08220021184609F026FE0A
:100D500004AB06930223ADF814300023ADF816302F
:100D6000009B9888019B1B8905AA1946FFF7CFFFB6
:100D70000D900D9B002B26D1019B9B69002B22D04F
:100D8000069B1846FEF7C5FB0346002B1BD0039BB2
:100D9000002B02D0039B01221A7007AB18220021FE
:100DA000184609F0FBFD02238DF81C30019B0893C7
:100DB000009B9B88ADF82430039B0A93019B9B69A1
:100DC00007AA1046984700BF0FB000BD00B58DB010
:100DD00001900091009B06330B93019B5869009B87
:100DE0009B8803AA1946FEF737FB0A9004AB18222A
:100DF0000021184609F0D2FD019B0593009B9B88BA
:100E0000ADF81830039B07930B9B1A88019B1B8935
:100E10009A4225D10B9B5B89022B21D1039B002B8E
:100E200038D00B9B0C331846FEF773FB0346002BA0
:100E300006D0039B01221A7002238DF8103005E0C2
:100E4000039B00221A7003238DF81030019B9B69CD
:100E5000002B1FD0019B9B6904AA1046984719E0FC
:100E60000B9B1A88019B9B899A4214D1019B9B6919
:100E7000002B10D000238DF810300B9B0C330893FF
:100E80000B9B5B89ADF82430019B9B6904AA10463B
:100E9000984700E000BF00BF0DB000BD00B58BB0AB
:100EA00001900091019B5869009B9B8802AA1946FA
:100EB000FEF7D2FA0990099B002B1ED1029B1B78EA
:100EC000002B1BD0019B9B69002B17D003AB182272
:100ED0000021184609F062FD01238DF80C30019BBA
:100EE0000493009B9B88ADF81430029B0693019BF2
:100EF0009B6903AA1046984700E000BF0BB000BDF5
:100F000000B585B001900091009B002B1ED0019B85
:100F1000002B1BD0009B0393019B1B88572B10D0E9
:100F2000572B15DC102B02D0502B05D010E0019967
:100F30000398FFF7F8FE0CE001990398FFF746FFCE
:100F400007E001990398FFF7A9FF02E000BF00E066
:100F500000BF05B000BD000010B592B00190009137
:100F60004F4B0AAC0FCB84E80F00019B002B01D143
:100F70000E2391E0009B002B01D10E238CE0009BFF
:100F80001A68019B9A61019A0AAB11461846FFF74D
:100F9000C6FE1190119B1093109B002B01D0109B4B
:100FA0007AE0019B1B788DF83A300123ADF8383098
:100FB000019B9A1C0EAB19460120FFF7A4FE11906D
:100FC000119B0F930F9B002B01D00F9B64E002AB92
:100FD00020220021184609F0E1FC0223ADF8083078
:100FE000019B1B788DF80A30F423ADF80C300123F7
:100FF000ADF80E3001238DF814309DF8153043F014
:1010000008038DF815309DF8153043F004038DF872
:10101000153001238DF8193001238DF81A30019B0A
:101020005888019B03F10C0202AB1946FEF70BFB3B
:101030001190119B002B01D0119B2DE002AB2022BF
:101040000021184609F0AAFC0323ADF80830019BE3
:101050001B788DF80A30F423ADF80C300123ADF87D
:101060000E3001238DF814309DF8153043F0100335
:101070008DF8153001238DF8193001238DF81A30C1
:1010800001238DF81B30019B5888019B1A1D02AB70
:101090001946FEF7D8FA0346184612B010BD00BF35
:1010A0007CC2030000B58DB0039002910192ADF8AF
:1010B0000230039B002B01D10E2342E0039B5B69AE
:1010C00005AABDF802101846FEF7C6F90B900B9B57
:1010D0000A930A9B002B01D00A9B32E0BDF8023034
:1010E0004FF6FF72934202D0059B002B01D10523DE
:1010F00027E0059B1B7883F00103DBB2002B01D0B6
:1011000008231EE0019B1B88F42B01D9072318E05C
:1011100006AB10220021184609F040FC039B9B8877
:10112000ADF81830029B0993019B089301238DF8B9
:101130001A3006AABDF8023011461846FFF7EBFD3B
:10114000034618460DB000BD62DF704700BF184669
:1011500000B587B0039002911346ADF80630029BAC
:101160000593059B1B69002B03D0059B1B69039806
:10117000984700BF07B000BD00B58BB0019000914B
:1011800003AB14220021184609F008FC009B0E3323
:101190000893009B1B78002B57D1009B9B88012B49
:1011A00053D1009B9A79019B1B789A424DD1002321
:1011B000099333E0099A1346DB0013445B001A4697
:1011C000089B13441B88022B0DD0032B22D1099AB4
:1011D0001346DB0013445B001A46089B13441B892B
:1011E000ADF81E3017E0099A1346DB0013445B008C
:1011F0001A46089B13441B89ADF81A30099A134606
:10120000DB0013445B001A46089B13445B89ADF86E
:101210001C3000E000BF099B01330993009B1B7A3F
:101220001A46099B9342C5D3019BDB68002B0CD067
:10123000009B5B88ADF80E3000238DF80C30019BCD
:10124000DB6803AA11460198984700BF0BB000BDA8
:1012500000B589B001900091019B9B88002B19D0AB
:10126000009B5A89019B9B889A4213D1019BDB68A2
:10127000002B0FD001238DF80C30009B1033059309
:10128000009BDB89ADF81830019BDB6803AA11468F
:101290000198984700BF09B000BD000010B58AB0A2
:1012A00001900091234B03AC0FCB84E80F00019B0E
:1012B000002B01D10E233AE0009B002B01D10E231D
:1012C00035E0009B9B68002B01D10E232FE0019A93
:1012D00003AB11461846FFF737FF0990099B0893A7
:1012E000089B002B01D0089B21E0019B1B788DF807
:1012F0001E300123ADF81C30019B4FF6FF725A805F
:10130000009B1A68019BDA60009B5A68019B1A6176
:10131000019B00229A80019B00221A81009B9A68FF
:10132000019B5A6107AB1846FDF77AFF0346184642
:101330000AB010BD98C2030000B589B001900091B9
:10134000009B0793079B002B31D0019B002B2ED0D5
:10135000079B5B884FF6FF7293422AD0079B5A88FF
:10136000019B9B889A4224D1019B1B88112B06D09C
:10137000392B20D101990798FFF76AFF1EE0019BE6
:101380009A88079B5B889A4217D1079BDB68002BE2
:1013900013D002238DF80830079B4FF6FF725A8056
:1013A000079BDB6802AA11460798984705E000BF33
:1013B00004E000BF02E000BF00E000BF09B000BDD4
:1013C00000B58DB001900B468DF803309DF80330C9
:1013D000ADF82E3003AB20220021184609F0DEFACA
:1013E000BDF82E30DBB28DF80830BDF82E301B0A68
:1013F0009BB2DBB28DF8093001238DF80C30114B14
:101400000593019B0693019BDB88ADF81E300223F8
:10141000ADF822300023ADF8203002AB0993012350
:101420008DF81C3001238DF81D30019B5869019BFC
:101430005A8803AB1946FEF7EBFF034618460DB07A
:1014400000BD00BF5111030000B583B00190019BA6
:10145000002B01D10E2310E0019B5B884FF6FF7239
:10146000934203D0019BDB88002B01D1082304E0C9
:1014700001210198FFF7A4FF0346184603B000BD01
:1014800000B58DB0039002911346ADF80630039B72
:10149000002B01D10E234CE004AB20220021184682
:1014A00009F07CFABDF80630F42B0CD9224A234B04
:1014B000D31ADB081B0443F002032149184607F046
:1014C000D1F9072335E0039B5B884FF6FF72934207
:1014D0000CD1194A194BD31ADB081B0443F0020341
:1014E0001849184607F0BEF9082322E001238DF8B9
:1014F0001030154B0693039B0793039B1B89ADF894
:101500002230BDF80630ADF826300023ADF8243087
:10151000029B0A9302238DF8203001238DF821309D
:10152000039B5869039B5A8804AB1946FEF770FF6A
:10153000034618460DB000BDB0AD030068AD030012
:10154000A8C20300BCC203005111030000B585B05E
:1015500003900B460192ADF80A30039B002B01D19A
:101560000E231BE0039BBDF80A205A80019B002B31
:101570000BD0019B5A88039BDA80019B1A88039B3E
:101580009A80019B9A88039B1A81039B5B69BDF833
:101590000A2011461846FEF7D9FF0346184605B043
:1015A00000BD000082B003468DF807309DF907307A
:1015B000002B13DB9DF8073003F01F0209499DF94A
:1015C00007305B09012000FA02F2203341F82320A2
:1015D000BFF34F8F00BFBFF36F8F00BF00BF02B0DC
:1015E000704700BF00E100E0044BD3F80034002B4B
:1015F00014BF01230023DBB21846704700000140EE
:1016000008B508F02BFA034683F00103DBB2002B88
:1016100003D109497B20F9F733FBFFF7E5FF0346C8
:1016200083F00103DBB2002B04D000F081FA034BFE
:1016300000229A7000BF08BDE0C20300144F0020D2
:1016400000B583B000230193174B1B78002B02D009
:10165000852301931CE0144B00229A60124B002258
:101660005A60114B00221A610F4B0022DA600F48BA
:1016700000F022FA019008F0F1F9034683F001032B
:10168000DBB2002B01D000F03FFA074B01221A70A9
:10169000FFF7AAFF0346002B02D0034B01229A70EA
:1016A000019B184603B000BD144F002081170300B2
:1016B00084B00190019B1B680393039B002B03D014
:1016C000039B1A68019B1A60039B184604B070477D
:1016D00000B583B0164B1B78002B04D1154940F29E
:1016E0001710F9F7CDFA124BDB68002B04D1114922
:1016F0004FF48C70F9F7C4FA00238DF807300DF120
:101700000703184603F042FD094BDB68013B084A1A
:10171000D360074BDB68002B01D1FFF771FF9DF809
:101720000730184603F046FD00BF03B000BD00BF00
:10173000144F0020E0C2030000B585B003468DF8C9
:1017400007309DF80730002B02D10B4B039301E0CB
:101750000A4B03930398FFF7ABFF0290029B002B09
:1017600006D0029B5B689DF8072010469847F1E77A
:1017700000BF00BF05B000BD1C4F0020244F00205B
:1017800000B583B003468DF807309DF80730002B75
:1017900005D1094B01225A700020FFF7CDFF9DF8BB
:1017A0000730012B05D1044B01229A700120FFF76D
:1017B000C3FF00BF03B000BD144F002000B583B0CD
:1017C00001900091019B002B05D1044B01225A701E
:1017D0000020FFF7B1FF00BF03B000BD144F002091
:1017E00000B585B0034600918DF807309DF80730AD
:1017F000032B29D0032B35DC002B02D0012B04D086
:1018000030E00020FFF7CEFE2DE000238DF80F30F2
:101810000DF10F03184603F0B9FC144B1B7883F04D
:101820000103DBB2002B01D0FFF70AFF0F4BDB688F
:1018300001330E4AD3600D4B01229A709DF80F3090
:10184000184603F0B7FC0EE0084B1B78002B04D1C0
:10185000074940F25220F9F713FA00F055F9FFF763
:1018600037FF00E000BF00BF05B000BD144F0020EF
:10187000E0C2030082B003468DF807309DF90730BF
:10188000002B0CDB9DF8073003F01F0205499DF982
:1018900007305B09012000FA02F241F8232000BF63
:1018A00002B0704700E100E082B0034600918DF87D
:1018B00007309DF90730002B0ADB009BDAB20C4998
:1018C0009DF907305201D2B20B4483F800230BE09C
:1018D000009BDAB207499DF8073003F00F03043B81
:1018E0005201D2B20B441A7600BF02B0704700BF5B
:1018F00000E100E000ED00E082B00190019B1B0BD5
:101900005BB2184602B0704700B583B003460A4682
:101910008DF8073013468DF806309DF80630012B00
:1019200003D99DF80630032B0BD99DF80630042B04
:1019300003D99DF80630072B03D907496B20F9F727
:101940009FF99DF806209DF9073011461846FFF7CC
:10195000ABFF00BF03B000BD28C3030000B583B0D8
:1019600003468DF807309DF907301846FFF782FFD0
:1019700000BF03B000BD000082B003468DF8073001
:101980000E4A9DF90730002B00DA1F335B115BB262
:1019900052F823209DF90730594203F01F0301F04C
:1019A0001F0158BF4B425BB222FA03F303F001035D
:1019B000C3F30003DBB2184602B0704700E100E059
:1019C00082B001904FF08042019BC2F8083300BF03
:1019D00002B0704782B003468DF807309DF807309B
:1019E00003F1804301221A6000BF02B0704784B047
:1019F0000346ADF80630BDF8063003F180430022FF
:101A00001A60BDF8063003F180431B680393039B03
:101A100000BF04B0704782B00346ADF80630BDF891
:101A2000063003F180431B68002B14BF0123002301
:101A3000DBB2184602B0704782B001904FF080428E
:101A4000019BC2F8183500BF02B070474FF08043C9
:101A5000D3F818341B0C03F00103C3F30003DBB20B
:101A60001846704700B583B006238DF807304FF055
:101A70008040FFF741FF03461846FFF77DFF03460E
:101A800083F00103DBB2002B13D04FF08040FFF74F
:101A900033FF03461A469DF8073019461046FFF7F4
:101AA00033FF4FF08040FFF727FF03461846FFF74C
:101AB00055FF00BF03B000BD00B585B00190019B8C
:101AC000002B03D10E49A420F9F7DAF80023039381
:101AD0000C4B1B79002B02D0852303930BE0094BA1
:101AE00000229A71074A019B1360064B01221A716A
:101AF000044B00225A71039B184605B000BD00BF7D
:101B000060C30300284F002008B5074B1B79002B4A
:101B100003D10649BD20F9F7B3F8FFF7A3FF002072
:101B2000FFF78AFF00BF08BD284F002060C30300F5
:101B300008B50D4B1B79002B03D10C49F720F9F7A1
:101B40009FF80220FFF73CFF4FF48270FFF74FFF32
:101B50000C20FFF73FFF00BFFFF778FF0346002B85
:101B6000FAD100BF00BF08BD284F002060C30300AA
:101B700008B54FF48070FFF74EFF0346002B14D0DA
:101B80004FF48070FFF733FF0120FFF719FF264B5A
:101B90005B7983F00103DBB2002B06D0224B0122DC
:101BA0005A71214B1B68002098474FF48270FFF751
:101BB00032FF0346002B0AD04FF48270FFF717FF65
:101BC0000220FFF7FDFE184B1B68012098474FF4D9
:101BD0008870FFF720FF0346002B0AD04FF488706F
:101BE000FFF705FF1020FFF7EBFE0F4B1B680220ED
:101BF00098474FF48670FFF70EFF0346002B10D076
:101C00000A4B00221A604FF48670FFF7F0FE08209E
:101C1000FFF7D6FE044B00229A71034B1B6803208A
:101C2000984700BF08BD00BF284F0020340C00407B
:101C300082B003468DF807309DF90730002B0CDB8E
:101C40009DF8073003F01F0205499DF907305B0935
:101C5000012000FA02F241F8232000BF02B07047D1
:101C600000E100E082B0034600918DF807309DF955
:101C70000730002B0ADB009BDAB20C499DF90730D4
:101C80005201D2B20B4483F800230BE0009BDAB27E
:101C900007499DF8073003F00F03043B5201D2B20D
:101CA0000B441A7600BF02B0704700BF00E100E0AD
:101CB00000ED00E082B00190019B1B0B5BB2184667
:101CC00002B0704700B583B003460A468DF807306E
:101CD00013468DF806309DF80630012B03D99DF888
:101CE0000630032B0BD99DF80630042B03D99DF841
:101CF0000630072B03D907496B20F8F7C1FF9DF881
:101D000006209DF9073011461846FFF7ABFF00BFCC
:101D100003B000BDA8C3030000B583B003468DF82F
:101D200007309DF907301846FFF782FF00BF03B068
:101D300000BD00B583B00346ADF80630BDF80630EF
:101D4000184600F024F803461B68012B0CBF012342
:101D50000023DBB2184603B000BD00B585B00346D2
:101D6000ADF80630BDF80630184600F010F803460E
:101D70001A4600231360BDF80630184600F007F835
:101D800003461B680393039B00BF05B000BD82B0F0
:101D90000346ADF80630BDF8063003F1804303F585
:101DA000C043184602B0704782B00190034A019BBD
:101DB000C2F8043300BF02B0704700BF00600040AB
:101DC00082B00190034BD3F80423019B13401846C3
:101DD00002B070470060004082B00190084A019B49
:101DE00003F5A27352F82330054943F00102019B29
:101DF00003F5A27341F8232000BF02B0704700BF73
:101E00000060004084B00390029113468DF80730C3
:101E1000144A039B03F5A27352F82330114923F4AB
:101E2000473323F44073039A02F5A27241F822303B
:101E30000C4A039B03F5A27352F82320029B1B025A
:101E400003F4F8519DF807301B0403F440330B43AF
:101E500004491A43039B03F5A27341F8232000BFF2
:101E600004B070470060004082B00190054A019BB9
:101E700003F5A27352F823301B0A03F01F03184620
:101E800002B070470060004082B00190064A019B9A
:101E900003F5A27352F823301B0C03F00303DBB2EB
:101EA000184602B0704700BF0060004000B583B024
:101EB0000190019B1B68184600F00DF90346002BAA
:101EC00004D105494FF4F670F8F7DAFE4FF0A0435D
:101ED000184603B000BD00BFD8C3030000B585B0ED
:101EE0000190084611461A4603468DF803300B460A
:101EF0008DF8023013468DF8013001AB1846FFF71C
:101F0000D5FF03909DF803209DF802305B001A4333
:101F10009DF801309B001A439DF818301B0242EADD
:101F200003019DF81C301B04019A1943039B02F521
:101F3000E07243F8221000BF05B000BD00B585B0C7
:101F400003900B468DF80B309DF80B300022019268
:101F500000220092002200210398FFF7BFFF00BF7C
:101F600005B000BD00B585B0019001AB1846FFF784
:101F70009DFF0390019A039B02F5E07253F8223013
:101F800023F002030293019A039B02F5E072029987
:101F900043F8221000BF05B000BD00B585B0019028
:101FA0000B468DF8033001AB1846FFF77FFF039017
:101FB000019A039B02F5E07253F82230019A23F450
:101FC0004031039B02F5E07243F82210019A039B13
:101FD00002F5E07253F822109DF803301B04019AB9
:101FE0001943039B02F5E07243F8221000BF05B0CD
:101FF00000BD00B585B0019001AB1846FFF756FF54
:102000000390039800F01EF80246019B22FA03F3A6
:1020100003F00103184605B000BD00B585B001907E
:1020200001AB1846FFF742FF0390019A039B02F5AC
:10203000E07253F822301B0C03F00303DBB21846A6
:1020400005B000BD82B00190019BD3F81035184651
:1020500002B0704786B00390029101924FF0A04306
:102060000493039B059319E0059B9B0018336B4475
:1020700053F8083CD3F82025019B1A60059B9B0070
:1020800018336B4453F8083C019A1268C3F82025B2
:10209000019B04330193059B01330593039A029B33
:1020A0001344059A9A42DFD300BF00BF06B07047C1
:1020B00000B585B0019001AB1846FFF7F7FE03901D
:1020C000019B012202FA03F31A46039BC3F8202561
:1020D00000BF05B000BD84B00190019B5B09029375
:1020E00000230393029B002B03D14FF0FF33039394
:1020F00000BF019B03F01F030193039A019B22FA87
:1021000003F303F00103DBB2184604B0704784B058
:1021100001900091009B0393019BDB080293019BBC
:1021200003F0070301930122019B02FA03F30399D1
:10213000029A0A4412781340184604B0704784B0DB
:1021400001900091009B0393019BDB080293019B8C
:1021500003F007030193039A029B13441B785AB2BE
:102160000121019B01FA03F35BB2134359B2039AB5
:10217000029B1344CAB21A7000BF04B0704700003B
:1021800082B001900C4A019B1344303393F9003024
:10219000002B09DB084A019B1344303393F90030CC
:1021A000072B01DC012300E0002303F00103DBB275
:1021B000184602B0704700BF304F002082B0019037
:1021C000064A019B1344303393F90030072BCCBFF0
:1021D00001230023DBB2184602B07047304F0020C5
:1021E00082B00190064A019B1344303393F90030CA
:1021F000DB43DBB2DB09DBB2184602B0704700BF3D
:10220000304F002084B00390029101928DF803308A
:10221000029B59B20E4A039B134430330A461A708C
:102220000B49029B019A41F823209DF8033083F06B
:102230000103DBB2002B08D0029B083B039A51B28A
:10224000034A13440A4683F8502000BF04B0704785
:10225000304F002082B00190044A019B1344303378
:10226000FF221A7000BF02B0704700BF304F00203D
:1022700000B583B0019003490198FFF760FF00BFEC
:1022800003B000BD844F002082B00190044A019B3E
:102290001344303393F90030184602B0704700BF42
:1022A000304F002082B00190034A019B52F8233046
:1022B000184602B0704700BF304F002084B0019034
:1022C000074A019B1344503393F900308DF80F30C7
:1022D0009DF80F3023F0C003184604B0704700BFCC
:1022E000304F002084B00190074A019B13445033C3
:1022F00093F900308DF80F309DF80F309B09DBB259
:10230000184604B0704700BF304F002000B589B0B8
:102310000390029113468DF80730FF238DF81F308C
:102320009DF80730002B02D00023059301E008231D
:1023300005939DF80730002B02D00823049301E099
:102340000C230493059B069314E00F4A069B52F856
:102350002330B3F1FF3F0AD19DF80730029A069966
:102360000398FFF74FFF069B8DF81F3006E0069B92
:1023700001330693069A049B9A42E6D39DF91F30D7
:10238000184609B000BD00BF304F002082B00346A0
:102390008DF807309DF80730094A4FF0FF3142F8B9
:1023A00023109DF80730072B07D99DF80730083B0D
:1023B000034A1344FF2283F8502000BF02B0704745
:1023C000304F002000B583B02D4B93F85830002BD0
:1023D00003D008230093009B4EE000238DF80730C4
:1023E00011E09DF807301846FFF775FE0346002BF5
:1023F00004D09DF807301846FFF72CFF9DF80730F2
:1024000001338DF807309DF807301F2BE9D90023E1
:102410008DF8073009E09DF807301846FFF7B6FF42
:102420009DF8073001338DF807309DF807300B2BEE
:10243000F1D904220021134808F0B0FA1248FFF73E
:1024400039FC034606211846FFF73CFC0E48FFF70F
:1024500031FC03461846FFF75FFC4FF4BE70FFF7F0
:102460007CFC4FF00040FFF79FFC054B012283F8F6
:10247000582000230093009B184603B000BD00BF06
:10248000304F0020844F002000600040044B93F840
:102490005830002B14BF01230023DBB218467047CD
:1024A000304F002000B587B003900291019203984D
:1024B000FFF711FE0346002B04D136494FF40C7090
:1024C000F8F7DEFB002305930398FFF789FE034628
:1024D000002B02D00823059358E0029B9B78C3F39E
:1024E0004003DBB21A4601990398FFF70FFF03463A
:1024F0008DF813309DF91330B3F1FF3F44D0029BA8
:102500009B78C3F38003DBB283F00103DBB2002BC3
:1025100013D0029B9B7803F00103DBB2002B03D0A6
:102520000398FFF71FFD05E0029B5B7819460398AF
:10253000FFF704FD0398FFF79BFE029B9B7803F0D7
:102540000203DBB2002B08D09DF91300029B1B781D
:102550001A460399FFF756FC18E09DF91330083B23
:102560000D4A134493F95010029B1B785BB29B01F8
:102570005AB29DF91330083B0A4351B2064A13443C
:102580000A4683F8502001E004230593059B184672
:1025900007B000BD10C40300304F002000B589B063
:1025A00001900B468DF803300198FFF794FD034628
:1025B000002B04D13C494FF41870F8F761FB0198E7
:1025C000FFF70EFE0346002B04D1374940F261208D
:1025D000F8F756FB0198FFF7F1FD0346002B2ED0CC
:1025E0000198FFF751FE0346083B1846FFF77AFEB5
:1025F00003468DF80F309DF80F30032B0DD1019855
:10260000FFF7F7FC0346002B03D003238DF81F30A0
:102610000EE002238DF81F300AE09DF80F30012BE9
:1026200003D102238DF81F3002E003238DF81F3001
:102630009DF81F3019460198FFF7AFFC30E0019874
:10264000FFF79EFD0346002B2AD00198FFF71CFEE2
:1026500003460693069B9BB240339BB29B00ADF8AA
:102660001630069B1846FFF7B7FBBDF81630184624
:10267000FFF773FB9DF80330002B11D00198FFF793
:1026800003FE03461846FFF70DFE0490049B002B43
:1026900006D00122069B02FA03F31846FFF784FBDB
:1026A00000BF09B000BD00BF10C4030000B585B075
:1026B0000190019A01210020FFF7CCFC0023039335
:1026C0000BE0039B9B00019A13441B68002B01D075
:1026D000012306E0039B01330393039B002BF0D0FF
:1026E0000023184605B000BD00B589B00190002355
:1026F00007935DE0354A079B1344503393F900304C
:10270000B3F1FF3F50D00798FFF7D8FD059001992E
:102710000598FFF7FCFC0346002B46D00798FFF70F
:10272000E1FD03468DF813300598FFF776FC03466C
:102730008DF812309DF81230022B03D103238DF84F
:102740001B3002E002238DF81B309DF81B30194628
:102750000598FFF722FC0598FFF7AAFC0598FFF7FC
:1027600093FD03461846FFF79DFD0390039B002B46
:102770001BD09DF81330032B0FD09DF81230022B85
:1027800003D19DF81330012B07D09DF81230032B95
:102790000BD19DF81330022B07D19DF81320039B1A
:1027A00011460598984700E000BF079B0133079347
:1027B000079B032B9ED90198FFF778FF0346002B58
:1027C00095D100BF00BF09B000BD00BF304F002051
:1027D00000B589B000230693002300934FF4807363
:1027E000ADF81230012307930023059321E0BDF8D3
:1027F00012301846FFF79DFA0346002B0ED00798BB
:10280000FFF7DEFA0346002B08D0BDF81230184659
:10281000FFF7A3FA069A079B13430693079B5B00F7
:102820000793BDF812300433ADF81230059B013325
:102830000593059B072BDAD94FF4BE70FFF779FAA1
:102840000346002B0DD04FF4BE70FFF786FA069BAF
:1028500043F0004306936B461A4601210020FFF720
:10286000F9FB069BDBB2002B29D001230793002341
:10287000059321E0079A069B1340002B16D005987C
:10288000FFF7F2FA03900598FFF7FEFA03468DF87A
:102890000B300598FFF706FD0190019B002B05D03A
:1028A0009DF80B20019B114603989847079B5B00FE
:1028B0000793059B01330593059B072BDAD9069BEC
:1028C000002B03DA6B461846FFF70EFF00BF09B076
:1028D00000BD000008B5064B1B68002B03D105495D
:1028E0005120F8F7CDF9024B1B68984708BD00BF8F
:1028F0008C4F00205CC4030082B00190019B044A0D
:10290000934201D1034B00E00023184602B0704708
:10291000002000408C4F002000B587B0019000914E
:10292000019B002B03D11B497720F8F7A9F90198E7
:10293000FFF7E2FF0590059B002B25D000238DF8C3
:10294000133000238DF80B300DF10B03184602F005
:102950001DFC059B1B79002B03D001238DF8133040
:1029600005E0059B009A1A60059B01221A719DF8EB
:102970000B30184602F01EFC9DF81330002B03D0DC
:1029800011230393039B02E000230393039B184648
:1029900007B000BD5CC4030000B585B00190019B89
:1029A000002B03D109499B20F8F76AF90198FFF73A
:1029B000A3FF0390039B002B05D0039B00221A600A
:1029C000039B00221A7100BF05B000BD5CC4030068
:1029D00082B003468DF807309DF90730002B0CDBE1
:1029E0009DF8073003F01F0205499DF907305B0988
:1029F000012000FA02F241F8232000BF02B0704724
:102A000000E100E082B003468DF807309DF9073001
:102A1000002B13DB9DF8073003F01F0209499DF9D5
:102A200007305B09012000FA02F2203341F823202D
:102A3000BFF34F8F00BFBFF36F8F00BF00BF02B067
:102A4000704700BF00E100E082B0034600918DF8BE
:102A500007309DF90730002B0ADB009BDAB20C49E6
:102A60009DF907305201D2B20B4483F800230BE0EA
:102A7000009BDAB207499DF8073003F00F03043BCF
:102A80005201D2B20B441A7600BF02B0704700BFA9
:102A900000E100E000ED00E000B583B003460A4627
:102AA0008DF8073013468DF806309DF80630012B5F
:102AB00003D99DF80630032B0BD99DF80630042B63
:102AC00003D99DF80630072B03D907496B20F8F787
:102AD000D7F89DF806209DF9073011461846FFF7F4
:102AE000B3FF00BF03B000BDA4C4030000B583B0B2
:102AF00003468DF807309DF907301846FFF768FF49
:102B000000BF03B000BD00B583B003468DF80730A9
:102B10009DF907301846FFF775FF00BF03B000BDF1
:102B200000B585B00190019B002B0AD0064B43F005
:102B300001030393019B9B010293039B0298984717
:102B400000E000BF05B000BD60C5030082B00346D1
:102B50008DF807309DF8073003F1804303F5E0431B
:102B600001221A6000BF02B0704782B00346ADF880
:102B70000630BDF8063003F1804303F5E0431B68DF
:102B8000002B14BF01230023DBB2184602B07047AC
:102B900084B00346ADF80630BDF8063003F180433B
:102BA00003F5E04300221A60BDF8063003F18043CC
:102BB00003F5E0431B680393039B00BF04B0704719
:102BC00082B003468DF807300B468DF80630134669
:102BD0008DF805300A499DF807309DF805205133DE
:102BE0001B010B4404331A6005499DF807309DF81A
:102BF000062051331B010B441A6000BF02B070471E
:102C00000070004082B003468DF807300B46ADF8E7
:102C100004301346ADF80230BDF9043099B2BDF965
:102C200002301A0405489DF807300A431B0103448B
:102C300003F21C531A6000BF02B0704700700040DE
:102C400082B00190034A019BC2F8043300BF02B076
:102C5000704700BF0070004082B00190034A019BA2
:102C6000C2F8083300BF02B0704700BF00700040D8
:102C700000B585B003460A468DF8073013468DF837
:102C800006309DF80730072B04D90B4940F2D620B7
:102C9000F7F7F6FF9DF80630002B02D1802303934F
:102CA00001E0402303939DF807305B00039A02FA8A
:102CB00003F3184605B000BDD4C40300024B012243
:102CC000C3F8002500BF704700700040024B00228F
:102CD000C3F8002500BF70470070004082B001902B
:102CE0000091054A019BC2F82C36034A009BC2F8AA
:102CF000303600BF02B070470070004082B003461B
:102D00008DF80730034A9DF80730C2F8F03500BF50
:102D100002B070470070004082B003468DF8073063
:102D2000034A9DF80730C2F8F43500BF02B070477F
:102D300000700040024BD3F8F435DBB21846704700
:102D40000070004000B583B0034600918DF8073055
:102D5000009B1B7803F00302009B5B781B0103F0D0
:102D600030031A43009B9B781B0203F4E0631A4371
:102D7000009BDB781B0303F480531A43009B1B79F1
:102D80001B0403F4E0231A43009B5B791B0503F447
:102D9000801342EA0301009B9B791B0603F08072BB
:102DA0000A489DF807300A431B01034403F5A36357
:102DB0001A60009BD979009B1A7A9DF80730184653
:102DC000FFF7FEFE00BF03B000BD00BF0070004073
:102DD00000B58FB04FF48270FFF7C7FE0346002B9B
:102DE00046D04FF48270FFF7D3FE8E4B93F82E300F
:102DF00083F00103DBB2002B04D18A4B93F82F3010
:102E0000002B35D000238DF81C30864B5B6808936F
:102E1000844B1B899BB2ADF82430824BDB68002BBE
:102E200003D1804B00221A7419E07E4B1A8B7D4B24
:102E30005A837C4BDB687B4A53607A4B1A8B794B05
:102E40001A81784B0022DA60764B93F82E3083F0AB
:102E50000103DBB2002B02D00020FFF777FE714B9D
:102E60001B6807AA104698476E4B002283F82F2054
:102E70006C4B93F82E30002B5ED04FF48070FFF730
:102E800074FE0346002B57D04FF48070FFF780FE8E
:102E9000644B5B8B634A92F82D2093421BD9614BA4
:102EA0005B8B604A92F82D209B1A9AB25D4B5A8335
:102EB0005C4B5A685B4B1B899BB21946594B5B8B29
:102EC000CB1A5B001344574A92F82D20114618463E
:102ED000FFF704FF29E0534B5B8B524A92F82D20F9
:102EE000934214D14F4BDB68002B10D04D4B012285
:102EF00083F82F204B4B00225A834A4BDB68494A08
:102F000092F82D2011461846FFF7E8FE0DE0454BDC
:102F10005B8B444A92F82D20934206D1414B01220B
:102F200083F82F203F4B00225A834FF48270FFF723
:102F30002FFE0420FFF70AFE4FF48870FFF715FEFE
:102F40000346002B0ED04FF48870FFF721FE354B5F
:102F500000221A7402238DF81030324B1B6804AA29
:102F6000104698474FF48A70FFF7FFFD0346002B89
:102F700007D04FF48A70FFF70BFE2A4B00221A7419
:102F80004CE0284B5B690D9345E00D9B0A930A9B2F
:102F9000002B01D1202303E00A9BB3FA83F3DBB2B9
:102FA0000C934FF000420C9B22FA03F3DB430D9A83
:102FB00013400D930C9B9BB246339BB29B00ADF824
:102FC0002E30BDF82E301846FFF7CFFD0346002BFC
:102FD00021D0BDF82E301846FFF7DAFD01238DF819
:102FE0000430BDF82E30A3F58C73DB08DBB28DF80E
:102FF0000830BDF82E30A3F58C7303F00403C3F33F
:10300000800383F00103DBB28DF80930054B1B68A8
:1030100001AA104698470D9B002BB6D100BF0FB0F8
:1030200000BD00BF944F002000B585B00190009115
:10303000019B002B03D13249D820F7F721FE009BDA
:10304000002B03D12E49DA20F7F71AFE2D4B93F807
:103050002C30002B03D008230393039B4CE0294A18
:10306000009B1360019B1B781846FFF747FE019BEE
:103070005B781846FFF750FE019BDA78214B83F806
:103080002E20204B012283F82C201E4B00221A7484
:103090001C4B002283F82D201A4B00225A61194B39
:1030A000002283F82F206FF00040FFF7D5FD4FF48A
:1030B0008270FFF76DFD4FF48070FFF769FD4FF4EC
:1030C0008A70FFF765FD019B9B7819460720FFF783
:1030D000E3FC0720FFF70AFD0220FFF7B1FD094BD3
:1030E00093F82E30002B02D00120FFF7A9FDFFF747
:1030F000E5FD00230393039B184605B000BD00BF08
:103100000CC50300944F002000B585B0304B93F8F8
:103110002C30002B04D12F494FF48470F7F7B0FD09
:103120006FF00040FFF798FD0720FFF7ECFC082048
:10313000FFF70CFD00238DF80F3042F2107302935D
:103140004FF48A70FFF711FD0346002B03D00123D3
:103150008DF80F3008E00020FFF7E2FC029B013BF6
:103160000293029B002BEBD19DF80F30002B04D172
:10317000184940F21110F7F783FDFFF7A7FD144B34
:1031800000221A740023019318E0114A019B0C33AA
:103190005B0013441B79002B0DD0019BDBB218465A
:1031A00000F0AAF80090009B002B04D0094940F2DF
:1031B0001B10F7F765FD019B01330193019B072B62
:1031C000E3D9034B002283F82C2000BF05B000BDDB
:1031D000944F00200CC5030000B585B00346009154
:1031E0008DF80730424B93F82C30002B04D1414925
:1031F0004FF49370F7F744FD9DF80730072B04D97F
:103200003C4940F22710F7F73BFDFFF793FD0346DB
:10321000002B09D0364B93F82D30002B04D03549C4
:1032200040F22910F7F72CFD009BDB79092B03D81E
:10323000009BDB79002B04D12E4940F23110F7F7C7
:103240001FFD009B1B7A092B04D92A4940F2331039
:10325000F7F716FD264B1B7CDBB2002B03D01123A6
:103260000393039B41E0009B1B79002B03D0009B41
:103270001B79012B01D1FFF729FD9DF807301C4A6E
:103280000C335B0013441B79002B07D1184B93F8C8
:103290002D300133DAB2164B83F82D209DF807301C
:1032A000009AD179124A0C335B0013440A461A7112
:1032B0009DF80730009A117A0D4A0C335B001344D5
:1032C0000A465A719DF8073000991846FFF73AFDF3
:1032D000009B1B79002B03D0009B1B79012B01D194
:1032E000FFF7ECFC00230393039B184605B000BDD9
:1032F000944F00200CC5030000B585B003468DF83F
:1033000007309DF80730072B04D9274940F2631096
:10331000F7F7B6FC254B93F82C30002B04D122494B
:103320004FF4B270F7F7ACFC204B1B7CDBB2002BE8
:1033300003D011230393039B32E09DF807301B4A0F
:103340000C335B0013441B79002B07D0174B93F809
:103350002D30013BDAB2154B83F82D209DF8073054
:10336000124A0C335B00134400221A719DF8073097
:103370000E4A0C335B00134400225A719DF807304B
:10338000002200211846FFF71BFC9DF8073040F291
:10339000FF720749184600F05BF900230393039B73
:1033A000184605B000BD00BF0CC50300944F0020B7
:1033B00000F8FFFF00B589B0034600918DF8073093
:1033C0004F4B1B7CDBB2002B03D011230393039BD9
:1033D00093E04B4B01221A740320FFF73DFC0121BF
:1033E0000098FFF77BFC464B93F82D30012B0FD94B
:1033F0000023079309E0079BDBB200220021184657
:10340000FFF7DEFB079B01330793079B072BF2D9DE
:103410009DF807303A4A0C335B00134419799DF844
:103420000730374A0C335B0013445A799DF8073054
:103430001846FFF7C5FB0020FFF788FB0420FFF7C5
:1034400085FB00238DF81B3042F2107305934FF477
:103450008270FFF78AFB0346002B03D001238DF80F
:103460001B3008E00020FFF75BFB059B013B059349
:10347000059B002BEBD19DF81B30002B04D121497B
:1034800040F2A510F7F7FCFB4FF48070FFF780FBCC
:103490004FF48270FFF77CFB194B93F82D30012B12
:1034A00019D90023049313E0049BD8B2144A049B57
:1034B0000C335B0013441979114A049B0C335B00F5
:1034C00013445B791A46FFF77BFB049B013304939B
:1034D000049B072BE8D90A4B93F82E30002B03D01E
:1034E0000320FFF7ADFB02E00220FFF7A9FB044B2E
:1034F00000221A7400230393039B184609B000BDF1
:10350000944F00200CC5030000B585B001900B4618
:10351000ADF802304C4B93F82C30002B04D14B49C2
:1035200040F2C910F7F7ACFBBDF80230464A92F8FA
:103530002D2093FBF2F101FB02F29B1A002B04D029
:1035400042494FF4E570F7F79BFB1220FFF784FB2D
:103550003D4B1B7CDBB2022B06D11220FFF770FB28
:1035600011230393039B6BE0374B1B7CDBB2012BD6
:1035700035D1354BDB68002B06D00220FFF760FB0E
:1035800011230393039B5BE02F4A019BD3602E4AD8
:10359000BDF8023013832C4B93F82E3083F00103D7
:1035A000DBB2002B14D000BF4FF48070FFF7DDFAC0
:1035B000034683F00103DBB2002BF5D14FF480709A
:1035C000FFF7E6FABDF8023019460198FFF786FBCF
:1035D0000220FFF735FB00230393039B30E002201A
:1035E000FFF72EFB184B01221A74174A019B5360F8
:1035F000154ABDF802301381134B0022DA60124BDA
:1036000093F82E30002B0BD00F4ABDF802305383B5
:103610000D4B93F82D3019460198FFF75FFB0CE036
:10362000BDF8023019460198FFF758FB4FF480703F
:10363000FFF7AEFA0020FFF789FA00230393039BFC
:10364000184605B000BD00BF944F00200CC5030014
:1036500000B585B003468DF807300B46ADF8043051
:103660001346ADF802304C4B93F82C30002B04D1AC
:103670004A4940F26A20F7F703FB474B1B68002BCF
:1036800004D1464940F26B20F7F7FAFABDF904304D
:1036900013F5006F04DA41494FF41B70F7F7F0FAA5
:1036A000BDF90230B3F5006F04DB3C4940F26D20F8
:1036B000F7F7E6FABDF90420BDF902309A4204DBBF
:1036C000364940F26E20F7F7DBFABDF90220BDF96A
:1036D00004109DF807301846FFF794FA9DF807305C
:1036E00000211846FFF7C4FA0390BDF9043013F522
:1036F000006F11D1284B5A699DF807305B000133E8
:103700004FF0004121FA03F3DB431340224A536197
:103710000398FFF7A1FA0FE01F4B5A699DF8073095
:103720005B0001334FF0004121FA03F313431A4ABF
:1037300053610398FFF784FA9DF80730012118467A
:10374000FFF796FA0390BDF9023040F2FF72934200
:1037500010D1114B5A699DF807305B004FF00041C2
:1037600021FA03F3DB4313400B4A53610398FFF73D
:1037700073FA0EE0084B5A699DF807305B004FF072
:10378000004121FA03F31343034A53610398FFF7FF
:1037900057FA00BF05B000BD944F00200CC50300D0
:1037A00082B003468DF807309DF90730002B0CDB03
:1037B0009DF8073003F01F0205499DF907305B09AA
:1037C000012000FA02F241F8232000BF02B0704746
:1037D00000E100E082B003468DF807309DF9073024
:1037E000002B13DB9DF8073003F01F0209499DF9F8
:1037F00007305B09012000FA02F2203341F8232050
:10380000BFF34F8F00BFBFF36F8F00BF00BF02B089
:10381000704700BF00E100E082B0034600918DF8E0
:1038200007309DF90730002B0ADB009BDAB20C4908
:103830009DF907305201D2B20B4483F800230BE00C
:10384000009BDAB207499DF8073003F00F03043BF1
:103850005201D2B20B441A7600BF02B0704700BFCB
:1038600000E100E000ED00E082B00190019B1B0B45
:103870005BB2184602B0704700B583B003460A46F3
:103880008DF8073013468DF806309DF80630012B71
:1038900003D99DF80630032B0BD99DF80630042B75
:1038A00003D99DF80630072B03D907496B20F7F79A
:1038B000E7F99DF806209DF9073011461846FFF7F5
:1038C000ABFF00BF03B000BD68C5030000B583B007
:1038D00003468DF807309DF907301846FFF760FF63
:1038E00000BF03B000BD00B583B003468DF80730BC
:1038F0009DF907301846FFF76DFF00BF03B000BD0C
:1039000082B001900B468DF803309DF80330019A88
:10391000134401221A6000BF02B0704784B00190C6
:103920000B46ADF80230BDF80230019A1344002274
:103930001A60BDF80230019A13441B680393039B7D
:1039400000BF04B0704782B001900B46ADF8023062
:10395000BDF80230019A13441B68002B14BF0123E9
:103960000023DBB2184602B0704782B0019000918C
:10397000019BD3F80022009BDB431A40019BC3F854
:10398000002200BF02B0704782B001900091019BFD
:10399000009AC3F8042300BF02B0704782B00190C0
:1039A0000091019B009AC3F8082300BF02B0704742
:1039B00082B00190019B0522C3F8002500BF02B030
:1039C000704782B00190019B0022C3F8002500BF20
:1039D00002B0704784B0039002910192039B029A57
:1039E000C3F80825039B019AC3F80C2500BF04B057
:1039F000704782B00190019BD3F80835184602B099
:103A0000704782B00190019BD3F80C35184602B084
:103A1000704782B001900091019B009AC3F8242561
:103A200000BF02B0704784B00190019BD3F8C4344A
:103A30000393019B039AC3F8C424039B184604B064
:103A4000704782B001900B468DF803309DF803203B
:103A5000019BC3F8882500BF02B0704782B0019077
:103A6000019BD3F81835DBB2184602B0704782B01C
:103A700001900B468DF803309DF80320019BC3F89D
:103A80001C2500BF02B0704782B001900091019BDD
:103A9000009AC3F8002200BF02B0704700B583B09F
:103AA0000190019B1B68184600F050F80346002B5C
:103AB00004D105494FF4F670F7F7E2F84FF0A04350
:103AC000184603B000BD00BF98C5030000B585B01F
:103AD0000190084611461A4603468DF803300B46FE
:103AE0008DF8023013468DF8013001AB1846FFF710
:103AF000D5FF03909DF803209DF802305B001A4328
:103B00009DF801309B001A439DF818301B0242EAD1
:103B100003019DF81C301B04019A1943039B02F515
:103B2000E07243F8221000BF05B000BD00B585B0BB
:103B3000039000230193002300930023012200211E
:103B40000398FFF7C3FF00BF05B000BD84B001902C
:103B5000019B5B09029300230393029B002B03D17B
:103B60004FF0FF33039300BF019B03F01F0301934A
:103B7000039A019B22FA03F303F00103DBB2184618
:103B800004B0704784B0019003230393019B03F0BA
:103B90000103002B02D04FF402430393019B03F077
:103BA0000203002B02D048F201230393019B03F090
:103BB0000403002B02D048F202230393039B184610
:103BC00004B0704700B583B001900091009B5A6B20
:103BD000009B9B6A9A4207D00198FFF7F2FE01987A
:103BE000FFF7E6FE002300E00123184603B000BD06
:103BF00000B58BB00590049103920293049B002BB7
:103C000003D14C49AA20F7F73BF8049B1A68049BA0
:103C10005B689A4203D14749AB20F7F731F8059B1F
:103C20001B791A4613461B019B1A9B00424A1344F8
:103C30000893089B93F82E30002B03D0082307939A
:103C4000079B74E0059B1A68059B1B7919463B4B43
:103C500053F8213019461046FEF75EFE0346002B4E
:103C600003D011230793079B61E0089B039A1A6016
:103C7000089B029A5A60089B00229A60089B0022C7
:103C800083F82D20089B002283F83120089B002216
:103C900083F83020049B5A7B089B83F83820049BD0
:103CA00018680023019306230093032300220021B8
:103CB000FFF70CFF049B5868002301930623009331
:103CC000032300220021FFF701FF059B1B680993D6
:103CD000049B1968049B5B681A460998FFF77AFEF3
:103CE000049B9B6819460998FFF793FE089B1B6885
:103CF000002B15D0059B1B681846FFF7B5FD034642
:103D00001A46049B1B7B19461046FFF7B5FD059B21
:103D10001B681846FFF7A8FD03461846FFF7D6FDB7
:103D2000089B012283F82E2000230793079B184647
:103D30000BB000BDCCC50300C44F002010C603006B
:103D400000B585B00190019B1B791A4613461B01F3
:103D50009B1A9B001C4A13440393039B1B68002B74
:103D600008D0019B1B681846FFF77EFD03461846E6
:103D7000FFF7B9FD019800F051F8019B1B68184648
:103D8000FEF70AFE039B93F8383083F00103DBB2A1
:103D9000002B11D0019B1B681846FFF72AFE034633
:103DA0001846FFF7C3FE019B1B681846FFF729FE64
:103DB00003461846FFF7BAFE039B002283F82E2025
:103DC00000BF05B000BD00BFC44F002000B585B0E6
:103DD0000190019B1B791A4613461B019B1A9B00FD
:103DE0000C4A13440393039B93F82E30012B04D009
:103DF00009494FF48570F6F743FF019B1B68029356
:103E00000298FFF7D5FD039B022283F82E2000BF06
:103E100005B000BDC44F0020CCC5030000B585B07F
:103E20000190019B1B791A4613461B019B1A9B00AC
:103E30000B4A13440393019B1B68029309490298A0
:103E4000FFF7ACFD03210298FFF78FFD0298FFF703
:103E5000B8FD039B012283F82E2000BF05B000BDF2
:103E6000C44F00208642040000B583B00190009149
:103E7000009B5A6B009B9B6A9A420AD2009B5A6A2B
:103E8000009B5B6B13441B7819460198FFF7EFFD0D
:103E90001EE0009B93F82C30002B05D01C210198CC
:103EA000FFF72EFD002314E0009B1B6A03F0400384
:103EB000002B09D01C210198FFF722FD009B012255
:103EC00083F82D20002304E014210198FFF718FD4A
:103ED0000123184603B000BD10B582B001900091D7
:103EE000009B5A6B009B9B6A9A4244D2009B5A6A81
:103EF000009B5B6BD4180198FFF7B0FD034623705D
:103F0000009B5B6B5A1C009B5A63009B5A6B009B87
:103F10009B6A013B9A420AD1009B1B6A03F0400353
:103F2000002B04D102210198FFF7AEFD1FE0009B9A
:103F30005A6B009B9B6A9A4207D1009B1B6A03F055
:103F40004003002B01D1012316E0009B5A6B009B1C
:103F50009B6A9A420BD1009B1B6A03F04003002B23
:103F600005D0009B022283F82D20002304E02021AD
:103F70000198FFF7C5FC0123184602B010BD00B53B
:103F800085B00190009100238DF80F304FF48271BD
:103F90000198FFF7D8FC0346002B07D04FF482713D
:103FA0000198FFF7BBFC01238DF80F30009B93F8BD
:103FB0002F30002B0FD04FF492710198FFF7AEFC19
:103FC0004FF48E710198FFF7A9FC4FF484710198AA
:103FD000FFF7A4FC78E04FF492710198FFF7B3FC6F
:103FE0000346002B0DD04FF492710198FFF796FC19
:103FF00014210198FFF784FC009B012283F82F20F5
:1040000062E04FF48E710198FFF79DFC0346002B90
:104010002BD04FF48E710198FFF780FC009B5B6BF7
:104020005A1C009B5A634FF492710198FFF78BFC66
:104030000346002B0DD04FF492710198FFF76EFCF0
:1040400014210198FFF75CFC009B012283F82F20CC
:104050003AE000990198FFF707FF034683F0010358
:10406000DBB2002B30D0002354E04FF48471019870
:10407000FFF769FC0346002B26D04FF484710198AA
:10408000FFF74CFC4FF492710198FFF75CFC03467C
:10409000002B0DD04FF492710198FFF73FFC1421D3
:1040A0000198FFF72DFC009B012283F82F200BE0E5
:1040B00000990198FFF710FF034683F00103DBB27C
:1040C000002B01D0002325E09DF80F30002B20D0DD
:1040D000009B002283F82D20009B93F82F3083F063
:1040E0000103DBB2002B12D000990198FFF76AFDA3
:1040F0000346002B14BF01230023DBB283F001032E
:10410000DBB203F00103DAB2009B83F82F20002317
:1041100000E00123184605B000BD000000B587B0DF
:104120000190009100230593374B03934FF4827164
:104130000198FFF7F3FB4FF492710198FFF7EEFB44
:104140004FF48E710198FFF7E9FB4FF484710198E9
:10415000FFF7E4FB00210198FFF796FC009B00228B
:104160005A63009B002283F82F2020210198FFF73B
:10417000C7FB009B93F82D30012B03D00821019839
:10418000FFF7BEFB00990198FFF76EFE009B1B68CE
:10419000002B0DD0009B40F286229A60009B9B680A
:1041A00019460198FFF7F0FB2AE0039B013B0393BC
:1041B000039B002B06DD00990198FFF7E0FE034604
:1041C000002BF2D1009B93F82F30002B0DD00198DB
:1041D000FFF729FC0490049B002B04D00498FFF700
:1041E000D1FC059001E003230593039B002B07DC22
:1041F0000198FFF7E6FB0198FFF7DAFB032305932D
:10420000059B184607B000BDA086010000B587B029
:1042100001900091002305933D4B03934FF482716D
:104220000198FFF77BFB4FF492710198FFF776FB43
:104230004FF48E710198FFF771FB4FF48471019870
:10424000FFF76CFB009B00225A63009B002283F85F
:104250002F20009B9B6A012B0AD1009B1B6A03F055
:104260004003002B04D102210198FFF70DFC03E06D
:1042700001210198FFF708FC20210198FFF740FB7E
:10428000009B93F82D30022B03D000210198FFF7FB
:1042900037FB009B1B68002B0DD0009B40F2862251
:1042A0009A60009B9B6819460198FFF76DFB2AE016
:1042B000039B013B0393039B002B06DD00990198B0
:1042C000FFF75DFE0346002BF2D1009B93F82F30E1
:1042D000002B0DD00198FFF7A6FB0490049B002B48
:1042E00004D00498FFF74EFC059001E003230593EA
:1042F000039B002B07DC0198FFF763FB0198FFF796
:1043000057FB03230593059B184607B000BD00BF6C
:10431000A086010030B587B003900291019200930E
:1043200000230593029B93F82D30012B05D1019BAF
:104330001B78012B01D108236DE0029B93F82D30EF
:10434000022B05D1019B1B78012B01D0082362E0D1
:1043500032490398FFF722FB029B93F83030DBB21F
:10436000002B09D0029B9B6819460398FFF70CFBB2
:1043700011230593059B4EE0009B03F00403C3F358
:10438000800383F00103DAB2029B83F83020029BA2
:10439000009A1A62029B019A03F10C0415460FCD94
:1043A0000FC42B682360019B5A68029B9A62019B91
:1043B000DA68029B5A62019B5B7819460398FFF703
:1043C00040FB019B1B78012B17D0019B1B78002B16
:1043D00004D1009B03F02003002B01D0012300E057
:1043E000002303F00103DAB2029B83F82C20029928
:1043F0000398FFF793FE059004E002990398FFF7F6
:1044000005FF0590029B1B68002B03D1029B002235
:1044100083F83020059B184607B030BD8642040063
:1044200000B587B003900291019200230593039B8E
:104430001B791A4613461B019B1A9B00144A13440E
:104440000493049B1B68002B08D1029B1B78022B52
:1044500004D1104940F28620F6F712FC049B1B6839
:10446000002B08D1029B1B78032B04D1094940F291
:104470008720F6F705FC039B1868019B029A0499B4
:10448000FFF748FF0590059B184607B000BD00BF29
:10449000C44F0020CCC5030000B58BB0039001923F
:1044A00000930B468DF80B3000238DF814309DF8E7
:1044B0000B308DF81530009B069300230793019B6A
:1044C0000893002309939DF83030002B01D020225F
:1044D00000E0002205AB19460398FFF7A1FF034651
:1044E00018460BB000BD00B58BB00390019200934D
:1044F0000B468DF80B3001238DF814309DF80B30EE
:104500008DF81530009B069300230793019B0893B9
:104510000023099305AB002219460398FFF780FF9B
:10452000034618460BB000BD30B58BB0019000912A
:10453000009B1B68002B04D1494940F2BA20F6F7D2
:104540009FFB00990198FFF71AFD0346002B40F0EE
:104550008480009B93F82F3083F00103DBB2002BA3
:1045600031D0009B1B7B022B03D0009B1B7B032BBA
:1045700029D1009B5A6A009B9B699A4223D1009BD8
:10458000DA69009B5A62009B5A69009B9A62009B01
:104590001B6A03F02003C3F34013DAB2009B83F8D5
:1045A0002C20009B002283F82D20009B1B7B032BDB
:1045B00004D100990198FFF7B1FD4FE000990198EF
:1045C000FFF724FE4AE0009B04AC03F10C050FCD7D
:1045D0000FC42B682360009B93F82F30002B22D050
:1045E0000198FFF720FA0990099B03F00203002BC2
:1045F00003D001238DF80C3018E0099B03F004036D
:10460000002B03D002238DF80C300FE0099B03F040
:104610000103002B03D003238DF80C3006E00423A4
:104620008DF80C3002E000238DF80C30009B002246
:1046300083F83020009B1B6A03F00403002B04D096
:10464000009B93F82F30002B08D0009B1B68009A2A
:10465000516803AA1046984700E000BF0BB030BD78
:10466000CCC5030008B503490348FFF75DFF00BF51
:1046700008BD00BFC44F00200030004086B003904A
:104680000291019201238DF817309DF81730204ACE
:10469000039B13601E4A029B53601D4A019B93605B
:1046A000039B44F20102934212D0039B44F20202A4
:1046B000934220D1019B164AD360154BDB681B68DF
:1046C000134A9361124BDB685B68114AD36112E0B5
:1046D000019B0F4A13610E4B1B699B680C4A536187
:1046E0000B4B1B691B680A4A9361094B1B695B688A
:1046F000074AD36100BF72B600BF00BF9DF81730F4
:10470000DBB2002BFAD162B600BF00BF06B0704723
:104710000050002000B583B002900091019244F255
:10472000010071466A4600F003F803B000BD00BF07
:1047300030B58BB007900691059272B600BF04F0B9
:1047400073FB04F02DF90346002BFAD1079B44F2CA
:10475000020293422FD0079B44F20202934269D88F
:10476000079B44F20102934237D0079B44F20102B7
:1047700093425FD8079B012B05D0079B41F20102B2
:1047800093420CD056E0394A394BD31ADB081B044C
:1047900043F001033749184604F064F857E0334A00
:1047A000334BD31ADB081B0443F00103324918468C
:1047B00004F058F84BE0059B09932C4A2C4BD31A74
:1047C000DB081B0443F00100099B5B681A46099B48
:1047D0001B682A4904F063F839E0059B0893234AD3
:1047E000234BD31ADB081B0443F00104089B9D688C
:1047F000089B9B68184603F079FB03461846089B04
:104800005B681946089B1B68069A02920193009107
:1048100003462A461A49204604F080F8134A144BEE
:10482000D31ADB081B0443F001031649184604F0B1
:1048300019F80CE00D4A0E4BD31ADB081B0443F0A9
:104840000103069A1049184604F019F800BF0F4BEF
:104850001B6803F00103002B00D000BE059A0699E7
:104860000798FFF70BFF00BF0BB030BD90AD030002
:1048700068AD030014C6030034C6030058C6030025
:1048800074C603009CC60300B0C60300F0ED00E050
:104890002DE9F04383B0144801F070F8034600227C
:1048A0001C461546114BD3E9002314EB020845EBD7
:1048B0000309CDE900890E4BD3E90023DDE90001AE
:1048C000904271EB030307D2DDE9002312F18076F9
:1048D00043F10007CDE90067DDE9002310461946E2
:1048E00003B0BDE8F08300BFF8440020285000204A
:1048F0003050002088B001900091019B0793009BED
:104900000693079BD3E90223CDE90423069BD3E951
:104910000223CDE90223DDE90423DDE9020190420F
:1049200071EB03032CBF01230023DBB2184608B050
:1049300070470000F0B585B00190019B5B69002BCA
:1049400003D14349A520F6F79BF900238DF80F30DA
:10495000404B1B78002B75D0019B002B72D0FFF7CA
:1049600097FF019BD3E90223904271EB030358D3D5
:1049700000238DF80D300DF10D03184600F006FCF4
:10498000019B1B69002B06D101994FF0FF324FF0BC
:10499000FF33C1E902239DF80D30184600F00AFCF0
:1049A000019B5B69019A92691046984700238DF834
:1049B0000C3003AB184600F0E9FB019B1B69002B90
:1049C0001AD0019BD3E90223B3F1FF3F08BFB2F134
:1049D000FF3F11D0019BD3E902230199096900200F
:1049E0000C460546161943EB0507019BC3E9026710
:1049F00001238DF80E3002E000238DF80E309DF873
:104A00000C30184600F0D6FB9DF80E30002B19D064
:104A1000019B1946104803F0CBF901238DF80F30A4
:104A200010E0019BD3E90223B3F1FF3F08BFB2F1CD
:104A3000FF3F07D0019B1946074803F0B9F901234E
:104A40008DF80F309DF80F30184605B0F0BD00BF4F
:104A5000D4C603002450002020C7030030B58BB01B
:104A6000019000910D230993009B00221A70019B75
:104A7000D3E90223CDE90623FFF70AFFDDE9062388
:104A8000141A63EB0105CDE90245DDE90223012A91
:104A900073F1000319DB029BB3F5350F06D300F069
:104AA000FBFA0246154B1344059301E0069B059360
:104AB0004FF49603059A0021114800F059FE099021
:104AC000099B002B05D1012314E000210C4800F0C4
:104AD00023FF099B0D2B07D10198FFF72BFF0346FE
:104AE0001A46009B1A7004E006494FF48670F6F7E8
:104AF000C7F8002318460BB030BD00BFFFFFB4005D
:104B0000F8440020D4C6030000B583B0034803F086
:104B100087F90190019B184603B000BD20C7030030
:104B200000B583B0034803F09BF90190019B184640
:104B300003B000BD20C7030000B583B0FFF7E4FF5A
:104B40000190019B002B06D001994FF0FF324FF0EE
:104B5000FF33C1E90223019B002BEFD100BF00BF4F
:104B600003B000BD054BD3E9002312F1807043F17F
:104B70000001024BC3E9000100BF7047285000202C
:104B800010B582B00190124B1B68002B1DD001980C
:104B900000F0F4FE04460021019800F0E1FE034617
:104BA0001946204600F06CFA0346B3F5960F04D37D
:104BB000084940F24110F6F763F8054B1B681846A8
:104BC000FFF7B8FE024B00221A6000BF02B010BD12
:104BD00020500020D4C6030000B583B00190FFF739
:104BE00057FE02460B460349C1E9002300BF03B04C
:104BF00000BD00BF3050002000B587B00190FFF726
:104C00008FFF049000238DF81730049B002B58D0A1
:104C1000049BD3E90223B3F1FF3F08BFB2F1FF3F8A
:104C200002D1FFF771FF54E02D4B1B68002B03D11D
:104C300001238DF817301DE0049BD3E90201284BB6
:104C40001B68D3E90223904271EB030312D20123C4
:104C50008DF81730224B1B68D3E90223B3F1FF3FD5
:104C600008BFB2F1FF3F05D01D4B1B6819461D4818
:104C700003F09EF89DF81730002B2BD0FFF744FF70
:104C800004900DF10F0319460498FFF7E7FE034661
:104C9000002B12D0124B1B68002B02D1019800F0A0
:104CA00079FC0F4A049B13609DF80F3083F00103D9
:104CB000DBB2002BA3D000BF0FE0094B00221A602B
:104CC0009DE7074B1B68002B06D1019800F078FC8C
:104CD00002E094E700BF00E000BF00BF07B000BDE6
:104CE0002050002020C7030000B587B001902A4A59
:104CF00003AB1946104600F071FF049045E0049B99
:104D00001B78022B2BD0022B2FDC002B02D0012B87
:104D100011D02AE0049B5B68D3E90223B3F1FF3F83
:104D200008BFB2F1FF3F22D0049B5B6819461B48C5
:104D300003F03EF81BE0049B5A68194B1B689A422B
:104D400003D1174B00221A6012E0049B5B681946DE
:104D5000124803F097F803468DF8173008E0FFF784
:104D6000EBFE104B01221A7002E000BF00E000BF12
:104D7000094A03AB1946104600F048FF064A03AB48
:104D80001946104600F02AFF0490049B002BB6D170
:104D900000BF00BF07B000BD9050002020C7030037
:104DA000205000202450002000B583B001900198CD
:104DB00000F0A6FD0346002B01D0FFF7D3FE002133
:104DC000019800F0B9FD0346002B02D00198FFF7CF
:104DD000D7FE0121019800F0AFFD0346002B02D061
:104DE0000198FFF7F9FE0198FFF77EFF0198FFF7A2
:104DF00003FF00BF03B000BD08B5024800F0CAFDC4
:104E000000BF08BDF844002000B585B003460091FE
:104E10008DF80730104A02AB1946104600F0B3FE79
:104E20000390039B002B13D0039B9DF807201A705F
:104E3000039B009A5A60084A02AB1946104600F0DC
:104E4000BAFE0346002B01D0FFF7D6FF002300E097
:104E50000423184605B000BD9050002000B583B073
:104E6000154B1B680093154808235822144900F07D
:104E700044FE0190019B002B01D0019B19E06B4681
:104E8000104A1946104800F009FB0190019B002BC5
:104E900001D0019B0DE001210B4800F021FD012311
:104EA0000A4A0121084800F0A1FB094B01221A70AF
:104EB000019B184603B000BD1CC7030090500020A2
:104EC00038500020A94D0300F8440020FFFF7F0068
:104ED0002450002000B587B003900B4601928DF856
:104EE0000B30039B002B04D1164940F25A20F5F7F2
:104EF000C7FE019B002B04D1124940F25B20F5F75D
:104F0000BFFE019B002B01D1072317E0039B1B6809
:104F1000059305994FF0FF324FF0FF33C1E90223AB
:104F2000059B019A5A619DF80B30012B0CBF0123A0
:104F30000023DBB21A46059B1A610023184607B00E
:104F400000BD00BFD4C60300F0B589B00390029144
:104F50000192039B002B04D1264940F26B20F5F708
:104F60008FFE039B069300238DF817300DF1170376
:104F7000184600F00BF9069BD3E90223B3F1FF3F7B
:104F800008BFB2F1FF3F11D1FFF782FC02460B468A
:104F9000029900200C460546161943EB0507069BAF
:104FA000C3E9026701238DF81F3002E000238DF86A
:104FB0001F309DF81730184600F0FCF89DF81F30A0
:104FC00083F00103DBB2002B01D000230EE0069B2F
:104FD000019A9A61069B1B69002B02D0069B029ADC
:104FE0001A6106990020FFF70FFF0346184609B023
:104FF000F0BD00BFD4C6030000B587B00190019B8F
:10500000002B04D11D4940F29320F5F739FE019B96
:10501000049300238DF80F300DF10F03184600F0B4
:10502000B5F8049BD3E90223B3F1FF3F08BFB2F107
:10503000FF3F03D100238DF8173009E004994FF0AA
:10504000FF324FF0FF33C1E9022301238DF81730FF
:105050009DF80F30184600F0ADF89DF8173083F03A
:105060000103DBB2002B01D0002304E004990120EE
:10507000FFF7CAFE0346184607B000BDD4C60300BA
:1050800082B001900091019A009BD31A23F07F43D4
:10509000184602B07047000008B5034800F06EFCE7
:1050A0000346184608BD00BFF844002082B0EFF365
:1050B00010830093009B019372B600BF019B1846BA
:1050C00002B0704762B600BF00BF704700B585B040
:1050D0000190FFF7EBFF0390154B9B68002B1BD152
:1050E000134B01229A60134BD3F88020124B1340CC
:1050F0000F4A13600F4B104AC3F880200D4BD3F8B2
:1051000084300B4A53600B4B4FF0FF32C3F88420BE
:10511000019B00221A7002E0019B01221A70039B7E
:10512000002B01D1FFF7CEFF0023184605B000BDCC
:10513000A450002000E100E0FC06FFBD00B585B0F2
:1051400003468DF807300F4B9B68002B16D09DF857
:105150000730002B12D1FFF7A9FF03900A4A094B31
:105160001B681360084A074B5B685360054B0022BD
:105170009A60039B002B01D1FFF7A4FF0023184680
:1051800005B000BDA450002000E100E000B583B0F0
:10519000019000F027F80346012B03D00449432077
:1051A000F5F76EFD0198FFF791FF00BF03B000BD5A
:1051B0002CC7030000B583B003468DF8073000F01C
:1051C00011F80346012B03D005495120F5F758FD8E
:1051D0009DF807301846FFF7B1FF00BF03B000BDD0
:1051E0002CC7030084B0EFF305830193019BC3F345
:1051F00008030393039B002B0DD1EFF3148300935B
:10520000009B0293029B03F00103C3F3000383F0AE
:105210000103DBB200E00123184604B07047000030
:1052200082B003468DF807309DF90730002B0CDB68
:105230009DF8073003F01F0205499DF907305B090F
:10524000012000FA02F241F8232000BF02B07047AB
:1052500000E100E082B003468DF807309DF9073089
:10526000002B0DDB9DF8073003F01F0206499DF966
:1052700007305B09012000FA02F2403341F8232095
:1052800000BF02B0704700BF00E100E082B00346FB
:1052900000918DF807309DF90730002B0ADB009B49
:1052A000DAB20C499DF907305201D2B20B4483F8AF
:1052B00000230BE0009BDAB207499DF8073003F0AA
:1052C0000F03043B5201D2B20B441A7600BF02B066
:1052D000704700BF00E100E000ED00E000B583B0E2
:1052E00003460A468DF8073013468DF806309DF8C0
:1052F0000630012B03D99DF80630032B0BD99DF8FE
:105300000630042B03D99DF80630072B03D9074933
:105310006B20F5F7B5FC9DF806209DF90730114686
:105320001846FFF7B3FF00BF03B000BD7CC7030002
:1053300000B583B003468DF807309DF90730184655
:10534000FFF76EFF00BF03B000BD000000B585B0E1
:105350000190019B002B0AD0064B43F001030393FD
:10536000019B9B010293039B0298984700E000BFBA
:1053700005B000BD70C8030084B003900291019293
:10538000039B029A02F5A872019943F8221000BF0C
:1053900004B0704782B001900091019B009A02F521
:1053A000A87253F82230184602B0704782B00190BC
:1053B0000091019B009AC3F8042300BF02B070471C
:1053C00082B001900091019B009AC3F8082300BFAE
:1053D00002B0704782B001900B46ADF80230BDF8C4
:1053E0000230019A13441B68184602B0704784B01B
:1053F00001900B46ADF80230BDF80230019A13441B
:1054000000221A60BDF80230019A13441B6803930E
:10541000039B00BF04B0704782B00190019BD3F89A
:105420000435184602B0704700B583B00190009172
:10543000009BB3F5805F04D305494FF4BE70F5F7C8
:105440001FFC019B009AC3F8082500BF03B000BDF4
:10545000ACC7030082B001900B468DF803309DF875
:105460000320019B13441A460123136000BF02B0BE
:10547000704782B001900091019B009AC3F84423C9
:1054800000BF02B0704782B001900091019B009A6A
:10549000C3F8482300BF02B07047000000B587B0D2
:1054A000039002910192039B002B03D132495520B6
:1054B000F5F7E6FB029B002B03D12F495620F5F7A9
:1054C000DFFB019B002B03D12B495720F5F7D8FBBD
:1054D000039B5B791946294A019B42F82130039BC3
:1054E0005B79274ADB0013441B79002B0ED008237D
:1054F0000593244A244BD31ADB081B0443F0020310
:105500002249184603F0AEF9059B32E0039B1A6866
:10551000029B1B8819461046FFF786FF039B93F9F1
:105520000420029B9B7819461046FFF7D7FE039B89
:1055300093F904301846FFF7FBFE039B5B79104A92
:10554000DB00134401221A71039B5B7919460C4A54
:10555000039B42F83130002305930A4A0A4BD31AC1
:10556000DB081B0443F003030949184603F07AF9EA
:10557000059B184607B000BDDCC70300B0500020F3
:10558000B450002098AD030068AD030020C80300AC
:1055900044C8030000B583B00190019B002B03D1E8
:1055A00006498720F5F76CFB019B1B680021184614
:1055B000FFF750FF00BF03B000BD00BFDCC7030012
:1055C00000B583B00190019B002B03D106498D20CB
:1055D000F5F756FB019B1B6804211846FFF73AFFBD
:1055E00000BF03B000BD00BFDCC7030000B587B03B
:1055F0000390029101928DF80330039B002B03D19D
:1056000020499620F5F73CFB4FF48032029B02FACA
:1056100003F30593029B50339BB29B00ADF812300D
:10562000019B23F07F430193039B1B680599184658
:10563000FFF7C6FE039B1B6805991846FFF723FF7B
:10564000039B1B68BDF8122011461846FFF7CFFEDA
:10565000039B1B68019A02991846FFF78DFE039B76
:105660001B6805991846FFF704FF9DF80330002BCF
:1056700005D0039B1B6805991846FFF797FE00BFEE
:1056800007B000BDDCC7030000B585B003900291F0
:1056900013468DF80730039B002B03D10B49A9203B
:1056A000F5F7EEFA039B1B6802991846FFF7E1FE37
:1056B0009DF80730002B05D0039B1B680299184604
:1056C000FFF774FE00BF05B000BD00BFDCC70300DC
:1056D00000B583B001900091019B002B03D10949D3
:1056E000B320F5F7CDFA019B1B6800991846FFF728
:1056F000CAFE019B1B6800991846FFF761FE00BFB8
:1057000003B000BDDCC7030000B583B001900B46B9
:10571000ADF80230019B002B03D10E49BA20F5F7FA
:10572000AFFA019B1B68BDF8022011461846FFF72F
:1057300051FE0346002B09D0019B1B68BDF80220D7
:1057400011461846FFF753FE012300E000231846D8
:1057500003B000BDDCC7030082B001900091019A44
:10576000009BD31A23F07F43184602B07047000015
:1057700000B58BB00390029101920093039B002B24
:1057800003D15649CD20F5F77BFA4FF48032029BC6
:1057900002FA03F30993029B50339BB29B00ADF8CE
:1057A0002230019B23F07F43019309990398FFF76F
:1057B0008FFF039B1B681846FFF72EFE0790039B85
:1057C0001B6802991846FFF7E5FD0690039B1B68CE
:1057D000079A02991846FFF7CFFD039B1B68BDF897
:1057E000222011461846FFF702FE07990698FFF798
:1057F000B3FF0346012B0AD11020FFF7A7FD039B3F
:105800001B68BDF8222011461846FFF7F0FD039BE8
:105810001B681846FFF700FE079007990198FFF7ED
:105820009BFF0590039B1B6809991846FFF721FE13
:10583000059B012B15D1039B1868019B01331A4668
:105840000299FFF799FD1020FFF780FD039B1B686D
:105850001846FFF7E1FD0246079B934235D00D2322
:1058600039E0039B1B68019A02991846FFF784FDF3
:10587000039B1B681846FFF7CFFD0790019B013B78
:1058800007991846FFF768FF0590009BC3F1FF13C7
:1058900003F57F43059A9A4201D90D231BE0059B2E
:1058A000002B12D1039B1868019B01331A46029901
:1058B000FFF762FD039B1B681846FFF7ADFD02462C
:1058C000079B934201D00D2305E00122099903981B
:1058D000FFF7DAFE002318460BB000BDDCC703005B
:1058E00000B583B001900B468DF803309DF803306E
:1058F0001A4602210198FFF7C7FE00BF03B000BDA2
:1059000000B583B001904FF482710198FFF7FCFE5F
:105910000346184603B000BD00B583B00190009166
:105920004FF48032009B02FA03F319460198FFF707
:10593000CFFE00BF03B000BD00B585B0019000915F
:10594000009B50339BB29B00ADF80E30BDF80E307B
:1059500019460198FFF7D8FE0346184605B000BD6A
:1059600000B583B001900091019B1B680099184617
:10597000FFF710FD0346184603B000BD00B583B025
:105980000190019B1B681846FFF746FD0346184629
:1059900003B000BD00B583B00190019B93F90430C2
:1059A0001846FFF757FC00BF03B000BD08B5044B15
:1059B0001B68044A12681046984700BF08BD00BF24
:1059C000B0500020B450002086B001900091019B9F
:1059D00053E8011F8AB2D88902449889824228BFBD
:1059E000121A1889824202BFBFF32F8F002307E0EB
:1059F000C2EA010243E801200028E9D14FF0010387
:105A00008DF80F30059002910492029A009B1A6063
:105A10009DF80F30DBB2184606B0704784B0019095
:105A2000019951E8013FC3EA034341E80132002AEA
:105A3000F7D10392029300BF04B0704786B0019083
:105A40000091019B53E8021F1FFAA1F2D8888242FD
:105A500002BFBFF32F8F00230DE0D889024498893D
:105A6000824228BF121AC1EA024243E802200028FB
:105A7000E8D14FF001038DF80F30059002910492A8
:105A8000029A009B1A609DF80F30DBB2184606B0F0
:105A9000704784B00190019951E8023FC3EA234363
:105AA00041E80232002AF7D10392029300BF04B00A
:105AB000704786B00190019B53E8021FDA88B1EB72
:105AC000314F4FF0000017BF89B242EA024241EA6B
:105AD000024204E05968B1EB314F08BF012043E8AE
:105AE00002210029E8D18DF80F00059104929DF85C
:105AF0000F30DBB2184606B0704784B003900291B5
:105B000011461A460B46ADF806301346ADF8043080
:105B1000029B002B01D10E231FE0BDF80630BDF81B
:105B20000420B3FBF2F101FB02F29B1A9BB2002BA3
:105B300001D0092311E0039B029A1A60039B002203
:105B40005A60039B00229A60039BBDF806209A814D
:105B5000039BBDF80420DA810023184604B0704787
:105B600000B585B001900198FFF7A3FF03468DF8BB
:105B70000F309DF80F30002B01D0002300E01123DF
:105B8000184605B000BD00B585B001900091009B9E
:105B900019460198FFF718FF0346002B07D0019B19
:105BA0001B68009A128813440393039B00E00023B0
:105BB000184605B000BD00B583B001900091009B70
:105BC0001A88009B5B889A4204D10198FFF726FF50
:105BD000012300E00023184603B000BD00B585B0E6
:105BE00001900091009B19460198FFF727FF03469B
:105BF000002B07D0019B1B68009A52881344039323
:105C0000039B00E00023184605B000BD00B583B03B
:105C100001900091009B1A88009B5B889A4204D1F6
:105C20000198FFF736FF012300E00023184603B078
:105C300000BD00B585B001900091009B5B099B0001
:105C4000019A1A44009B03F01F03012101FA03F398
:105C50001946104600F05FF8039000BF05B000BD84
:105C600000B585B001900091009B5B099B00019AF3
:105C70001A44009B03F01F03012101FA03F3DB43E5
:105C80001946104600F075F8039000BF05B000BD3E
:105C900082B001900091009B5B099B00019A134424
:105CA0001A68009B03F01F0322FA03F303F00103B9
:105CB000C3F30003DBB2184602B0704710B487B0DC
:105CC00001900091019B009A53E8004F104643E871
:105CD000000191F0000FF7D1059404900391059B0A
:105CE000184607B010BC704710B487B001900091FF
:105CF000019B009A53E8004F44EA020043E8000188
:105D000091F0000FF6D1059404900391059B18467D
:105D100007B010BC704710B487B001900091019B90
:105D2000009A53E8004F44EA020043E8000191F072
:105D3000000FF6D1059404900391049B184607B018
:105D400010BC704710B487B001900091019B009A7D
:105D500053E8004F04EA020043E8000191F0000F0D
:105D6000F6D1059404900391059B184607B010BC2A
:105D7000704710B487B001900091019B009A53E8DE
:105D8000004F04EA020043E8000191F0000FF6D151
:105D9000059404900391049B184607B010BC70470B
:105DA00010B487B001900091019B009A53E8004F16
:105DB00004EB020043E8000191F0000FF6D10594D6
:105DC00004900391049B184607B010BC704710B4B0
:105DD00087B001900091019B009A53E8004FA4EB1B
:105DE000020043E8000191F0000FF6D10594049001
:105DF0000391049B184607B010BC704700B583B0F0
:105E0000019001210198FFF76FFF0346184603B088
:105E100000BD00B583B0019001210198FFF77BFF21
:105E20000346184603B000BD00B583B001900021C1
:105E30000198FFF787FF0346184603B000BD000036
:105E400000B583B001900B468DF80330019B002B09
:105E500003D10849E820F4F713FF019BDA689DF8A5
:105E600003300199098A01FB03F31344184603B078
:105E700000BD00BF78C8030000B583B00190009159
:105E8000019B002B03D10849F520F4F7F9FE009B94
:105E9000019AD2689B1A019A128AB3FBF2F3DBB221
:105EA000184603B000BD00BF78C8030000B585B038
:105EB0000190019B002B01D10E234CE0019B1B683C
:105EC000002B03D12549FF20F4F7DAFE019B5B6824
:105ED000002B04D121494FF48070F4F7D1FE019BCF
:105EE0009B68002B04D11D4940F20110F4F7C8FE55
:105EF000019BDB68002B04D118494FF48170F4F743
:105F0000BFFE019B1B8A002B04D1144940F20310F1
:105F1000F4F7B6FE019B9A68019B5B68D31A8DF873
:105F20000F30019B1B68019A52681A6007E0019BC1
:105F30001A681368591C11609DF80F201A709DF89B
:105F40000F305A1E8DF80F20002BF0D1019B1B68DB
:105F500000221A710023184605B000BD78C803005E
:105F600000B585B00190019B002B04D11F494FF46F
:105F70009270F4F785FE0023039300238DF80A3016
:105F80000DF10A031846FFF701F9019B1B681A6817
:105F9000019B5B689A421FD9019B1B681A68013AF2
:105FA0001A601B681B7819460198FFF749FF039098
:105FB000019B9A68019B1B681B68D31A8DF80B30F4
:105FC000019B1B681B799DF80B209A4204D9019B09
:105FD0001B689DF80B201A719DF80A301846FFF7D0
:105FE000E9F8039B184605B000BD00BF78C8030060
:105FF00010B584B001900091019B002B04D115498C
:1060000040F24710F4F73CFE009B002B04D11149ED
:106010004FF4A470F4F734FE009B039300238DF833
:106020000B300DF10B031846FFF7B0F8019B1B680E
:106030001C68621C1A6003990198FFF71DFF034654
:1060400023709DF80B301846FFF7B4F800BF04B07A
:1060500010BD00BF78C8030000B583B00190019B5C
:10606000002B03D10B493120F4F70AFE019B9B68FA
:10607000002B0CD0019B5B69019A1069019A116891
:10608000019A92689847019B00229A6000E000BF45
:1060900003B000BDC0C803000EB400B584B00190C9
:1060A000019B002B03D118494220F4F7E9FD019B25
:1060B0005B69002B03D114494320F4F7E1FD019BF8
:1060C0001B68002B03D110494420F4F7D9FD019B34
:1060D0005B68002B03D10C494520F4F7D1FD059BEB
:1060E000002B0AD00023039306AB039303AB1A469D
:1060F0000599019800F0B4F900E000BF04B05DF824
:1061000004EB03B0704700BFC0C8030000B583B004
:1061100001900B468DF803309DF803300A2B03D114
:106120000D210198FFF7F2FF019B1A68019B9B6804
:10613000581C0199886013449DF803201A70019B34
:106140009A68019B5B689A4202D30198FFF784FF2B
:1061500000BF03B000BD00B587B00390029101926B
:10616000009300230593009B03F00103002B24D030
:106170000BE0029B01330293059B013305939DF8CD
:10618000133019460398FFF7C1FF029B1B788DF867
:1061900013309DF81330002BEBD106E0019B013B3F
:1061A000019320210398FFF7B1FF019A059B9A42C2
:1061B0002ED9019B002BF1D12AE0029B002B0BD0A2
:1061C000029804F06AFB059006E0019B013B0193F5
:1061D00020210398FFF79AFF019A059B9A420FD955
:1061E000019B002BF1D10BE0029B01330293059B35
:1061F000013305939DF8133019460398FFF786FF86
:10620000029B1B788DF813309DF81330002BEBD1D7
:1062100000BF07B000BD000000B589B00390029137
:1062200001920093029B07930123069307E0079ACC
:10623000019BB2FBF3F30793069B01330693079A86
:10624000019B9A42F3D2009A069B9A4201D9009B85
:1062500006930B9B03F00103002B22D10A9B002B1A
:106260001FD00B9B03F00203002B06D0009B002BDA
:1062700003D130238DF8173002E020238DF817303A
:1062800008E00A9B013B0A939DF8173019460398D2
:10629000FFF73CFF0A9B002B03D0069A0A9B9A4209
:1062A000EFD301230793009B012B03D9009B013BF4
:1062B000009309E0029A079BB2FBF3F30493049A5C
:1062C000019B9A4200D205E0079B019A02FB03F36F
:1062D0000793E8E7029A079BB2FBF3F30493049B4E
:1062E000079A02FB03F3029AD31A0293144A049BFF
:1062F00013441B7819460398FFF708FF079A019B80
:10630000B2FBF3F30793079B002BE3D10B9B03F046
:106310000103002B11D00A9B002B0ED006E00A9B34
:10632000013B0A9320210398FFF7F0FE0A9B002B04
:1063300003D0069A0A9B9A42F1D300BF09B000BD70
:1063400048C9030000B589B00590049103920293F7
:10635000049B002BB8BF5B4206930123079307E021
:10636000039B069A92FBF3F30693079B0133079373
:10637000039B069A9A42F3DA029A079B9A4201D942
:10638000029B07930A9B002B0AD0049B002B04DB83
:106390000B9B03F00403002B02D00A9B013B0A93E2
:1063A0000B9B03F00203002B02D0029B002B16D0A4
:1063B0000B9B03F00103002B11D10A9B002B0ED085
:1063C00006E00A9B013B0A9320210598FFF79EFEF9
:1063D0000A9B002B03D0079A0A9B9A42F1D3049B95
:1063E000002B07DA049B5B4204932D210598FFF7ED
:1063F0008DFE08E00B9B03F00403002B03D02B2140
:106400000598FFF783FE0B9B03F00203002B19D0C6
:106410000B9B03F00103002B14D1029B002B11D125
:106420000A9B002B0ED006E00A9B013B0A93302109
:106430000598FFF76BFE0A9B002B03D0079A0A9B77
:106440009A42F1D304990B9B01930A9B0093029B00
:10645000039A0598FFF7E0FE00BF09B000BD0000F9
:1064600000B58FB0059004910392059B002B04D1D9
:106470009E4940F25220F4F703FC059B5B69002B18
:1064800004D19A494FF41570F4F7FAFB059B1B6889
:10649000002B04D1954940F25520F4F7F1FB059B00
:1064A0005B68002B04D1914940F25620F4F7E8FBD9
:1064B000049B002B00F06381049B1B788DF8373020
:1064C000049B013304939DF83730002B00F04E817C
:1064D0009DF83730252B40F03D8100230A9301239E
:1064E0000C93049B1B788DF837309DF83730302B98
:1064F0000DD0302B1BDC2B2B11D02D2B17D10A9B51
:1065000043F001030A93049B0133049312E00A9BB6
:1065100043F002030A93049B013304930AE00A9BAD
:1065200043F004030A93049B0133049302E0002325
:106530000C9300BF0C9B002BD3D1002309939DF833
:1065400037302A2B0CD1039B1B68191D039A11604D
:106550001B68099A13440993049B013304931AE0BE
:10656000049B1B788DF837309DF837302F2B12D9CC
:106570009DF83730392B0ED8049B01330493099AC8
:1065800013469B0013445B001A469DF837301344B2
:10659000303B0993D3E700230B93049B1B788DF8C2
:1065A00037309DF837302E2B1DD1049B01330493D7
:1065B000049B1B788DF837309DF837302F2B12D97C
:1065C0009DF83730392B0ED8049B013304930B9A76
:1065D00013469B0013445B001A469DF83730134462
:1065E000303B0B93E4E7049B1B788DF837309DF824
:1065F00037306C2B03D09DF83730682B07D1049BC4
:1066000001330493049B1B788DF83730EFE79DF836
:106610003730782B58D0782B00F39780752B41D0EA
:10662000752B00F39280732B62D0732B00F38D8057
:10663000702B6BD0702B00F38880692B20D0692BD6
:1066400000F38380642B1BD0642B7EDC632B06D08D
:10665000632B7ADC252B73D0582B35D075E0039B48
:106660001B68191D039A11601B680C930C9B8DF815
:106670001F309DF81F3019460598FFF747FD65E06C
:10668000039B1B68191D039A11601B680C930A9BDE
:106690000193099B00930B9B0A220C990598FFF725
:1066A00051FE53E0039B1B68191D039A11601B6880
:1066B0000C930C990A9B0193099B00930B9B0A2254
:1066C0000598FFF7A9FD41E0039B1B68191D039A7C
:1066D00011601B680C930C990A9B0193099B009312
:1066E0000B9B10220598FFF797FD2FE000C90300D0
:1066F000039B1B68191D039A11601B6808930A9B72
:10670000099A08990598FFF726FD1FE0039B1B686F
:10671000191D039A11601B680C9330210598FFF72F
:10672000F5FC78210598FFF7F1FC0C990023019303
:1067300008230093082310220598FFF76DFD05E05C
:1067400025210598FFF7E2FC00E000BF049B013320
:10675000049305E09DF8373019460598FFF7D6FCFD
:10676000049B1B78002B7FF4A7AE00E000BF059BC5
:106770001B7B002B04D00598FFF76EFC00E000BFE8
:106780000FB000BD00B587B0059004910392059B42
:10679000002B10D1184A194BD31ADB081B0443F005
:1067A0000100174A17490E2300930B46164902F0C1
:1067B00089F80E231DE0049B002B10D10E4A0F4BCD
:1067C000D31ADB081B0443F00100104A0D490E23C5
:1067D00000930B460C4902F075F80E2309E0059B67
:1067E000049A1A60059B1B681B68039905989847D3
:1067F0000346184607B000BDD8AD030068AD0300DE
:1068000068C903000CCB030070C903009CC90300D6
:1068100010B586B00590049103920293059B002B5E
:1068200010D1454A454BD31ADB081B0443F0010045
:10683000434A44490E2300930B46434902F042F871
:106840000E2375E0039B002B10D13B4A3B4BD31A20
:10685000DB081B0443F001003C4A3A490E23009335
:106860000B46394902F02EF80E2361E0059B1B68A8
:10687000002B10D1304A314BD31ADB081B0443F0F4
:106880000100334A2F49082300930B462E4902F09A
:1068900019F808234CE0029B002B10D1264A274B05
:1068A000D31ADB081B0443F001002A4A25490923B7
:1068B00000930B46244902F005F8092338E00498B8
:1068C00000F024FA0346002B10D11B4A1B4BD31AAD
:1068D000DB081B0443F001001F4A1A4910230093F0
:1068E0000B46194901F0EEFF102321E0029A0499AA
:1068F000059800F0F1F90346002B10D10E4A0F4B1A
:10690000D31ADB081B0443F00100144A0D4910237D
:1069100000930B460C4901F0D5FF102308E0059BBE
:106920001B689C68029B039A04990598A04703463C
:10693000184606B010BD00BFD8AD030068AD030017
:1069400068C9030020CB030070C90300B0C903006D
:10695000A4C90300B8C90300BCC90300D4C903001B
:1069600010B586B00590049103920293059B002B0D
:1069700010D1604A604BD31ADB081B0443F00100BE
:106980005E4A5F490E2300930B465E4901F09AFF71
:106990000E23ABE0039B002B10D1564A564BD31A63
:1069A000DB081B0443F00100574A55490E230093AE
:1069B0000B46544901F086FF0E2397E0059B1B68A8
:1069C000002B10D14B4A4C4BD31ADB081B0443F06D
:1069D00001004E4A4A49082300930B46494901F0F9
:1069E00071FF082382E0029B002B10D1414A424BE9
:1069F000D31ADB081B0443F00100454A4049092330
:106A000000930B463F4901F05DFF09236EE0059BB3
:106A10005B685A68029BB3FBF2F101FB02F29B1A1E
:106A2000002B10D0334A344BD31ADB081B0443F03D
:106A30000100384A3249092300930B46314901F0DD
:106A400041FF092352E0049800F060F90346002B4F
:106A500010D1284A284BD31ADB081B0443F001004D
:106A60002D4A2749102300930B46264901F02AFF9F
:106A700010233BE0039B184600F048F90346002B27
:106A800010D11C4A1C4BD31ADB081B0443F0010035
:106A9000224A1B49102300930B461A4901F012FFAA
:106AA000102323E0029A0499059800F015F9034693
:106AB000002B10D10F4A104BD31ADB081B0443F0F4
:106AC0000100174A0E49102300930B460D4901F0AF
:106AD000F9FE10230AE0059B1B68DC68089B009305
:106AE000029B039A04990598A0470346184606B0EE
:106AF00010BD00BFD8AD030068AD030068C9030036
:106B000034CB030070C90300FCC90300A4C903000F
:106B1000B8C9030004CA030030CA030048CA03000E
:106B20006CCA030010B586B00590049103920293DD
:106B3000059B002B10D13E4A3E4BD31ADB081B04A9
:106B400043F001003C4A3D490E2300930B463C496B
:106B500001F0B8FE0E2368E0059B1B68002B10D1E6
:106B6000334A344BD31ADB081B0443F00100354A87
:106B70003249082300930B46314901F0A3FE082354
:106B800053E0039B002B10D1294A2A4BD31ADB0870
:106B90001B0443F001002C4A2849092300930B46AB
:106BA000274901F08FFE09233FE00499059800F082
:106BB000BAF80346002B10D11D4A1E4BD31ADB082E
:106BC0001B0443F00100214A1C49102300930B468B
:106BD0001B4901F077FE102327E0059B5B681B68CB
:106BE000039A02FB03F31A460499059800F074F81F
:106BF0000346002B10D10E4A0E4BD31ADB081B04A0
:106C000043F00100124A0D49102300930B460C4932
:106C100001F058FE102308E0059B1B681C69029BCD
:106C2000039A04990598A0470346184606B010BD7C
:106C3000D8AD030068AD030068C9030048CB03006A
:106C400070C90300A4C90300B8C9030094CA0300B3
:106C5000BCCA030000B585B00190019B002B03D096
:106C6000019B1B68002B28D10023039319E0039A92
:106C700013469B0013449B001A46144B1344019384
:106C8000019B1B68002B09D0019B1B68DB690198E5
:106C900098470346002B01D0012314E0039B0133E6
:106CA00003930B4A094BD31A0A4AA2FB03231B097D
:106CB000039A9A42DBD3002305E0019B1B68DB6942
:106CC000019898470346184605B000BDC839002012
:106CD000DC390020CDCCCCCC84B003900291019261
:106CE000039BDB68029A9A4209D3029A019B1344E0
:106CF0005A1E039B1B699A4201D8012300E000231E
:106D000003F00103DBB2184604B0704782B0019073
:106D1000019B03F00303002B0CBF01230023DBB214
:106D2000184602B0704782B001900091019B5B68E9
:106D30001B685A1E009B1340002B0CBF012300232D
:106D4000DBB2184602B0704729DF704700BF184613
:106D500028DF704700BF184600B589B00190009148
:106D6000019B1B689B68002B35D002AB00221A6088
:106D70005A609A60DA601A615A61009B0393019B22
:106D80009B680793019B1B79002B02D0012B0DD030
:106D90001AE001238DF80830019B1B690493019BC5
:106DA000DB680593019B5B6906930DE002238DF878
:106DB0000830019BDB684FF4805202FB03F304931D
:106DC000019B5B69069300BF019B1B689B6802AA3D
:106DD0001046984700E000BF09B000BD00B587B07D
:106DE0000190019B5A69019B9B69D31AB3F5805F9F
:106DF00028BF4FF4805305930422059BB3FBF2F3A5
:106E0000012B38BF01230593019B1A69019B9B69E4
:106E100013440493019BDB681A46019B9B6913444E
:106E20000393059A03990498FFF78EFF03461846CB
:106E300007B000BD00B583B00190019BDA68019BEB
:106E40001B6913441846FFF783FF0346184603B037
:106E500000BD000008B5034B03491846FEF7D6FEF7
:106E600000BF08BD485100207051002008B5084BF4
:106E700008491846FEF7B2FE0346074A1360064B60
:106E80001B68002B14BF01230023DBB2184608BD8A
:106E900048510020705100206C51002000B583B093
:106EA0002A4B1B7A002B0BD1FFF7E0FF034683F040
:106EB0000103DBB2002B03D0244B00225A6042E0D6
:106EC000224B02221A72224B1B681B79002B02D024
:106ED000012B07D00DE01E4B1B681846FFF77EFF05
:106EE000019009E01A4B1B681846FFF7A3FF0190B9
:106EF00002E00323019300BF019B002B03D0019B01
:106F0000112B0CD00FE0114B1B7C83F00103DBB283
:106F1000002B17D00021022000F05CF912E00B4B8F
:106F200001221A720FE00A4B1B6803211846FFF773
:106F300013FF064B00221A72044B00225A60FFF71F
:106F400089FF00E000BF03B000BD00BF5851002022
:106F50006C51002008B50848FEF750FF0346002B8F
:106F600008D1064B5B7C83F00103DBB2002B01D020
:106F7000FFF794FF00BF08BD5C510020585100206E
:106F800084B001901B4B0022DA60019B1B79002B1F
:106F900002D0012B19D028E0019B5A69019B9B6903
:106FA000D31AB3F5805F28BF4FF480530393019B3E
:106FB0009A69039B1A44019B9A61019B9A69019B00
:106FC0005B699A420ED1012310E0019B1B695A1C98
:106FD000019B1A61019B1A69019B5B699A4203D16B
:106FE000012303E000BF00E000BF0023184604B007
:106FF000704700BF5851002082B00190084BDB68F9
:107000000133074AD360064BDB68082B04D9044BD5
:107010000022DA60012300E00023184602B0704726
:107020005851002000B583B001900091019B0C4A9B
:107030005A600C48FEF7E2FE0346002B0BD102F02B
:107040000DFD03461A46074B1A7407481C238C2271
:107050000649FEF752FD0023184603B000BD00BFED
:107060005CCB03005851002048510020BC50002048
:1070700000B583B00190009114220021054803F06F
:107080008DFC054B1846FEF76BFD0023184603B038
:1070900000BD00BF585100204851002000B587B006
:1070A0000390029101920093174A04AB19461046CF
:1070B000FEF769FD0590059B002B01D104231FE01D
:1070C0001C220021059803F069FC059B00221A711F
:1070D000059B039A1A60059B089A9A60059B029A81
:1070E0001A61059B019ADA60059B009A5A61064A6B
:1070F00004AB19461046FEF75EFDFFF72BFF002399
:10710000184607B000BD00BF4851002000B585B04B
:107110000390029101920093029B009A19460198F4
:1071200003F00AFC0023184605B000BD00B587B087
:107130000390029101920093174A04AB194610463E
:10714000FEF721FD0590059B002B01D1042320E0D3
:107150001C220021059803F021FC059B01221A71D5
:10716000059B039A1A60059B009A9A604FF480521F
:10717000029BB3FBF2F2059BDA60059B019A5A6110
:10718000054A04AB19461046FEF715FDFFF7E2FE6F
:107190000023184607B000BD4851002082B001907E
:1071A0000091009B184602B0704782B00190009198
:1071B0000023184602B0704782B00190044B1B7A3E
:1071C000002B14BF01230023DBB2184602B0704726
:1071D0005851002000B585B001900091019B022B11
:1071E00002D0019B032B48D1264B1B7A022B05D0E2
:1071F000022B35DC002B42D0012B31E000238DF82F
:107200000F30019B022B03D0019B032B09D011E00F
:107210001D4B1B681846FFF7B3FE03468DF80F3071
:1072200008E0194B1B681846FFF7E6FE03468DF889
:107230000F3000BF9DF80F30002B10D0114B0022F3
:107240001A72114B1A68019B022B01D1002300E036
:107250000D2319461046FFF77FFDFFF7FBFD00BF2A
:10726000084B5B7C83F00103DBB2002B02D0FFF7FD
:1072700015FE05E002F0D6FB02E000BF00E000BF13
:1072800005B000BD585100206C51002082B003466B
:1072900000918DF80730064B01225A74044B1B7A7B
:1072A000002B0CBF01230023DBB2184602B070474D
:1072B0005851002000B583B0034600918DF8073087
:1072C0009DF80730012B03D09DF80730032B0DD11B
:1072D000084B00225A749DF80730012B0CBF012384
:1072E0000023DAB2034B1A74FFF7D8FD00BF03B0D6
:1072F00000BD00BF5851002000B583B00190019837
:10730000FEF7D4FD0346184603B000BD00B58BB0B0
:1073100001900091019B1B8A043B0793009A079BF5
:107320001344DA1C079BB2FBF3F38DF81B30019872
:10733000FEF716FE0590059B002B01D1002338E0D7
:10734000059B00221A71059B01225A71079B9AB274
:10735000059BDA80059B09939DF81B30013B049344
:10736000099B019A1A60002308931DE00198FEF71B
:10737000F7FD0390039B002B0ED0059B5B79013337
:10738000DAB2059B5A71099B039A1A60039B019A12
:107390001A60039B099304E0059800F00DF80023A0
:1073A00007E0089B01330893089A049B9A42DDD3B7
:1073B000059B18460BB000BD00B58BB00190019B3A
:1073C0000793079B5B798DF81B30019B08939DF811
:1073D0001B30013B05930023099305E0089B1B68C4
:1073E0000893099B01330993099A059B9A42F5D3A7
:1073F000089B1B680493019B0893002309930BE0EF
:10740000089B1B68039308990498FEF7F1FD039B02
:107410000893099B013309939DF81B30099A9A42FE
:10742000EED300BF00BF0BB000BD00B585B001902A
:10743000019B0393039B043301211846FEF7B0FC24
:1074400000BF05B000BD00B587B00190019B05935A
:10745000059B043301211846FEF7B9FC034603934C
:1074600003AB0493049B1B78002B02D10198FFF718
:10747000A3FF00BF07B000BD00B591B0039002911B
:1074800001920093039B002B03D14349B620F3F7ED
:10749000F7FB039B0993039B0F93099BDB881A4619
:1074A000099B5B7902FB03F3043B0893009A089B5A
:1074B0009A4203D33849C420F3F7E2FB099BDB88E7
:1074C0000793009B1A1D079BB2FBF3F30E93009BDF
:1074D0000433079AB3FBF2F2079901FB02F29B1AFD
:1074E0000D93019B1A68009B1344089A9A4204D298
:1074F000089A009BD31A0C9302E0019B1B680C9323
:10750000019B0C9A1A6005E00F9B1B680F930E9B62
:10751000013B0E930E9B002BF6D100230B93079A91
:107520000D9BD31A0A930A9A0C9B934228BF1346C9
:107530000A932AE0029A0B9B134406930F9A0D9B21
:107540001344043305939DF84830002B05D00A9A64
:107550000599069803F0F0F904E00A9A069905984F
:1075600003F0EAF900230D930F9B1B680F930C9A0D
:107570000A9BD31A0C930B9A0A9B13440B93079AFA
:107580000C9B934228BF13460A930C9B002BD1D12E
:1075900000BF00BF11B000BD88CB030000B589B0AB
:1075A0000590049103920293039B079307AA00237B
:1075B0000093029B04990598FFF75EFF079B039ACF
:1075C0009A4203D00349F620F3F75AFB00BF09B0F3
:1075D00000BD00BF88CB030000B589B005900491C1
:1075E00003920293039B079307AA01230093029B34
:1075F00004990598FFF740FF079B039A9A4204D02D
:1076000003494FF48070F3F73BFB00BF09B000BDA6
:1076100088CB030082B003468DF807309DF9073010
:10762000002B0DDB9DF8073003F01F0206499DF982
:1076300007305B09012000FA02F2603341F8232091
:1076400000BF02B0704700BF00E100E0BFF34F8F02
:1076500000BF064BDB6803F4E0620449044B1343AC
:10766000CB60BFF34F8F00BF00BFFDE700ED00E030
:107670000400FA0500B583B00190019B002B03D1F3
:107680000449C420F3F7FCFA019B5B68184603B079
:1076900000BD00BFD0CB030000B583B00190019BBB
:1076A000002B03D106497220F3F7EAFA019B00226E
:1076B0001A60BFF35F8F00BF00BF03B000BD00BF03
:1076C00024CC030000B585B00190019B002B03D1B1
:1076D0000A498520F3F7D4FA01210198FEF7EEFA62
:1076E0000390BFF35F8F00BF039B002B0CBF0123F0
:1076F0000023DBB2184605B000BD00BF24CC030058
:1077000000B583B00190019B002B03D10A49922060
:10771000F3F7B6FA019B1B68012B03D006499320AF
:10772000F3F7AEFABFF35F8F00BF019B00221A6030
:1077300000BF03B000BD00BF24CC030033DF70479F
:1077400000BF184641DF704700BF18464FF0804326
:107750000122C3F80025BFF34F8F00BF20BFFDE714
:1077600000B585B000238DF807300DF107031846EA
:10777000FDF70CFDF1EE103A0393039B23F09F03FA
:107780000293029BE1EE103A00BFBFF35F8F00BF90
:107790002620FFF73FFF9DF807301846FDF70AFD4A
:1077A000039B03F00703002B03D003497D20F3F76D
:1077B00067FA00BF05B000BD68CC030008B5064BF2
:1077C00000221A700548FFF767FF0549054800F0D9
:1077D00095FA0023184608BD7C51002078510020FE
:1077E000B4CC03008051002000B583B0FFF7B8FF90
:1077F00002F034F90346002B0ED0FFF7A3FF0190EF
:10780000019B002B0BD0019B022B08D005494FF4A4
:10781000B070F3F735FA02E020BF40BF20BF00BFD1
:1078200003B000BD68CC030000B583B00FE0214871
:10783000FFF720FF0190019B1B681F4A127810463A
:1078400098470346002B31D01A4800F081FA1948B6
:10785000FFF710FF0346002BE9D101F0E5FA01F034
:107860009FF80346002BFAD1134B1B78032B03D050
:10787000114B1B78022B01D1FFF7E8FE02F0EEF866
:107880000346002B0FD0FFF759FF0090009B002B01
:1078900007D0009B022B04D008494FF4D170F3F7B6
:1078A000EFF920BFFDE7FFF751FF00E000BF03B095
:1078B00000BD00BF805100207451002068CC03003F
:1078C00000B583B003468DF807301748FFF7FAFE7E
:1078D000034683F00103DBB2002B21D19DF8073072
:1078E000042B0ED0114B1B78002B03D00E48FFF752
:1078F00007FF16E00E4A9DF8073013700B4B01226C
:107900001A700A4B1B78002B04D10A4940F2D5109B
:10791000F3F7B6F9FFF788FF0348FFF7F1FE00E041
:1079200000BF03B000BD00BF785100207C51002093
:107930007451002068CC030082B00190019B9B68C9
:10794000024A12781344184602B0704706CD03006D
:1079500000B583B001900091019B002B03D1084931
:107960008320F3F78DF9019B9B68009A9A4202D21B
:10797000009B013300E00023184603B000BD00BFA8
:10798000C0CC030000B585B00190019B1B681B684B
:107990000393019B1B685B680293029A039B9A42C4
:1079A00003D3029A039BD31A07E00198FFF7C4FFA1
:1079B0000246039BD21A029B1344184605B000BD31
:1079C00000B585B00190019B002B03D10C49982094
:1079D000F3F756F9019B1B681B680393019B1B6817
:1079E0005B68029302990198FFF7B2FF0246039B7E
:1079F00093420CBF01230023DBB2184605B000BD43
:107A0000C0CC030010B588B001900091002307930B
:107A1000019B002B03D15149A320F3F731F9009BBF
:107A2000002B03D14D49A420F3F72AF900238DF848
:107A30000F300DF10F031846FDF7A8FB0198FFF773
:107A4000BFFF03468DF81B309DF81B3083F0010308
:107A5000DBB2002B03D1019B1B7C002B71D1019B5E
:107A60001B685B680593019B1B685A68019B1C6837
:107A700011460198FFF76CFF034663609DF81B30C9
:107A8000002B0AD0019B1B681A68019B1C681146D9
:107A90000198FFF75DFF03462360019BDB68082B1D
:107AA00024D0082B2DD8042B17D0042B29D8012B38
:107AB00002D0022B08D024E0019B5A68059B134496
:107AC000009A12781A702DE0019B5A68059B5B00A2
:107AD0001344009A12881A8024E0019B5A68059B7F
:107AE0009B001344009A12681A601BE0019B5A68BD
:107AF000059BDB00D118009BD3E90023C1E90023DB
:107B000010E0019B5B681946019BDB68059A02FB4C
:107B100003F30B441846019BDB681A46009902F0F8
:107B20000BFF00BF0198FFF72DFF0490019B1B681E
:107B30009B68049A9A4207D9019B1B68049A9A6031
:107B400002E00423079300E000BF9DF80F301846C1
:107B5000FDF730FB079B184608B010BDC0CC0300F2
:107B600010B588B00390029113468DF807300023BA
:107B70000793039B002B03D14049E720F3F780F8DC
:107B8000029B002B03D13D49E820F3F779F800234D
:107B90008DF817300DF117031846FDF7F7FA039823
:107BA00000F06EF8034683F00103DBB2002B5AD0DD
:107BB000039B1B681B6806939DF8073083F0010345
:107BC000DBB2002B0AD0039B1B681A68039B1C685E
:107BD00011460398FFF7BCFE03462360039BDB6856
:107BE000082B24D0082B2DD8042B17D0042B29D8F0
:107BF000012B02D0022B08D024E0039B5A68069B7D
:107C000013441A78029B1A702FE0039B5A68069B54
:107C10005B0013441A88029B1A8026E0039B5A6873
:107C2000069B9B0013441A68029B1A601DE0039B8D
:107C30005A68069BDB001344D3E900230299C1E98B
:107C4000002312E0039B5B681946039BDB68069ADE
:107C500002FB03F30B441946039BDB681A460298A8
:107C600002F06AFE01E0052307939DF817301846DD
:107C7000FDF7A0FA079B184608B010BDC0CC030062
:107C800000B585B00190019B002B04D10B4940F257
:107C90002B20F2F7F5FF019B1B681B680393019BE8
:107CA0001B685B680293039A029B9A420CBF0123F4
:107CB0000023DBB2184605B000BD00BFC0CC0300F6
:107CC00082B00190019B9B6800229A60019B9B6897
:107CD00000221A61019B9B6800225A61019B9B68EC
:107CE0000022DA60019B9B6800225A60019B9B681E
:107CF00000221A6000BF02B07047000000B583B0D8
:107D000001900091019B002B03D110495020F2F704
:107D1000B7FF009B002B03D10C495120F2F7B0FFB5
:107D2000019B009A1A60019B1B681A68019B5A60AC
:107D3000019B5A68019B1B685B689A4202D1019BB8
:107D400000225A6000BF03B000BD00BF08CD030091
:107D500000B583B00190019B002B03D11349632030
:107D6000F2F78EFF019B1B68002B03D10F496420A3
:107D7000F2F786FF019B5B68002B14D0019B5B68C8
:107D80001A46019B1B689B6813441A46019B5A6064
:107D9000019B5A68019B1B685B689A4204D1019B56
:107DA00000225A6000E000BF03B000BD08CD030010
:107DB00000B585B001900091019B002B03D11749BC
:107DC0003A20F2F75DFF009B002B03D113493B20C3
:107DD000F2F756FF019B5B6803930FE0019B9B68E2
:107DE000039A1268009910469847034683F00103EE
:107DF000DBB2002B07D1039B1B680393039B1B681B
:107E0000002BEBD100E000BF039B1A68009B1A60B7
:107E1000039B009A1A6000BF05B000BD78CD030037
:107E200000B585B00190019B002B03D10B49512077
:107E3000F2F726FF019B5B681B680393019B5B685D
:107E40001B68002B06D0019B5B681A68019B5B686E
:107E500012681A60039B184605B000BD78CD030078
:107E600000B583B00190019B002B03D104495D2034
:107E7000F2F706FF019B5B681B68184603B000BD64
:107E800078CD030000B585B001900091019B002BD7
:107E900003D115496920F2F7F3FE009B002B03D1B3
:107EA00011496A20F2F7ECFE00238DF80B30019B9C
:107EB0005B6803930FE0039B1B68009A9A4207D10B
:107EC000009B1A68039B1A6001238DF80B3006E0B3
:107ED000039B1B680393039B1B68002BEBD19DF84E
:107EE0000B30184605B000BD78CD030000B585B055
:107EF0000190019800F00CF80390039B002B01D037
:107F0000039B00E0014B184605B000BDC4CD030043
:107F100086B00190164B0593164B04931FE0049A0C
:107F2000059BD31ADB10DA0F13445B10DB00059AB4
:107F300013440393039B1B680293029A019B9A428A
:107F400002D9039B04930AE0029A019B9A4203D24E
:107F5000039B0833059302E0039B5B6804E0059AEA
:107F6000049B9A42DBD30023184606B0704700BF3B
:107F7000C4D10300ECD2030000B585B00190019B91
:107F8000002B0AD0064B43F001030393019B9B0196
:107F90000293039B0298984700E000BF05B000BD24
:107FA00000D3030000B583B00190019B002B0AD0E1
:107FB0004FF47A70FFF7E0FF019B013B0193019BB7
:107FC000002BF5D100E000BF03B000BD08B501F003
:107FD000D9FA00BF08BD000000B589B00390029136
:107FE0000192019B002B33D00023079303230693B8
:107FF000029A079B1344019A1946002001F074FA73
:108000000590079A059B13440793019A059BD31A81
:108010000193059B002B13D10F4B1B7883F00103B9
:10802000DBB2002B13D10120FFF7BCFF069B013B05
:108030000693069B002B03D1074B00221A7007E022
:10804000054B01221A70019B002BD1D100E000BF2B
:1080500000BF09B000BD00BF8851002000B585B049
:1080600003900291054B00934023054A029903981F
:1080700000F012F800BF05B000BD00BFD97F0300BB
:108080008C51002082B0019000BF02B0704782B0D6
:10809000019000BF02B0704700B5A1B005900491F7
:1080A000039202930498FFF7C0F9039B1593029B78
:1080B00016930023179300238DF860300023199343
:1080C000229B1A9300231F930FA91F9B0C22049835
:1080D000FFF782FA0C231F93119B1293BDF84030D7
:1080E000ADF84C30BDF84230ADF84E3000238DF87D
:1080F00051309DF83C3003F00303DBB2012B26D155
:108100000F9BC3F395231C939DF83C30C3F3C2032C
:10811000DBB28DF85030BDF83C30C3F38313DBB2D3
:108120001B931B9B9A0009A91F9B0498FFF754FA05
:108130001B9B9B001F9A13441F9312AA09A915ABFE
:10814000009313461B9A1C9800F082FF2FE09DF8C5
:108150003C3003F00303DBB2022B28D1BDF83E30E4
:10816000C3F389139BB21E939DF83C30C3F3C20343
:10817000DBB28DF850301E9B082B28BF08231D93BF
:1081800007A91F9B1D9A0498FFF726FA1F9A1D9BAB
:1081900013441F931E9A1D9BD31A1E9315AB12AA4C
:1081A00007A81D9901F008F81E9B002BE3D1049845
:1081B000FFF749F900BF21B000BD82B00190019BDB
:1081C000DB6801225A7100BF02B0704700B583B06E
:1081D0004FF0FF330193FFF7F9FE0421084800F048
:1081E000EBFD0190019B002B03DA06494120F2F7D9
:1081F00047FD0348FFF7E1FF00BF03B000BD00BF2C
:1082000008AE030018D3030000B583B001900091BD
:10821000019B1B681B6800990198984700BF03B039
:1082200000BD00B583B00190019B1B685B6801989D
:10823000984700BF03B000BD00B583B00190019B1B
:108240001B689B680198984700BF03B000BD82B0CF
:1082500001900B468DF80330019BDB689DF80320ED
:108260001A7100BF02B0704782B00190019BDB68B9
:108270001B79184602B0704782B00190019BDB6801
:1082800001225A7100BF02B0704782B00190019B79
:10829000DB685B79184602B07047000000B585B016
:1082A00001900091019B002B01D107231BE00F4B94
:1082B00000221A70009800F0F7FF0C4A019BC2F8E8
:1082C0000C340B48FFF718F80390039B002B01D0E8
:1082D000039B08E00748FFF7F3FC074A074BD31A54
:1082E000DB0802930023184605B000BD345300207C
:1082F00054AD030070D3030008AE030068AD030063
:10830000024A034BD31ADB081846704708AE030035
:1083100068AD030000B587B001900B468DF80330BF
:108320009DF80330002B1FD0FFF7EAFF04900023D5
:10833000059313E0059B9B000D4A13440393039B95
:108340001B881A46019B1B689A4204D1019B059A1F
:108350001A60002309E0059B01330593059A049BED
:108360009A42E7D3052300E00023184607B000BD7A
:10837000DC39002000B585B001900B468DF8033044
:108380009DF8032001AB11461846FFF7C3FF0346D3
:10839000002B07D1019BDB00044A13440393039B8A
:1083A0001B6800E00023184605B000BD68AD03005F
:1083B00084B001900B468DF80330019BDB00164A18
:1083C000134402939DF80330042B17D0042B1ADCBE
:1083D000032B0ED0032B16DC012B02D0022B04D072
:1083E00011E002238DF80F3011E004238DF80F30D7
:1083F0000DE0029B1B798DF80F3008E0029B5B7942
:108400008DF80F3003E000238DF80F3000BF9DF88A
:108410000F30184604B0704768AD030084B0019077
:10842000009100238DF80F30019B1B7803F00403AB
:10843000DBB2002B24D0019B1B78C3F30103DBB21A
:10844000012B02D0022B0CD017E0009B1B68019A75
:108450001288C2F38312D2B21344DA1C009B1A6052
:108460000BE0009B1B68019A5288C2F3891292B2FA
:108470001344DA1C009B1A6000BF01238DF80F30F3
:108480009DF80F30184604B07047000000B58BB05F
:108490000023ADF826303D48FDF7BBFC3C48FDF716
:1084A000B8FC3C4B9B6804933B4B1B680693049AB7
:1084B000069B134002339B00364A1344043308934F
:1084C00004AB19460898FFF7A9FF0346002B09D013
:1084D000049A069B134002339B002E4A1344043334
:1084E0000893EDE700BF0023079311E0049B5A1C9B
:1084F0000492069A1340079A920001A90A4425495A
:1085000002339B000B445B681360079B01330793A6
:10851000079B022BEAD99DF80430C3F30103DBB2B9
:10852000012B10D0022B1CD1BDF80A30ADF826303B
:10853000BDF80630C3F389139BB203339A08049B3A
:108540001344049313E0BDF80A30ADF82630BDF8AB
:108550000430C3F38313DBB21A46049B1344049321
:1085600005E00E494FF4C270F2F78AFB00BF0848DD
:10857000FDF75AFC0590059B002B02D0049B054A91
:108580009360BDF8263018460BB000BD4C57002054
:1085900048570020345300200845002080D30300B2
:1085A00000B585B000210748FDF788FB0390039BC9
:1085B0000293029B83F310030193019B184605B0BD
:1085C00000BD00BF5057002010B588B00390029145
:1085D00001920093039B1B0C0793FFF7E1FF0690AA
:1085E000FFF78EFE0246079B934204D3284940F2D0
:1085F000A910F2F745FB069B1904009B5A1C0A9B25
:108600001340079A0A43234902339B000B445A60E4
:10861000204BD3F80C34009A911C0A9A01EA020408
:10862000984702461B49A31C9B000B445A60009AC2
:108630000A9B134002339B00164A134404330593EC
:10864000039B03F00703D9B2059A137861F3C503BE
:108650001370019B03F00F03D9B2059A138861F3DD
:1086600089131380029BC3F31501059A136861F304
:108670009F231360059A1378012161F3010313709E
:10868000059A137823F00403137000BF08B010BDDF
:1086900080D303003453002000BF704700B58DB075
:1086A0000390029113468DF80730039B03330A931E
:1086B00001238DF8273000238DF81B300DF11B03AB
:1086C0001846FCF763FD3F4B5A68029B1A603E4B0D
:1086D0001A683C4B99683B4B5B68CB1A13440133D7
:1086E0000B9314E001213948FDF75AFBFFF7CEFE4A
:1086F000079007993548FDF753FB334B1A68314B08
:108700009968304B5B68CB1A134401330B930A9A78
:108710000B9B9A42E6D89DF82730002B48D00023C7
:1087200005939DF80730002B17D09DF814300122D7
:1087300062F301038DF814309DF8143043F0040304
:108740008DF81430039B03F00F03DAB2BDF8143038
:1087500062F38913ADF8143016E09DF8143002224C
:1087600062F301038DF814309DF8143043F00403D4
:108770008DF81430039BC3F309039AB2BDF8163089
:1087800062F38F13ADF816300E4B5A680E4B1B6810
:10879000134002339B000B4A134404330893059A99
:1087A000089B1A60074B5A680A9B1344054A53609A
:1087B0009DF81B301846FCF7FDFC9DF82730184645
:1087C0000DB000BD34530020084500205057002054
:1087D00000B58BB005900491039202931F4B1B6868
:1087E000079306AB012219460298FFF757FF03468D
:1087F000002B24D0069B033309930023089311E038
:10880000089B9B00039A1A44099B591C09910799DC
:108810000B401268124902339B000B445A60089BBC
:1088200001330893089A029B9A42E9D3069A079B60
:1088300000931346029A04990598FFF7C5FE084B6A
:108840001B78002B04D000F0ABF80346002BFAD1C4
:10885000FFF722FF00BF0BB000BD00BF084500209E
:108860003453002000B583B0019000910023002212
:1088700000990198FFF7ACFF00BF03B000BD00B541
:1088800087B0039002910192019B059305AA0123F1
:1088900002990398FFF79CFF00BF07B000BD00B529
:1088A00087B00390029101920093019B0493009B77
:1088B000059304AA022302990398FFF789FF00BFDA
:1088C00007B000BD00B589B00390029101920093FA
:1088D000019B0593009B06930A9B079305AA03231C
:1088E00002990398FFF774FF00BF09B000BD00B5FF
:1088F00089B00390029101920093019B0493009B25
:1089000005930A9B06930B9B079304AA04230299E1
:108910000398FFF75DFF00BF09B000BD00B58BB045
:108920000390029101920093019B0593009B069393
:108930000C9B07930D9B08930E9B099305AA052397
:1089400002990398FFF744FF00BF0BB000BD00B5CC
:108950008BB00390029101920093019B0493009BC2
:1089600005930C9B06930D9B07930E9B08930F9BFF
:10897000099304AA062302990398FFF729FF00BF71
:108980000BB000BD054B9A68044B5B689A420CBF64
:1089900001230023DBB21846704700BF3453002088
:1089A00000B599B0FFF7EEFF0346002B01D000237E
:1089B000C2E19C4B0022C3F81824BFF34F8F00BFC5
:1089C000984B9B680493984B1B680C93049A0C9BE0
:1089D000134002339B00934A134404330E93002345
:1089E00017930023169300230B9304AB19460E989C
:1089F000FFF714FD0346002B19D08A4BD3F8183427
:108A0000002B14D1874B5A68049B9A4205D8854B9A
:108A10005B68844A936000238EE1049A0C9B1340A8
:108A200002339B007F4A134404330E93DDE7002397
:108A3000159311E0049B5A1C04920C9A1340159A4A
:108A4000920001A90A44774902339B000B445B68FA
:108A50001360159B01331593159B022BEAD99DF8E2
:108A6000043003F00303DBB2022B40F09F80BDF81B
:108A70000630C3F389139BB20993BDF80630C3F3E4
:108A800089139BB2502B28BF50239BB20893089B9D
:108A9000C3F309039AB2BDF8063062F38F13ADF841
:108AA0000630089B0C3307939DF80430C3F3C203D0
:108AB000DBB20B9307995D48FEF728FC1790179BD4
:108AC000002B00F0D5801798FEF7AFFC01A9169B8C
:108AD0000C221798FEF762FD169B0C331693049B2D
:108AE000DA430C9B134001339B000693089A069BC4
:108AF0009A4245D9069B002B09D0049A0C9B13403F
:108B000002339B00474A13440433149301E0484B5B
:108B10001493069B002B03D0069B8DF84F3002E088
:108B2000089B8DF84F30069B002B02D0404B1293D0
:108B300001E000231293069B002B07D0089BDAB2BA
:108B4000069BDBB2D31A8DF8473002E000238DF884
:108B500047309DF84F20169B14991798FEF71EFD7D
:108B60009DF84F30169A13441693129B002B16D083
:108B70009DF84720169B12991798FEF70FFD0EE0FF
:108B8000049A0C9B134002339B00264A134404337F
:108B90000593169B089A05991798FEF7FFFC099B09
:108BA00003339A08049B1344049361E09DF8043056
:108BB00003F00303DBB2012B5AD1BDF80430C3F339
:108BC0008313DBB2062B28BF0623DAB2BDF80430CC
:108BD00062F38913ADF80430BDF80430C3F3831396
:108BE000DBB203330A939DF80430C3F3C203DBB254
:108BF0000B930A9B9B0019460C48FEF787FB1790C6
:108C0000179B002B34D01798FEF70FFC01A9169B79
:108C10000C221798FEF7C2FC169B0C331693002308
:108C200015931CE0345300200845002054AD030088
:108C300040530020049B5A1C04920C9A13400233A8
:108C40009B003F4A1344191D169B04221798FEF7F8
:108C5000A5FC169B04331693159B01331593BDF8A1
:108C60000430C3F38313DBB21A46159B9342E1D35E
:108C7000179B002B40D0324BD3F810341093304B5D
:108C8000D3F81834002B1BD01798FEF7DCFB4DE00F
:108C900000238DF83F301098FFF7F7FA0346002BBA
:108CA00002D001238DF83F309DF83F30002B03D0D8
:108CB00017991098FFF7A8FA109BDB681B681093B0
:108CC000109B002BE4D11798FEF7BDFB00238DF815
:108CD00003300DF103031846FCF758FA184BD3F88C
:108CE0001834002B02D1049B154A93609DF8033081
:108CF0001846FCF75FFA19E0114BD3F810340D93C6
:108D000006E00D98FFF798FA0D9BDB681B680D9342
:108D10000D9B002BF5D10B4A0B4BD31ADB081B0420
:108D200043F0020309491846FFF79CFDFFF72AFEAE
:108D3000034683F00103DBB2184619B000BD00BF43
:108D40003453002090AD030068AD0300D0D303007E
:108D500000B585B00023039323E0164BD3F81034FD
:108D6000029301238DF807300FE00298FFF77CFA99
:108D700003461A46039B934203D100238DF8073024
:108D800006E0029BDB681B680293029B002BECD180
:108D90009DF80730002B01D0039B07E0039B0133B4
:108DA0000393039B092BD8DD4FF0FF33184605B022
:108DB00000BD00BF3453002000B585B001900B46C4
:108DC0008DF80330FFF7C4FF0390039BB3F1FF3F1F
:108DD00001D1039B22E0039BDBB219460198FFF708
:108DE00036FA104BD3F81034002B08D10D4A019BF2
:108DF000C2F81034019BDB6800221A600DE0094BB9
:108E0000D3F81034DA68019BDB6812681A60054BEE
:108E1000D3F81034DB68019A1A60039B184605B03A
:108E200000BD00BF3453002000B583B00C4BD3F815
:108E3000103401930A4B01221A7009E00198FFF7E0
:108E40001BFA0198FFF7EDF9019BDB681B680193A2
:108E5000019B002BF2D100BF00BF03B000BD00BFDB
:108E60003453002000B58DB0059004912F4B1B6842
:108E7000049AB2FBF3F304932D4B1B68049AB2FBE4
:108E8000F3F30B930B9B2B4AA2FB0323DB0A0A93FE
:108E90000A9B4FF4616202FB03F30B9AD31A0B9304
:108EA0000B9B254AA2FB03235B090993099A1346EE
:108EB0001B019B1A9B001A460B9B9B1A0B931C4B86
:108EC0001A68049BB3FBF2F101FB02F29B1A0893B0
:108ED000089B4FF47A7203FB02F2154B1B68B2FB3E
:108EE000F3F30793089B4FF47A7203FB02F2104BE3
:108EF0001B68079901FB03F3D31A4FF47A7203FB43
:108F000002F20B4B1B68B2FBF3F30693069B029332
:108F1000079B01930B9B0093099B0A9A07490598AD
:108F2000FDF7BAF800BF0DB000BD00BF58570020D4
:108F300054570020C5B3A291898888884CD4030077
:108F400010B584B003900291039BDB88002B0AD0FC
:108F5000039BDB881A461F4B009313461E4A1F498A
:108F60000298FDF799F8039B1B7A052B2ED0039BE3
:108F70005B7A002B12D0039B9B881A46039B1B7ABB
:108F800019461046FFF714FA03461A46144B53F8D5
:108F900022301A4613490298FDF77EF8039B1B689E
:108FA00019460298FFF75EFF039B1B7A1A460E4B89
:108FB00053F82240039B9B8800211846FFF7DAF9FB
:108FC0000346224609490298FDF766F800BF04B03F
:108FD00010BD00BF04D4030014D4030068D4030000
:108FE0002045002080D403000C45002084D40300D9
:108FF00000B585B00390029113468DF80730039BAE
:109000001B7A052B0FD0039B5B7A002B06D00D4BF0
:109010001B681A460C490298FDF73EF80B49029866
:10902000FDF73AF807E09DF80730002B03D0074919
:109030000298FDF731F80298FDF70EF800BF05B071
:1090400000BD00BF2045002080D4030090D4030061
:1090500030B58BB007900691059204930E9B1B7B55
:109060008DF827300E9B00221A730E990498FFF793
:1090700067FF059B062B76D0059B062B00F28F80A1
:10908000059B052B57D0059B052B00F28880059B7F
:10909000042B3CD0059B042B00F28180059B032B05
:1090A00026D0059B032B7AD8059B022B16D0059B57
:1090B000022B74D8059B002B03D0059B012B05D0F8
:1090C0006DE007990E98FCF7E7FF69E0069B1B68C7
:1090D0001A4607990E98FCF7DFFF61E0069B1A68B5
:1090E000069B04331B6807990E98FCF7D5FF57E0E1
:1090F000069B1A68069B04331968069B08331B6895
:1091000000930B4607990E98FCF7C6FF48E0069BB4
:109110001968069B04331868069B08331B68069A77
:109120000C3212680192009303460A4607990E9882
:10913000FCF7B2FF34E0069B1868069B04331C68FA
:10914000069B08331B68069A0C3212680699103188
:1091500009680291019200932346024607990E98EE
:10916000FCF79AFF1CE0069B1C68069B04331D68F5
:10917000069B08331B68069A0C3212680699103158
:1091800009680698143000680390029101920093D8
:109190002B46224607990E98FCF77EFF00E000BFA1
:1091A00000220E990498FFF723FF0E9B9DF82720BD
:1091B0001A7300BF0BB030BD00B587B003900291A9
:1091C00001920093029B082B60D8009B1B7B8DF8BB
:1091D0001330009B00221A7300990198FFF7B0FE2C
:1091E0000023059314E0059A029B9A4209D2039A40
:1091F000059B13441B781A4626490098FCF74CFF40
:1092000003E025490098FCF747FF059B01330593D0
:10921000059B072BE7D921490098FCF73DFF002368
:10922000059326E0059A029B9A421BD2039A059B5E
:1092300013441B788DF812309DF812307E2B0AD81B
:109240009DF81230184601F005FC0346002B02D0B1
:109250009DF8123000E02E231A4611490098FCF7C1
:109260001BFF03E00F490098FCF716FF059B013335
:109270000593059B072BD5D9012200990198FFF78B
:10928000B7FE009B9DF813201A7300E000BF07B0E3
:1092900000BD00BF94D403009CD40300A0D40300FD
:1092A000A4D40300A8D4030082B001900A4B012289
:1092B0001A6007E0019B5B080193074B1B685B008A
:1092C000054A1360019B054A9342F3D8044A019B67
:1092D000136000BF02B070475857002040420F0093
:1092E0005457002082B0204B0193019B02221A6147
:1092F000019B02225A61019B1C4A9A61019B1C4AF4
:10930000DA61019B4FF400721A62019B00229A629B
:10931000019B00225A62019B0022DA62019B134AE0
:109320009A64019B134ADA64019B10221A65019B1F
:1093300000229A65019B00225A65019B0022DA6592
:10934000019B07330C4A10681860019B0B4A106898
:1093500018609188927999809A71019B20229A7164
:1093600000BF02B0704700BF5C570020ACD40300C0
:10937000D4570020D4590020B8D40300BCD4030033
:1093800000B589B003900291019200230693039BDC
:10939000DB680593039B1B690493049A059B9A421F
:1093A00005D9049A059BD31A013B079307E0039B59
:1093B0009A680499059BCB1A1344013B0793039BBE
:1093C0009A68059BD31A079A934228BF13460793BE
:1093D000079A019B934228BF13460793039B5A6841
:1093E000059B1344079A0299184601F0A5FA069ABC
:1093F000079B13440693029A079B13440293019A16
:10940000079BD31A0193059A079B13440593039B6B
:109410009B68059A9A4201D100230593039B059A04
:10942000DA60019B002BB5D1069B184609B000BD40
:1094300000B589B0039002910192039BDB6807930A
:10944000039B9A68079BD31A0693069A019B9A423C
:109450000ED9039B5A68079B1344019A0299184638
:1094600001F06AFA079A019B1A44039BDA601AE03A
:10947000069B0593039B5A68079B1344059A029920
:10948000184601F059FA019A069BD31A0593039BDB
:109490005868029A069B1344059A194601F04CFA43
:1094A000039B059ADA6000BF09B000BD86B0019049
:1094B000019B1B690493019BDB680393049A039B44
:1094C0009A4208D8019B9A68039BD21A049B1344C2
:1094D000013B059304E0049A039BD31A013B0593D7
:1094E000059B184606B0704700B589B003900291FD
:1094F0000192029B0693039B5A1C13465B00134484
:10950000DB001F4A13440593059B5B69022B29D09E
:10951000022B2ED8002B02D0012B13D029E0059866
:10952000FFF7C4FF0490049A019B9A4202D20023E1
:10953000079321E0019B0793019A06990598FFF78D
:1095400077FF19E00598FFF7B1FF0490019A049B9B
:10955000934228BF13460793079A06990598FFF789
:1095600067FF09E0019A06990598FFF709FF079040
:1095700002E00023079300BF079B184609B000BD17
:109580005C57002008B5FFF7ADFE00BF08BD000026
:1095900082B003468DF807309DF90730002B0CDBB5
:1095A0009DF8073003F01F0205499DF907305B095C
:1095B000012000FA02F241F8232000BF02B07047F8
:1095C00000E100E082B003468DF807309DF90730D6
:1095D000002B13DB9DF8073003F01F0209499DF9AA
:1095E00007305B09012000FA02F2203341F8232002
:1095F000BFF34F8F00BFBFF36F8F00BF00BF02B03C
:10960000704700BF00E100E082B003468DF80730EC
:109610009DF90730002B09DB0B4A9DF907301344F5
:1096200093F80033DBB25B09DBB20AE0074A9DF82E
:10963000073003F00F03043B13441B7EDBB25B09CE
:10964000DBB2184602B0704700E100E000ED00E038
:1096500000B583B00190019B002B03D10449C420C5
:10966000F1F70EFB019B5B68184603B000BD00BF1D
:10967000C4D4030010DF704700BF184611DF7047E5
:1096800000BF184682B003468DF807309DF90730B9
:109690001F2B07DC9DF907300C4A22FA03F303F075
:1096A000010310E09DF907303F2B0BDC9DF90730DB
:1096B000203B012202FA03F3002B14BF01230023F5
:1096C000DBB200E00123184602B07047FC06FFBD84
:1096D00082B00190019B072B07D8EC22019B42FA34
:1096E00003F303F00103002B01D1002300E0012369
:1096F000184602B07047000000B583B003468DF8ED
:1097000007309DF907301846FFF7BCFF0346002BD2
:1097100002D142F201032EE09DF907301846FFF70F
:1097200073FF03461846FFF7D3FF0346002B02D111
:1097300042F202031FE0114B9B68002B15D09DF9EC
:1097400007305B090D4A52F823209DF8073003F0DB
:109750001F03012101FA03F319469DF907305B0944
:109760000A43064941F8232004E09DF907301846D2
:10977000FFF70EFF0023184603B000BDA4500020E1
:1097800000B583B003468DF807309DF907301846C1
:10979000FFF778FF0346002B02D142F201031FE0DE
:1097A000114B9B68002B15D09DF907305B090E4AC1
:1097B00052F823109DF8073003F01F03012202FA2C
:1097C00003F3DA439DF907305B090A40064941F883
:1097D000232004E09DF907301846FFF7F3FE00232D
:1097E000184603B000BD00BFA450002000B587B0EC
:1097F00003468DF8073002AB13491846FEF77EFA90
:1098000017E002AB1846FFF723FF0590059B1B6886
:109810000493059B59689DF80720049B10469847C0
:109820000346002B01D111230BE002AB1846FEF7D3
:109830008FFA02AB1846FFF70BFF0346002BE0D16F
:109840000023184607B000BD6CD5030000B587B0F3
:1098500003468DF8073002AB11491846FEF74EFA61
:1098600012E002AB1846FFF7F3FE0590059B1B685C
:109870000493059B59689DF80720049B1046984760
:1098800002AB1846FEF764FA02AB1846FFF7E0FE9B
:109890000346002BE5D100BF00BF07B000BD00BFED
:1098A00078D5030000B583B01620FFF725FF01909F
:1098B000019B0093009B002B04D0044AA121009837
:1098C000FAF728FF00BF03B000BD00BF20D503009A
:1098D00000B583B01620FFF753FF0190019B009362
:1098E000009B002B04D0044AAD210098FAF712FF28
:1098F00000BF03B000BD00BF20D5030000B585B098
:10990000224B1B78002B01D008233CE0204B012286
:109910001A700020FFF76AFF0346112B01D10023C4
:1099200031E00020FFF792FF1A4B1B6802930023DF
:109930008DF807300DF107031846FBF727FC02AB43
:1099400015491846FFF796FE0390039B002B0CBFAA
:1099500001230023DAB20D4B1A709DF80730184628
:10996000FBF728FC039B002B01D0039B0BE0084B6B
:1099700000221A70094B00221A70FFF793FF012092
:10998000FFF764FF0023184605B000BDE45900202E
:10999000E659002068D5030031470300E55900204F
:1099A00000B583B01D4B1B7883F00103DBB2002BA5
:1099B00001D008232EE01A4B01221A700120FFF774
:1099C00015FF0346112B01D1002323E00220FFF7EE
:1099D0003DFF00238DF803300DF103031846FBF71C
:1099E000D5FBFFF74BFE01900C4B00221A709DF83F
:1099F00003301846FBF7DEFB019B002B01D0019BD7
:109A000008E0074B00221A70FFF762FF0320FFF700
:109A10001DFF0023184603B000BD00BFE45900201D
:109A2000E659002008B50B4B1B7883F00103DBB22D
:109A3000002B01D008230AE0074B1B78002B03D032
:109A4000FFF7AEFF034602E0FFF758FF0346184654
:109A500008BD00BFE6590020E4590020014B1B78E7
:109A600018467047E459002000B585B06B46104990
:109A70001846FEF743F910E06B461846FFF7E8FD7D
:109A80000390039B1B680293039B5A68029B10463A
:109A900098476B461846FEF75BF96B461846FFF78A
:109AA000D7FD0346002BE7D100BF00BF05B000BDC6
:109AB00084D5030008B5FFF7D7FF00BF08BD60DFFE
:109AC000704700BF184669DF704700BF184661DF66
:109AD000704700BF1846000000B583B00190019B9D
:109AE000002B03D10449C420F1F7CAF8019B5B683D
:109AF000184603B000BD00BF90D5030082B00190AE
:109B0000019B002B01D10E2304E0044B1A46019B5C
:109B10001A600023184602B0704700BFC839002001
:109B200010B586B0034600918DF807300098FFF716
:109B3000E5FF0590059B002B01D0059BECE002ABF7
:109B40000C220021184600F029FF9DF807308DF8FF
:109B5000083002238DF80A300623ADF80C30009B44
:109B60001A6802AB19462020FFF7ADFF0590059B50
:109B7000002B0FD06A4A6B4BD31ADB081B0443F04F
:109B800001040598FEF7B2F903461A4666492046D5
:109B9000FEF775FE02AB0C220021184600F0FEFE17
:109BA00001238DF8093001238DF80A3001238DF847
:109BB0000B30009B1A6802AB19464020FFF783FF69
:109BC0000590059B002B0FD0554A564BD31ADB0846
:109BD0001B0443F001040598FEF788F903461A4672
:109BE00052492046FEF74BFE02AB0C2200211846DC
:109BF00000F0D4FE9DF807308DF80830F723ADF85B
:109C00000A30009B1A6802AB19462320FFF75BFF5E
:109C10000590059B002B0FD0414A424BD31ADB081D
:109C20001B0443F001040598FEF760F903461A4649
:109C30003F492046FEF723FE02AB0C2200211846C6
:109C400000F0ACFE01238DF80830009B1A6802ABCF
:109C500019460120FFF737FF0590059B002B0FD019
:109C60002F4A304BD31ADB081B0443F0010405983C
:109C7000FEF73CF903461A462E492046FEF7FFFD43
:109C800002AB0C220021184600F088FE4FF4B063AE
:109C90000293009B1A6802AB1946A120FFF713FF3D
:109CA0000590059B002B0FD01D4A1E4BD31ADB08D5
:109CB0001B0443F001040598FEF718F903461A4601
:109CC0001D492046FEF7DBFD02AB0C2200211846A1
:109CD00000F064FE9DF8083023F001038DF8083091
:109CE000009B1A6802AB1946A020FFF7ECFE059016
:109CF000059B002B0FD00A4A0A4BD31ADB081B0422
:109D000043F001040598FEF7F1F803461A460B49A3
:109D10002046FEF7B4FD0023184606B010BD00BF74
:109D2000E8AD030068AD0300F0D5030038D60300AA
:109D300084D60300CCD6030018D703006CD70300E9
:109D400082B04FF08053D3F80C319B020193019BFA
:109D500003F10053184602B07047000010B584B0FC
:109D60000190019B1B6803930198FFF7A8FE0290E6
:109D7000019B1B68039A9A4229D2224A224BD31A8A
:109D8000DB081B0443F0020320491846FEF76AFD76
:109D90001C4A1D4BD31ADB081B0443F00200019B35
:109DA0001B68039A1A49FEF77AFD164A164BD31A16
:109DB000DB081B0443F00204FFF7C2FF0246019BCD
:109DC0001B68D31A1A4613492046FEF758FD029B1A
:109DD000002B03D1104B01221A700FE0094A0A4BE5
:109DE000D31ADB081B0443F001040298FEF77EF847
:109DF00003461A4609492046FEF741FD029B1846D4
:109E000004B010BDE8AD030068AD0300C0D7030087
:109E1000F0D7030024D80300E759002050D80300EE
:109E200000B5ADF5077D86ABA3F505731860234B30
:109E30001B7883F00103DBB2002B3BD14FF4FA73A4
:109E4000ADF806320DF2062202AB11461846FFF7B6
:109E50003EFE8590859B002B03D0859B052B22D150
:109E600029E002AB84937FAB15491846FDF746FF06
:109E700011E07FAB1846FFF72FFE8390839B1B6892
:109E80008293839B5A68829B1146849898477FAB44
:109E90001846FDF75DFF7FAB1846FFF71DFE034632
:109EA000002BE6D1CAE7074A40F23F118598FAF73E
:109EB00031FC00E000BF0DF5077D00BDE759002033
:109EC000BCD8030070D8030000B583B00190019B9B
:109ED000002B03D10449C420F0F7D2FE019B5B683C
:109EE000184603B000BD00BFC8D803004BDF704761
:109EF00000BF184600B589B0019004AB1846FFF7C3
:109F0000F5FF0790079B002B03D0079B052B20D163
:109F100024E002AB13491846FDF7F0FE11E002AB56
:109F20001846FFF7D1FF0690069B1B680593049A1D
:109F3000069B5968059B1046984702AB1846FDF7EB
:109F400007FF02AB1846FFF7BFFF0346002BE6D121
:109F5000D3E7054A6B210798FAF7DCFB00BF09B08D
:109F600000BD00BF74D9030028D90300B1EEC00AB8
:109F700070470000002B35D129B9B0FBF2FC0CFB77
:109F8000120260467047914215D22DE9F041B2FAB3
:109F900082F39A409940D3F1200C30FA0CFC51EA3C
:109FA0000C01984000F04EF8280036FA03F2002128
:109FB0000023BDE8F081F0B5B1FBF2FC0CFB1211FF
:109FC000B2FA82F39A409940D3F1200630FA06F6AD
:109FD0003143984000F036F8614628003200DA40FC
:109FE0000023F0BDF3B5B3FA83FC49085FEA300003
:109FF00013FA0CF3DCF1200432FA04F423430CB41A
:10A000001A0000F01FF80CBC33FA0CF3DCF11F0C43
:10A0100035FA0CF518BF6D1E03BCA5FB026705FBE6
:10A020000377801BB941904271EB030C05D3821A70
:10A0300071EB0303681C0021F0BD02000B00280037
:10A040000021F0BD940D4FF6C2752D02B5FBF4F45E
:10A05000D60A761C04FB04F5A5FB0656F64306EB70
:10A060000416550832BF002777086D1C05FB1677CC
:10A07000A6FB07477F0807EBC63714001500E7FB70
:10A0800002457F1B4D1C0400E7FB014505FB120642
:10A09000A64284BF6D1EB618964224BF6D1CB61A28
:10A0A000704710B582B0044600698DF8071078B18A
:10A0B000D4E900239A4231D26269531C636181540E
:10A0C000D4E90501884229D1204600F02CF825E08A
:10A0D000E06850B1D4E9002C62451FD2531CB3EBA9
:10A0E0000C0318BF0B46835418E0A06858B1D4E99C
:10A0F000002C624512D2531CB3EB0C0318BFCBB239
:10A1000040F822300AE0236A43B1D4E900018842D2
:10A1100004D20DF107012046012298472068013042
:10A12000206002B010BD42694AB110B50446036A0E
:10A13000002B1CBF216998470020606110BD70474B
:10A14000012A0CDBF8B514460D460646671E30465C
:10A150002946FFF7A6FF012C3C46F7D8F8BD70470B
:10A16000CB0606D43023890558BF20231946FFF7B4
:10A17000E7BF704738B5044600F040FC054620466E
:10A180000021242200F00AFCE56138BD82B030B520
:10A190008BB0CDE90E230C4605460EA8009001A811
:10A1A000FFF7E8FF04956FF000400290009A01A8C5
:10A1B000214600F005F80BB0BDE8304002B0704712
:10A1C0002DE9F04F89B01546894682460020CAF82D
:10A1D00000000DF10E0819F8011B252906D00029F1
:10A1E00000F04F825046FFF75CFFF4E72C46002753
:10A1F0004A4619F8010BA0F12003102B0DD880213D
:10A20000DFE803F0091B1B191B1B1B151B1B301858
:10A210001B101B1B120040210DE05E280DD14FF4D6
:10A22000805108E0102106E04FF4007103E04FF484
:10A23000004100E020210F43DAE7A0F13001C9B26C
:10A2400009294FF000010BD801EB810100EB41011E
:10A2500019F8010BA0F13002D2B230390A2AF3D337
:10A2600025460CE0254655F8040B010048BF414245
:10A27000102303EAD060074302F1020950782E2828
:10A280000BD14A4612F8010B2A2809D155F804BB14
:10A2900099F8010009F1020218E04FF0000B1EE0EE
:10A2A000A0F13003DBB2092B4FF0000B14D80BEBFD
:10A2B0008B0300EB430312F8010BA0F130095FFAA6
:10A2C00089F9B9F10A0FA3F1300BF0D3BBF1000FFC
:10A2D00004D447F4807701E047F480779146A0F1F9
:10A2E0006802D3B2D20142EA5302D2B2092A22D87A
:10A2F000DFE802F0050E122121210F21210F4A462D
:10A3000012F8010B682812D199F8010008370BE008
:10A31000023719F8010B0EE04A4612F8010B6C28BF
:10A3200007D199F80100023709F1020903E0043767
:10A3300000E001379146622821EAE17620DDA0F1B4
:10A34000630115293FF647AFDFE811F03800170029
:10A35000160016001600160017001600160016004C
:10A3600016009A0044000601160016002900160087
:10A370004E001600160022002DE747F4804737E014
:10A38000252800F08A80582840F08C8147F4005737
:10A3900043F2580278281ED143F278021BE001955F
:10A3A0002D68002D04BF4DF6A015C0F20305F80579
:10A3B000284600F1458100F070FA44E12C78013E16
:10A3C000504639463246FFF7CBFE50462146FFF74E
:10A3D00068FE4AE13022390602EAE1710291F9058C
:10A3E00008D527F4007705E0F90548BF27F4007782
:10A3F0000021029179044FEA8771009604D4002964
:10A4000009D4291D00240CE0002913D4294651F851
:10A41000045BEC1714E0E91D21F0070505F10801C4
:10A420006C687A072D6814D417F0080F13D0002435
:10A43000EDB210E0E91D21F007014C6851F8085B0E
:10A440000191790709D439070AD545F3C0146DB2D3
:10A4500006E0ADB20024019126E045F3C0342DB2F0
:10A46000002C07DBB9061DD47906029A48BF2022CA
:10A47000029219E000216D4261EB04042D2112E0EB
:10A4800055F8040B3907DAF8001000F1F880BA0724
:10A4900052BF0160002206C09DE650462521FFF70D
:10A4A00000FE98E62B210291F90548BF27F40077BA
:10A4B000F90558BF4FF0010B00266E2821DD6F38DB
:10A4C000092800F27980DFE800F005567777777782
:10A4D0002277775655EA04006ED0E80840EA4470C7
:10A4E000062262F3DF0508F80650013650EAD4016F
:10A4F0004FEAD4044FEAD001054641EA4470F0D156
:10A500005AE0582837D0642818BF692854D155EA32
:10A51000040051D0380407D506F00300032802BF19
:10A520002C2008F806000136284621460A2200237E
:10A53000FFF720FD00EB8002A5EB4202D5F10903F5
:10A540000023A34142F0300208F8062006F101067C
:10A5500005460C46DED32FE02846009650F8045BF3
:10A5600001903806232101EAE070029047F48077D9
:10A5700000244FF0080B002655EA04001CD04DF6CD
:10A580008010C0F20300B9045CBF4DF69010C0F219
:10A590000300290941EA047105F00F020D46825CAF
:10A5A00008F80620013651EA14114FEA14144FEA54
:10A5B000151141EA0471EFD1ABEB060020EAE07B14
:10A5C00006EB0B000099029D0C1A4FF0FF30FF2D97
:10A5D00088BF0138002D18BF0444B80505D4504683
:10A5E00039462246FFF7BCFD0024FF2D04D9290A75
:10A5F0005046FFF756FD00E01DB150462946FFF7D3
:10A6000050FD504639462246FFF7AAFD50463021FC
:10A610005A46FFF795FD012E08DB751E504618F8C7
:10A620000510FFF73EFD012E2E46F6D8F806019DD7
:10A630007FF5D1AD504620212246FFF781FDCAE5C6
:10A64000594600F052F9044627F40077361A50466E
:10A6500039463246FFF784FD34B115F8011B5046E8
:10A66000FFF71FFD013CF8D1019D0435F8067FF589
:10A67000B2AD504620213246FFF762FDABE50170D6
:10A68000A9E5DAF80C0028B1DAE9001291423CBFE2
:10A69000002242545046FFF746FDDAF8000009B0A8
:10A6A000BDE8F08F00287FF496AD5046FFF73BFDE4
:10A6B0004FF0FF30F3E745F6E81CC2F2000CDCF87F
:10A6C00000304BB170B50F305C6820F0070E0025EC
:10A6D000744503D1184615E00020704700214A1E3A
:10A6E0000025744588BF0125944280414642186880
:10A6F00035421CBF1946224668B1446874451D4660
:10A700000346EDD1002D01680CBFCCF80010296084
:10A7100040F808EB70BD0029FCD04B68A2EB0E009E
:10A720000844A3EB0E024A60F2E720B350F8081C7D
:10A73000CA0718BF21F00100E8B110B545F6E812CC
:10A74000C2F200020146D2F800E0BEF1000F51F85B
:10A7500008CD11D08E45734615D21A461B681C00D1
:10A7600018BF012401D08B42F7D340F804CD40F844
:10A77000043C11600EE070471160C1F800E0106801
:10A78000C0F804C010BD40F804CD012440F804EC2A
:10A79000116000225CB101EB0C049C4201BFD3F8B4
:10A7A00004C004686444046004BF1B680B608E45E9
:10A7B000E8D25368D4188C42E4D100681844506041
:10A7C0000868106010BD082907D345F6E812C2F2E8
:10A7D000000210600022C0E900217047EFF31080F2
:10A7E00072B6B0FA80F045F6EC11C2F200014009F1
:10A7F0000860704745F6EC10C2F20000006800B136
:10A8000062B6704710B50446FFF7E8FF2046FFF731
:10A810008CFFBDE81040FFF7EDBF38B501FB00F538
:10A820000024854228BF8D4210D3FFF7D7FF28466A
:10A83000FFF741FF0446FFF7DDFF002D18BF002C96
:10A8400004D0204600212A4600F0A8F8204638BD52
:10A8500000B5042A8E4609D350F8043B5EF804CBB9
:10A86000634505D1043A032A7146F5D89AB10368C5
:10A87000086880EA030191FAA1F1B1FA81F1B2EB23
:10A88000D10F08D901F0380123FA01F2D2B2C84041
:10A89000C0B2101A00BD002000BD017889B14FF090
:10A8A000013C0346194653F8042BCCFA52F2002A15
:10A8B000F8D092FAA2F2B2FA82F201EBD201081AAF
:10A8C0007047002070477AB1844611F8013B0CF8BC
:10A8D000013B13B1013AF8D17047511E04D0002258
:10A8E00001390CF8012BFBD1704700291CBF0278FD
:10A8F000002A01D10020704700B50429D0F800E0FB
:10A90000024609D34FF0013CCCFA5EF323B9043977
:10A91000032952F804EFF7D84FF00133C3FA5EF37E
:10A9200093FAA3F3B3FA83F3101AB1EBD30F88BFF2
:10A93000D908084400BD00005AB3844690EA0103D8
:10A940009B071FD1830707D011F8013B00F8013B9B
:10A95000521EF7D11CE08446203A09D32DE9F007B6
:10A96000B1E8F807A0E8F807203AF9D2BDE8F00707
:10A970001C3205D451F8043B40F8043B121FF9D2B5
:10A98000043205D011F8013B00F8013B521EF9D109
:10A990006046704700220B0011001A0084465AB32B
:10A9A000830704D000F8011B521EF9D124E0C9B27C
:10A9B00041EA012141EA0141202A11D3203A2DE93F
:10A9C000F0030B460C460D460E460F468846894658
:10A9D000A0E8FA03203AFBD2BDE8F00320320BD006
:10A9E000042A05D340F8041B121F05D0042AF9D20B
:10A9F00000F8011B521EFBD16046704745F6F0106F
:10AA0000C2F200000068002804BF44F24450C2F2C1
:10AA10000000704784460020002918BF002A0ED08D
:10AA2000097848B200280BD4BCF1000F18BFCCF84D
:10AA300000100021C3E90011002818BF0120704751
:10AA40006FF0010070477F298EBF6FF00100017029
:10AA50000120704745F6F011C2F200010968002993
:10AA600004BF44F24451C2F20001496889680A688F
:10AA7000092110477F280BD84DF63C32C0F2030263
:10AA80004DF6BC33C0F20303105C595C08407047BC
:10AA900000207047A0F161011A2938BF20387047A3
:10AAA000A0F141011A2938BF203070477F280BD808
:10AAB0004DF63C32C0F203024DF6BC33C0F2030344
:10AAC000105C595C0840704700207047A0F161019C
:10AAD0001A2938BF20387047A0F141011A2938BF20
:10AAE000203070472DE9F04182B00D46016845F2F3
:10AAF0008018C0F201086846424600F0AEF8DDE971
:10AB0000000100EBE176002948BF414468464FF45C
:10AB1000616200F0A2F8DDE90001A86068463C220D
:10AB200000F09BF8301D42F29341C9F2492151FBDC
:10AB300000018B1003EBD171DDE90023C1EBC101F2
:10AB4000C5E90032401A48BF0730002EA86140F224
:10AB5000B2702EDB0021B6F5B67F55D945F6294CEB
:10AB6000CCF28F2C45F6284EC0F28F2E4DF20B788A
:10AB7000C0F2A3084DF6E232C0F2030240F26D13B8
:10AB8000013000FB0CF400F003010027B1FA81F161
:10AB9000BEEBB40F38BF012707EA5111B8EB341FE1
:10ABA00088BF41F00101F61A32F911309E42E7DA0E
:10ABB0002AE04BF6500CC0F21E5C45F6294ECCF252
:10ABC0008F2E45F62848C0F28F284DF20B74C0F244
:10ABD000A3044DF6E237C0F20307013800FB0EC2B2
:10ABE00000F003010023B1FA81F1B8EBB20F38BFD6
:10ABF000012303EA5111B4EB321F88BF41F0010178
:10AC000037F91120B618E8D4A0F26C700022C5E91B
:10AC1000042001EB41014DF6C932C0F20302EE619E
:10AC200012F82100864208DB02EB8101002201328A
:10AC30002A61361A885C8642F9DA2846711CE96076
:10AC400002B0BDE8F08110B545F6F414C2F200047C
:10AC50002146FFF747FF204610BD91FBF2FC0CFB9D
:10AC600012130029C0E900C306DA012BA2BF991A0A
:0AAC70000CF10102C0E90021704759
:10AC7C00BD17030000000000D571030000000000A8
:08AC8C00D5BC0200000000002D
:10AC940005E5020000000000D5F30200403A002060
:10ACA400CD05030014400020B30C0300D44700205A
:10ACB4003FDC02007448002045FD0200C04C002027
:10ACC40045FD02009C4D00200BE302000000000043
:10ACD4003913030070450020010F03006C4100206C
:10ACE400370803006848002089BA0200CC4D0020D0
:10ACF4003191020000000000C1AD0200000000001C
:08AD04008D7203000000000045
:10AD0C00E117030000000000B57203000000000012
:10AD1C00219E030000000000F59E030000000000CF
:10AD2C00F8460020F446002001000000020000005C
:04AD3C000100000012
:10AD4000CC470020044700200C4700200C4700207F
:10AD50001800000094520020CC510020D451002053
:08AD6000D4510020180000008E
:10AD680058C303000000000008C4030000000000EE
:10AD780058C403000000000004C5030000000000E0
:10AD8800C8C50300000000007CD3030000000303D3
:10AD9800C8C6030000000000E0BE03000000030373
:10ADA80074C20300000000008CC20300000003030B
:10ADB800F8C1030000000303D8C20300000000002C
:10ADC800F8BF0300000003036CC103000000030385
:10ADD80058C903000000030318D50300000003034B
:10ADE800E4D50300000003031CD90300000003039B
:10ADF8005CCC0300000000006CCD030000000000E4
:10AE0800ECD203000000000008D303000045002036
:10AE1800000000000000000041750200000004006E
:04AE280000700700AF
:10AE2C00414443206661696C3A20307825303858AB
:10AE3C00000000002E2E2F2E2E2F2E2E2F2E2E2FDA
:10AE4C002E2E2F2E2E2F6D6F64756C65732F6E72D8
:10AE5C0066782F68616C2F6E72665F6770696F2EF3
:10AE6C0068000000433A5C6E72665C6E5246355F59
:10AE7C0053444B5F31372E312E305F64646465353B
:10AE8C0036305C6578616D706C65735C54726163AF
:10AE9C006B65725C626C655F6170705F756172741A
:10AEAC005C6170705F6164632E63000001000600DA
:10AEBC00000000000200000100000000E03900204A
:10AECC00003A0020203A00202D2D2D20416C6C20C2
:10AEDC00466C61736820446174612053656E642014
:10AEEC00436F6D706C65746521202D2D2D0D0A003E
:10AEFC0061636B5F696E707574203D202564200D55
:10AF0C000A000000433A5C6E72665C6E5246355F16
:10AF1C0053444B5F31372E312E305F64646465359A
:10AF2C0036305C6578616D706C65735C547261630E
:10AF3C006B65725C626C655F6170705F7561727479
:10AF4C005C6170705F626C655F74782E63000000EA
:10AF5C00E8460020884500200A0000002000000080
:10AF6C0001000000433A5C6E72665C6E5246355FBF
:10AF7C0053444B5F31372E312E305F64646465353A
:10AF8C0036305C6578616D706C65735C54726163AE
:10AF9C006B65725C626C655F6170705F7561727419
:10AFAC005C6170705F63656E7472616C5F636F6E11
:10AFBC002E63000047415454205175657565204639
:10AFCC00756C6C2C207265747279206C617465726E
:10AFDC002E00000052455345540000007265742049
:10AFEC003D20256400000000626C655F6E75735F28
:10AFFC00635F6576745F68616E646C65722025644E
:10B00C0000000000446973636F7665727920636F8A
:10B01C006D706C6574652E00436F6E6E6563746540
:10B02C006420746F20646576696365207769746841
:10B03C00204E6F72646963205541525420536572DF
:10B04C00766963652E000000632D6E7573203D20BC
:10B05C002564200D0A000000253032780000000025
:10B06C000D0A0000446973636F6E6E6563746564EA
:10B07C002E0000004E52465F424C455F5343414EFA
:10B08C005F4556545F434F4E4E4543544544000074
:10B09C00436F6E6E656374696E6720746F207461A4
:10B0AC00726765742025303278253032782530323D
:10B0BC00782530327825303278253032780D0A00F8
:10B0CC00506172736564204E616D6520286C656EED
:10B0DC003A20256429203D202573000066696C7494
:10B0EC006572203D202573005363616E2074696D79
:10B0FC006564206F75742E0D0A0000004E6F74206D
:10B10C00636F6E6E656374656400000044697363FD
:10B11C006F6E6E656374206661696C65643A20308D
:10B12C007825780042657374205253534920646526
:10B13C0076696365206964783D2564207273736950
:10B14C003D256400436F6E6E656374206661696CA7
:10B15C0065643A20256400000D0A53544F50205367
:10B16C0043414E0D0A0000004170705F7363616EC5
:10B17C005F73746F70206661696C65643A20307817
:10B18C00257800000D0A5354415254205343414E2C
:10B19C00200D0A00466C617368206F7065726174D3
:10B1AC00696F6E206661696C65642E20457674202B
:10B1BC0049443A2025642C20526573756C743A20EE
:10B1CC0025640000466C6173682077726974652091
:10B1DC00737563636573732E00000000466C6173B6
:10B1EC006820657261736520737563636573732E74
:10B1FC0000000000466C6173682065726173652005
:10B20C006661696C65643A2025640000506167656D
:10B21C0020626F756E646172792064657465637405
:10B22C0065642E2045726173696E6720344B422031
:10B23C0061743A20307825303878000053746F727E
:10B24C006564206174203078253038780000000067
:10B25C00466C617368207772697465206661696CED
:10B26C0065643A2025640000526561642061646461
:10B27C0072657373206F7574206F6620626F756EC4
:10B28C0064733A2030782530387820286C656E3A13
:10B29C0020256429000000006673746F7261676575
:10B2AC002072656164206661696C65643A2025646E
:10B2BC0000000000726561642061742030782530D4
:10B2CC00387800003D3D3D3D3D3D3D3D3D3D2054EC
:10B2DC007261636B65722053657474696E67203D8F
:10B2EC003D3D3D3D3D3D3D3D3D0000006465766985
:10B2FC0063655F6E616D652020202020202020205A
:10B30C0020202020203A20257300000070657269EF
:10B31C0070686572616C5F31202020202020202015
:10B32C0020202020203A20257300000070657269CF
:10B33C0070686572616C5F322020202020202020F4
:10B34C0020202020203A20257300000070657269AF
:10B35C0070686572616C5F332020202020202020D3
:10B36C0020202020203A202573000000706572698F
:10B37C0070686572616C5F342020202020202020B2
:10B38C0020202020203A2025730000006265616394
:10B39C006F6E5F64617461202020202020202020AB
:10B3AC0020202020203A2025730000006461746165
:10B3BC005F636F6C6C6563745F7365632020202022
:10B3CC0020202020203A2025750000006265616352
:10B3DC006F6E5F74785F706F77657220202020200D
:10B3EC0020202020203A2025640000006265616343
:10B3FC006F6E5F6164765F696E74657276616C20E6
:10B40C0020202020203A2025750000006372633133
:10B41C00362020202020202020202020202020200A
:10B42C0020202020203A203078253034580000008D
:10B43C003D3D3D3D3D3D3D3D3D3D3D3D3D3D3D3D30
:10B44C003D3D3D3D3D3D3D3D3D3D3D3D3D3D3D3D20
:10B45C003D3D3D3D3D000000464C4153485F575239
:10B46C004954455F4F4B0000464C4153485F57527F
:10B47C004954455F4641494C000000002E2E2F2EAA
:10B48C002E2F2E2E2F2E2E2F2E2E2F2E2E2F6D6F4B
:10B49C0064756C65732F6E7266782F68616C2F6E95
:10B4AC0072665F6770696F2E68000000504B4559DB
:10B4BC005F535441545F53575F50494E203D2025F4
:10B4CC0064000000433A5C6E72665C6E5246355FF7
:10B4DC0053444B5F31372E312E305F6464646535D5
:10B4EC0036305C6578616D706C65735C5472616349
:10B4FC006B65725C626C655F6170705F75617274B4
:10B50C005C6170705F6770696F2E630074696D6544
:10B51C00722073746F70206572723D256400000098
:10B52C00504B45595F535441545F53575F50494EEC
:10B53C0020696E707574310074696D657220737456
:10B54C00617274206572723D25640000504B455940
:10B55C002031307320486F6C6420436865636B2026
:10B56C0053746172742E2E2E00000000504B4559FE
:10B57C0020507265737365642120486F6C64696E2A
:10B58C00672E2E2E00000000486F6C64696E672ECB
:10B59C002E2E20256C75202F2031302073656300F2
:10B5AC00504B45592031307320486F6C64205375D3
:10B5BC00636365737321205143204D4F44452045EF
:10B5CC004E54455245440000504B45592052656C31
:10B5DC0065617365642120526573657474696E6767
:10B5EC0020686F6C642074696D65722E0000000019
:10B5FC0020410020404100206E7573203D202564C1
:10B60C00200D0A0025303278000000000D0A0000E1
:10B61C00424C455F4E55535F4556545F434F4D4D1D
:10B62C005F53544F5050454400000000433A5C6E49
:10B63C0072665C6E5246355F53444B5F31372E3128
:10B64C002E305F646464653536305C6578616D708E
:10B65C006C65735C547261636B65725C626C655F84
:10B66C006170705F756172745C6170705F7065722F
:10B67C006970686572616C5F636F6E2E63000000A9
:10B68C004E6F7420636F6E6E6563746564000000AA
:10B69C00446973636F6E6E656374206661696C6573
:10B6AC00643A2030782578000D0A53544F502041CD
:10B6BC0044560D0A000000006164765F73746F706D
:10B6CC002068616E646C653D2564206572723D3046
:10B6DC00782530386C780D0A0000000025730000C6
:10B6EC00545820506F77657220736574206F6B20EF
:10B6FC003078253038580D0A0000000075756964E3
:10B70C005F747970653D2564000000000D0A535488
:10B71C00415254204144562025640D0A000000007B
:10B72C002E2E2F2E2E2F2E2E2F2E2E2F2E2E2F2E28
:10B73C002E2F6D6F64756C65732F6E7266782F6823
:10B74C00616C2F6E72665F6770696F2E6800000007
:10B75C00433A5C6E72665C6E5246355F53444B5F87
:10B76C0031372E312E305F646464653536305C655C
:10B77C0078616D706C65735C547261636B65725C3F
:10B78C00626C655F6170705F756172745C61707022
:10B79C005F71632E63000000436F6E6E656374000F
:10B7AC00446973636F6E6E656374656400000000BA
:10B7BC0044617461206C656E20697320736574201C
:10B7CC00746F203078255828256429000300020066
:10B7DC0090410020B0410020D0410020F0410020D9
:10B7EC0043757272656E742054696D653A2025300C
:10B7FC0034642D253032642D2530326420253032CE
:10B80C00643A253032643A253032640D0A00000067
:10B81C002E2E2F2E2E2F2E2E2F2E2E2F2E2E2F2E37
:10B82C002E2F6D6F64756C65732F6E7266782F6832
:10B83C00616C2F6E72665F6770696F2E6800000016
:10B84C006669666F5F6275662066756C6C000000D9
:10B85C004D4C43313D25303258204D4C43323D2523
:10B86C00303258204D4C43333D25303258204D4C0E
:10B87C0043343D25303258004649464F3A206C65DA
:10B88C0076656C3D25642054483D25642046554C16
:10B89C004C3D2564204F56523D2564204244523D78
:10B8AC002564000053656E736F725F76616C75650D
:10B8BC00203D20256400000064656275675F536558
:10B8CC006E736F725F76616C7565203D2025640028
:10B8DC0057484F5F414D5F49203D202578000000BF
:10B8EC002052657461696E65645F64617461203DAA
:10B8FC00202564202D202564282564290A000000B9
:10B90C0052696E67206275666665722066756C6C2E
:10B91C00212044726F7070656420312077686F6CE1
:10B92C0065206461792E204E6577206C6173745F9D
:10B93C0073656E645F616464723A203078253038C8
:10B94C007800000053656E736F725F666C6173688C
:10B95C005F736574206D795F64617461203D20258F
:10B96C0064200A00466C61736820416464726573DC
:10B97C007320737475636B210D0A00006D5F746125
:10B98C00726765745F73656E645F61646472203D99
:10B99C002025303878206D5F63757272656E745F28
:10B9AC0061646472203D20253038780A0000000064
:10B9BC006D5F63757272656E745F73656E645F61E3
:10B9CC00646472203D2025303878206D5F6C617383
:10B9DC00745F73656E645F61646472203D20253012
:10B9EC0038780A0000300040000000002E2E2F2E68
:10B9FC002E2F2E2E2F2E2E2F2E2E2F2E2E2F6D6FD6
:10BA0C0064756C65732F6E7266782F68616C2F6E1F
:10BA1C0072665F6770696F2E68000000433A5C6E57
:10BA2C0072665C6E5246355F53444B5F31372E3134
:10BA3C002E305F646464653536305C6578616D709A
:10BA4C006C65735C547261636B65725C626C655F90
:10BA5C006170705F756172745C6170705F7477692E
:10BA6C002E6300001A000000190000000000680698
:10BA7C00020100002E2E2F2E2E2F2E2E2F2E2E2F8B
:10BA8C002E2E2F2E2E2F6D6F64756C65732F6E728C
:10BA9C0066782F68616C2F6E72665F6770696F2EA7
:10BAAC0068000000433A5C6E72665C6E5246355F0D
:10BABC0053444B5F31372E312E305F6464646535EF
:10BACC0036305C6578616D706C65735C5472616363
:10BADC006B65725C626C655F6170705F75617274CE
:10BAEC005C6D61696E2E6300424C455F4741505F4F
:10BAFC004556545F54494D454F5554207372633D20
:10BB0C00256400003E3E3E20434F4E4E4543544973
:10BB1C004F4E2054494D454F5554203C3C3C000061
:10BB2C00446973636F6E6E6563746564202564008D
:10BB3C0052657175697265642052414D2053746170
:10BB4C00727420416464726573733A2030782530C6
:10BB5C003858000052414D20537461727420616456
:10BB6C00647265737320697320746F6F206C6F77C8
:10BB7C0021204368616E676520697420746F2030E2
:10BB8C00782530385800000044617461206C656E73
:10BB9C002069732073657420746F203078255828C1
:10BBAC0025642900676F5F73797374656D5F6F66C9
:10BBBC006620656E74657200676F5F737973746568
:10BBCC006D5F6F66662072657475726E00000000A2
:10BBDC003135204D696E757465732054696D6572CD
:10BBEC0020457870697265642120446F696E672006
:10BBFC007461736B2E2E2E00424C455F53656E6440
:10BC0C005F62797465203D202564200031352D4D0F
:10BC1C00696E7574652054696D6572205374617218
:10BC2C007465642E00000000736C6565702073747D
:10BC3C006172740D0A0000004465766963652069C1
:10BC4C007320707265706172696E6720746F206505
:10BC5C006E74657220626F6F746C6F6164657220B4
:10BC6C006D6F64652E00000044657669636520770E
:10BC7C00696C6C20656E74657220626F6F746C6F8A
:10BC8C0061646572206D6F64652E0000526571757C
:10BC9C0065737420746F20656E74657220626F6FAB
:10BCAC00746C6F61646572206D6F64652066616988
:10BCBC006C6564206173796E6368726F6E656F7505
:10BCCC00736C792E000000005265717565737420D9
:10BCDC00746F2073656E64206120726573706F6E73
:10BCEC00736520746F20636C69656E74206661697E
:10BCFC006C65642E00000000556E6B6E6F776E20C5
:10BD0C006576656E742066726F6D20626C655F641B
:10BD1C0066755F627574746F6E6C6573732E00005C
:10BD2C0052535349206E6F74207265616479207987
:10BD3C006574206F7220727373695F7374617274AF
:10BD4C00206E6F742063616C6C65642100000000D0
:10BD5C0073645F626C655F6761705F727373695F58
:10BD6C00676574206661696C65643A203078257863
:10BD7C000000000055415254207374617274656464
:10BD8C002E0000004465627567206C6F6767696EF2
:10BD9C006720666F722055415254206F7665722071
:10BDAC0052545420737461727465642E0000000048
:10BDBC0090440020B0440020D044002054686520FA
:10BDCC00626F6F746C6F6164657220686173207749
:10BDDC00726974652070726F746563746564206930
:10BDEC0074732073657474696E6773207061676512
:10BDFC002E20546869732070726F6869626974735D
:10BE0C002073657474696E6720746865206164764C
:10BE1C006572746973696E67206E616D652E20544E
:10BE2C00686520626F6F746C6F61646572206D75EC
:10BE3C00737420626520636F6D70696C6564207724
:10BE4C00697468204E52465F424C5F5345545449C6
:10BE5C004E47535F504147455F50524F54454354F2
:10BE6C003D3020746F20616C6C6F77207365747437
:10BE7C00696E672074686520616476657274697395
:10BE8C00696E67206E616D652E000000433A5C6E32
:10BE9C0072665C6E5246355F53444B5F31372E31C0
:10BEAC002E305F646464653536305C636F6D706F23
:10BEBC006E656E74735C626C655C636F6D6D6F6EDA
:10BECC005C626C655F636F6E6E5F73746174652E1C
:10BEDC0063000000626C655F64625F646973630099
:10BEEC004E6F7420656E6F75676820737061636543
:10BEFC0020666F722073657276696365732E00001D
:10BF0C00496E63726561736520424C455F44425FC4
:10BF1C00444953434F564552595F4D41585F535214
:10BF2C005620746F2062652061626C6520746F20EE
:10BF3C0073746F7265206D6F7265207365727669AC
:10BF4C0063657321000000004E6F7420656E6F7581
:10BF5C00676820737061636520666F722063686127
:10BF6C00726163746572697374696373206173734E
:10BF7C006F63696174656420776974682073657296
:10BF8C007669636520307825303458202100000014
:10BF9C00496E63726561736520424C455F4741543D
:10BFAC00545F44425F4D41585F43484152532074A3
:10BFBC006F2062652061626C6520746F2073746FF2
:10BFCC007265206D6F726520636861726163746560
:10BFDC007269737469637320666F7220656163683C
:10BFEC002073657276696365210000006E72665F6E
:10BFFC00626C655F676174740000000073645F625B
:10C00C006C655F6761705F646174615F6C656E67BE
:10C01C0074685F7570646174652829202872657175
:10C02C007565737429206F6E20636F6E6E65637413
:10C03C00696F6E20307825782072657475726E6524
:10C04C00642025732E00000054686520726571759C
:10C05C0065737465642054582F5258207061636B5B
:10C06C006574206C656E67746820697320746F6FDB
:10C07C00206C6F6E672062792025752F2575206FD7
:10C08C0063746574732E0000546865207265717555
:10C09C00657374656420636F6D62696E6174696F3A
:10C0AC006E206F6620545820616E642052582070A8
:10C0BC0061636B6574206C656E677468732069735B
:10C0CC0020746F6F206C6F6E67206279202575204D
:10C0DC006D6963726F7365636F6E64732E0000001D
:10C0EC0073645F626C655F67617474735F657863BA
:10C0FC0068616E67655F6D74755F7265706C7928C9
:10C10C00292072657475726E65642025732E00008B
:10C11C00436C69656E7420726571756573746564C2
:10C12C00204D5455203D20256400000073645F624F
:10C13C006C655F67617474635F65786368616E6773
:10C14C00655F6D74755F72657175657374282920F0
:10C15C0072657475726E65642025732E0000000084
:10C16C006E72665F626C655F6771000053442047B6
:10C17C004154542070726F63656475726520282574
:10C18C006429206661696C6564206F6E20636F6E34
:10C19C006E656374696F6E2068616E646C652025D2
:10C1AC00642077697468206572726F723A203078F7
:10C1BC00253038582E000000556E696D706C656D19
:10C1CC00656E7465642047415454205265717565E1
:10C1DC007374000000000000A5FE020000000000C7
:10C1EC000000000000000000F9FE0200626C655FB8
:10C1FC007363616E00000000433A5C6E72665C6EA5
:10C20C005246355F53444B5F31372E312E305F64CD
:10C21C006464653536305C636F6D706F6E656E741B
:10C22C00735C626C655C6E72665F626C655F736397
:10C23C00616E5C6E72665F626C655F7363616E2EBD
:10C24C006300000073645F626C655F6761705F73AD
:10C25C0063616E5F73746172742072657475726E53
:10C26C006564203078257800626C655F6E757300AC
:10C27C009ECADC240EE5A9E093F3A3B50000406E42
:10C28C00626C655F6E75735F630000009ECADC2490
:10C29C000EE5A9E093F3A3B50000406E436F6E74F6
:10C2AC00656E7420746F6F206C6F6E672E000000CB
:10C2BC00436F6E6E656374696F6E2068616E646C3B
:10C2CC006520696E76616C69642E0000636C6F6327
:10C2DC006B000000433A5C6E72665C6E5246355FD2
:10C2EC0053444B5F31372E312E305F6464646535B7
:10C2FC0036305C696E746567726174696F6E5C6E02
:10C30C007266785C6C65676163795C6E72665F649B
:10C31C0072765F636C6F636B2E6300002E2E2F2E74
:10C32C002E2F2E2E2F2E2E2F2E2E2F2E2E2F696EA1
:10C33C00746567726174696F6E2F6E7266782F6E9A
:10C34C007266785F676C75652E680000434C4F43CE
:10C35C004B000000433A5C6E72665C6E5246355F71
:10C36C0053444B5F31372E312E305F646464653536
:10C37C0036305C6D6F64756C65735C6E7266785C80
:10C38C00647269766572735C7372635C6E726678E4
:10C39C005F636C6F636B2E63000000002E2E2F2EDC
:10C3AC002E2F2E2E2F2E2E2F2E2E2F2E2E2F696E21
:10C3BC00746567726174696F6E2F6E7266782F6E1A
:10C3CC007266785F676C75652E6800002E2E2F2EB6
:10C3DC002E2F2E2E2F2E2E2F2E2E2F2E2E2F6D6FEC
:10C3EC0064756C65732F6E7266782F68616C2F6E36
:10C3FC0072665F6770696F2E680000004750494F86
:10C40C0054450000433A5C6E72665C6E5246355F72
:10C41C0053444B5F31372E312E305F646464653585
:10C42C0036305C6D6F64756C65735C6E7266785CCF
:10C43C00647269766572735C7372635C6E72667833
:10C44C005F6770696F74652E630000005052530073
:10C45C00433A5C6E72665C6E5246355F53444B5F7A
:10C46C0031372E312E305F646464653536305C6D47
:10C47C006F64756C65735C6E7266785C64726976F9
:10C48C006572735C7372635C7072735C6E726678E7
:10C49C005F7072732E6300002E2E2F2E2E2F2E2ED9
:10C4AC002F2E2E2F2E2E2F2E2E2F696E7465677227
:10C4BC006174696F6E2F6E7266782F6E7266785F1C
:10C4CC00676C75652E6800002E2E2F2E2E2F2E2EAB
:10C4DC002F2E2E2F2E2E2F2E2E2F6D6F64756C65FA
:10C4EC00732F6E7266782F68616C2F6E72665F7335
:10C4FC00616164632E6800005341414443000000B5
:10C50C00433A5C6E72665C6E5246355F53444B5FC9
:10C51C0031372E312E305F646464653536305C6D96
:10C52C006F64756C65735C6E7266785C6472697648
:10C53C006572735C7372635C6E7266785F73616153
:10C54C0064632E6300000000000000000000000087
:10C55C00000000000338FDD8704700002E2E2F2E4F
:10C56C002E2F2E2E2F2E2E2F2E2E2F2E2E2F696E5F
:10C57C00746567726174696F6E2F6E7266782F6E58
:10C58C007266785F676C75652E6800002E2E2F2EF4
:10C59C002E2F2E2E2F2E2E2F2E2E2F2E2E2F6D6F2A
:10C5AC0064756C65732F6E7266782F68616C2F6E74
:10C5BC0072665F6770696F2E6800000054574900FF
:10C5CC00433A5C6E72665C6E5246355F53444B5F09
:10C5DC0031372E312E305F646464653536305C6DD6
:10C5EC006F64756C65735C6E7266785C6472697688
:10C5FC006572735C7372635C6E7266785F74776974
:10C60C002E63000065460300534F4654444556497B
:10C61C0043453A20415353455254494F4E204641CD
:10C62C00494C454400000000534F4654444556497C
:10C63C0043453A20494E56414C4944204D454D4FB7
:10C64C005259204143434553530000004153534535
:10C65C005254494F4E204641494C45442061742068
:10C66C0025733A25750000004552524F522025750E
:10C67C00205B25735D2061742025733A25750D0AA6
:10C68C0050432061743A203078253038780000000F
:10C69C00456E64206F66206572726F7220726570D1
:10C6AC006F727400554E4B4E4F574E204641554CB1
:10C6BC005420617420307825303858006170705FD8
:10C6CC0074696D6572000000433A5C6E72665C6E54
:10C6DC005246355F53444B5F31372E312E305F64F9
:10C6EC006464653536305C636F6D706F6E656E7447
:10C6FC00735C6C69627261726965735C74696D6597
:10C70C00725C6170705F74696D6572322E630000CB
:10C71C000100060000000000A0500020F5480300B6
:10C72C00433A5C6E72665C6E5246355F53444B5FA7
:10C73C0031372E312E305F646464653536305C637E
:10C74C006F6D706F6E656E74735C6C696272617222
:10C75C006965735C7574696C5C6170705F75746924
:10C76C006C5F706C6174666F726D2E6300000000FC
:10C77C002E2E2F2E2E2F2E2E2F2E2E2F2E2E2F2EC8
:10C78C002E2F696E746567726174696F6E2F6E728D
:10C79C0066782F6E7266785F676C75652E68000020
:10C7AC002E2E2F2E2E2F2E2E2F2E2E2F2E2E2F2E98
:10C7BC002E2F6D6F64756C65732F6E7266782F6893
:10C7CC00616C2F6E72665F7274632E6800000000DD
:10C7DC00433A5C6E72665C6E5246355F53444B5FF7
:10C7EC0031372E312E305F646464653536305C63CE
:10C7FC006F6D706F6E656E74735C6C696272617272
:10C80C006965735C74696D65725C6472765F727471
:10C81C00632E630052544320696E7374616E6365BA
:10C82C0020616C726561647920696E697469616CF0
:10C83C00697A65642E0000005254433A20696E698F
:10C84C007469616C697A65642E0000005254433A35
:10C85C0020556E696E697469616C697A65642E0025
:10C86C00000000000338FDD870470000433A5C6EAE
:10C87C0072665C6E5246355F53444B5F31372E31D6
:10C88C002E305F646464653536305C636F6D706F39
:10C89C006E656E74735C6C69627261726965735CEF
:10C8AC0062616C6C6F635C6E72665F62616C6C6F04
:10C8BC00632E6300433A5C6E72665C6E5246355F63
:10C8CC0053444B5F31372E312E305F6464646535D1
:10C8DC0036305C65787465726E616C5C667072691A
:10C8EC006E74665C6E72665F667072696E74662ECC
:10C8FC0063000000433A5C6E72665C6E5246355FB4
:10C90C0053444B5F31372E312E305F646464653590
:10C91C0036305C65787465726E616C5C66707269D9
:10C92C006E74665C6E72665F667072696E74665F5A
:10C93C00666F726D61742E6300000000303132330B
:10C94C003435363738394142434445466E72665F5A
:10C95C006673746F7261676500000000705F6673C8
:10C96C0000000000257320636865636B20666169B5
:10C97C006C656420696E202573282920776974689A
:10C98C002076616C756520307825782E00000000CB
:10C99C00705F617069000000705F66732D3E705FA0
:10C9AC0061706900705F6465737400006C656E0083
:10C9BC00616464725F69735F616C69676E6564332F
:10C9CC003228737263290000616464725F69735F5B
:10C9DC0077697468696E5F626F756E647328705FD7
:10C9EC0066732C207372632C206C656E290000001A
:10C9FC00705F73726300000021286C656E20252027
:10CA0C00705F66732D3E705F666C6173685F696EF4
:10CA1C00666F2D3E70726F6772616D5F756E6974B3
:10CA2C0029000000616464725F69735F616C6967FF
:10CA3C006E656433322864657374290061646472B2
:10CA4C005F69735F616C69676E6564333228287542
:10CA5C00696E7433325F7429705F737263290000DE
:10CA6C00616464725F69735F77697468696E5F6231
:10CA7C006F756E647328705F66732C2064657374B5
:10CA8C002C206C656E290000616464725F69735FB1
:10CA9C00706167655F616C69676E656428705F665D
:10CAAC00732C20706167655F6164647229000000FB
:10CABC00616464725F69735F77697468696E5F62E1
:10CACC006F756E647328705F66732C207061676578
:10CADC005F616464722C20286C656E202A20705F64
:10CAEC0066732D3E705F666C6173685F696E666F0E
:10CAFC002D3E65726173655F756E6974292900003E
:10CB0C006E72665F6673746F726167655F696E697A
:10CB1C00740000006E72665F6673746F7261676595
:10CB2C005F726561640000006E72665F6673746F9D
:10CB3C00726167655F777269746500006E72665F1B
:10CB4C006673746F726167655F657261736500000F
:10CB5C00001000000400000001000000257003001C
:10CB6C00717003000D7103009D7003002D710300A3
:10CB7C009D710300AB710300B9710300433A5C6E05
:10CB8C0072665C6E5246355F53444B5F31372E31C3
:10CB9C002E305F646464653536305C636F6D706F26
:10CBAC006E656E74735C6C69627261726965735CDC
:10CBBC006D656D6F626A5C6E72665F6D656D6F62DE
:10CBCC006A2E63002E2E2F2E2E2F2E2E2F2E2E2F32
:10CBDC002E2E2F2E2E2F636F6D706F6E656E7473ED
:10CBEC002F6C69627261726965732F6578706572FA
:10CBFC00696D656E74616C5F73656374696F6E5F8C
:10CC0C00766172732F6E72665F73656374696F6E93
:10CC1C005F697465722E68002E2E2F2E2E2F2E2EED
:10CC2C002F2E2E2F2E2E2F2E2E2F636F6D706F6E9C
:10CC3C00656E74732F6C69627261726965732F6DA6
:10CC4C00757465782F6E72665F6D74782E6800004F
:10CC5C007077725F6D676D7400000000433A5C6E14
:10CC6C0072665C6E5246355F53444B5F31372E31E2
:10CC7C002E305F646464653536305C636F6D706F45
:10CC8C006E656E74735C6C69627261726965735CFB
:10CC9C007077725F6D676D745C6E72665F707772C1
:10CCAC005F6D676D742E630004AD030004AD03006B
:10CCBC0004000000433A5C6E72665C6E5246355F4F
:10CCCC0053444B5F31372E312E305F6464646535CD
:10CCDC0036305C636F6D706F6E656E74735C6C690F
:10CCEC00627261726965735C71756575655C6E7293
:10CCFC00665F71756575652E63000100433A5C6E65
:10CD0C0072665C6E5246355F53444B5F31372E3141
:10CD1C002E305F646464653536305C636F6D706FA4
:10CD2C006E656E74735C6C69627261726965735C5A
:10CD3C006578706572696D656E74616C5F7365633F
:10CD4C0074696F6E5F766172735C6E72665F736529
:10CD5C006374696F6E5F697465722E630000000006
:10CD6C00736F72746C69737400000000433A5C6EEC
:10CD7C0072665C6E5246355F53444B5F31372E31D1
:10CD8C002E305F646464653536305C636F6D706F34
:10CD9C006E656E74735C6C69627261726965735CEA
:10CDAC00736F72746C6973745C6E72665F736F729E
:10CDBC00746C6973742E6300556E6B6E6F776E2096
:10CDCC006572726F7220636F646500004E52465F2D
:10CDDC0053554343455353004E52465F4552524FB1
:10CDEC00525F5356435F48414E444C45525F4D4948
:10CDFC005353494E470000004E52465F4552524F26
:10CE0C00525F534F46544445564943455F4E4F5429
:10CE1C005F454E41424C4544000000004E52465F77
:10CE2C004552524F525F494E5445524E414C0000B0
:10CE3C004E52465F4552524F525F4E4F5F4D454DDD
:10CE4C00000000004E52465F4552524F525F4E4F0B
:10CE5C00545F464F554E44004E52465F4552524F1A
:10CE6C00525F4E4F545F535550504F5254454400EF
:10CE7C004E52465F4552524F525F494E56414C49B5
:10CE8C00445F504152414D004E52465F4552524F05
:10CE9C00525F494E56414C49445F535441544500EE
:10CEAC004E52465F4552524F525F494E56414C4985
:10CEBC00445F4C454E475448000000004E52465FBC
:10CECC004552524F525F494E56414C49445F464C75
:10CEDC00414753004E52465F4552524F525F494EA6
:10CEEC0056414C49445F4441544100004E52465F08
:10CEFC004552524F525F444154415F53495A450089
:10CF0C004E52465F4552524F525F54494D454F5514
:10CF1C00540000004E52465F4552524F525F4E55E0
:10CF2C004C4C00004E52465F4552524F525F464F9A
:10CF3C005242494444454E004E52465F4552524F70
:10CF4C00525F494E56414C49445F414444520000A3
:10CF5C004E52465F4552524F525F42555359000054
:10CF6C004E52465F4552524F525F434F4E4E5F43B7
:10CF7C004F554E54000000004E52465F4552524FE2
:10CF8C00525F5245534F5552434553004E52465FE4
:10CF9C004552524F525F4D4F44554C455F4E4F5486
:10CFAC005F494E495449414C495A454400000000E0
:10CFBC004E52465F4552524F525F4D555445585F45
:10CFCC00494E49545F4641494C4544004E52465FD8
:10CFDC004552524F525F4D555445585F4C4F434B41
:10CFEC005F4641494C4544004E52465F4552524FB4
:10CFFC00525F4D555445585F554E4C4F434B5F4611
:10D00C0041494C45440000004E52465F4552524F38
:10D01C00525F4D555445585F434F4E445F494E49FE
:10D02C00545F4641494C4544000000004E52465F57
:10D03C004552524F525F4D4F44554C455F414C52F7
:10D04C00454144595F494E495449414C495A45441C
:10D05C00000000004E52465F4552524F525F5354EF
:10D06C004F524147455F46554C4C00004E52465F6F
:10D07C004552524F525F4150495F4E4F545F494D9C
:10D08C00504C454D454E5445440000004E52465FB1
:10D09C004552524F525F464541545552455F4E4F93
:10D0AC00545F454E41424C45440000004E52465F91
:10D0BC004552524F525F494F5F50454E44494E477F
:10D0CC00000000004E52465F4552524F525F445290
:10D0DC00565F5457495F4552525F4F564552525511
:10D0EC004E0000004E52465F4552524F525F445222
:10D0FC00565F5457495F4552525F414E41434B0076
:10D10C004E52465F4552524F525F4452565F5457EF
:10D11C00495F4552525F444E41434B004E52465F6D
:10D12C004552524F525F424C455F495053505F52EB
:10D13C00585F504B545F5452554E43415445440034
:10D14C004E52465F4552524F525F424C455F4950DA
:10D15C0053505F4348414E4E454C5F414C52454104
:10D16C0044595F4558495354530000004E52465F92
:10D17C004552524F525F424C455F495053505F4CA1
:10D18C00494E4B5F444953434F4E4E4543544544DF
:10D19C00000000004E52465F4552524F525F424CC7
:10D1AC00455F495053505F504545525F52454A4583
:10D1BC00435445440000000000000000D8CD03009B
:10D1CC0001000000E4CD03000200000004CE0300C7
:10D1DC000300000028CE0300040000003CCE030036
:10D1EC000500000050CE03000600000064CE0300D2
:10D1FC00070000007CCE03000800000094CE030062
:10D20C0009000000ACCE03000A000000C8CE0300E9
:10D21C000B000000E0CE03000C000000F8CE030071
:10D22C000D0000000CCF03000E00000020CF030007
:10D23C000F00000030CF03001000000044CF0300AB
:10D24C00110000005CCF0300120000006CCF030043
:10D25C001300000084CF03008000000098CF03006F
:10D26C0081000000BCCF030082000000D8CF030077
:10D27C0083000000F4CF03008400000014D00300EE
:10D28C008500000038D003008600000060D0030049
:10D29C009000000078D003009100000098D00300AB
:10D2AC0092000000B8D0030000820000D0D0030030
:10D2BC0001820000F0D00300028200000CD10300B8
:10D2CC000084000028D10300018400004CD103002D
:10D2DC000284000078D1030003840000A0D1030075
:10D2EC005D8003008F800300858003000000000038
:10D2FC00000000000338FDD8704700007274745FA2
:10D30C006C6F675F6261636B656E6400433A5C6E61
:10D31C0072665C6E5246355F53444B5F31372E312B
:10D32C002E305F646464653536305C636F6D706F8E
:10D33C006E656E74735C6C69627261726965735C44
:10D34C006C6F675C7372635C6E72665F6C6F675F49
:10D35C0064656661756C745F6261636B656E647342
:10D36C002E6300009C5200207F0000001C53002004
:10D37C0061707000433A5C6E72665C6E5246355F4B
:10D38C0053444B5F31372E312E305F646464653506
:10D39C0036305C636F6D706F6E656E74735C6C6948
:10D3AC00627261726965735C6C6F675C7372635CEB
:10D3BC006E72665F6C6F675F66726F6E74656E64BB
:10D3CC002E6300004261636B656E647320666C753E
:10D3DC0073686564000000006572726F7200000073
:10D3EC007761726E696E6700696E666F000000008F
:10D3FC0064656275670000001B5B306D0000000007
:10D40C001B5B313B33306D001B5B313B33316D00AB
:10D41C001B5B313B33326D001B5B313B33336D0097
:10D42C001B5B313B33346D001B5B313B33356D0083
:10D43C001B5B313B33366D001B5B313B33376D006F
:10D44C005B253032643A253032643A253032642E12
:10D45C00253033642C253033645D200025734C6FEC
:10D46C0067732064726F70706564202825642925A9
:10D47C00730D0A00257300003C25733E2025733A7A
:10D48C00200000000D0A000020253032780000003A
:10D49C00202020007C0000002563000020000000FC
:10D4AC005465726D696E616C00000000525454003A
:10D4BC0053454747455200002E2E2F2E2E2F2E2E31
:10D4CC002F2E2E2F2E2E2F2E2E2F636F6D706F6EF4
:10D4DC00656E74732F6C69627261726965732F6506
:10D4EC0078706572696D656E74616C5F7365637479
:10D4FC00696F6E5F766172732F6E72665F736563B0
:10D50C0074696F6E5F697465722E68006E72665F07
:10D51C0073646800433A5C6E72665C6E5246355FAB
:10D52C0053444B5F31372E312E305F646464653564
:10D53C0036305C636F6D706F6E656E74735C736F99
:10D54C0066746465766963655C636F6D6D6F6E5C44
:10D55C006E72665F7364682E630000000010020137
:10D56C0004AD03000CAD0300080000000CAD03007B
:10D57C001CAD0300080000001CAD03002CAD030023
:10D58C00080000002E2E2F2E2E2F2E2E2F2E2E2F5B
:10D59C002E2E2F2E2E2F636F6D706F6E656E747323
:10D5AC002F6C69627261726965732F657870657230
:10D5BC00696D656E74616C5F73656374696F6E5FC2
:10D5CC00766172732F6E72665F73656374696F6ECA
:10D5DC005F697465722E68006E72665F7364685F53
:10D5EC00626C650073645F626C655F6366675F7332
:10D5FC00657428292072657475726E6564202573B4
:10D60C00207768656E20617474656D7074696E67DF
:10D61C0020746F2073657420424C455F434F4E4E0F
:10D62C005F4346475F4741502E00000073645F62C2
:10D63C006C655F6366675F73657428292072657417
:10D64C0075726E6564202573207768656E20617431
:10D65C0074656D7074696E6720746F2073657420C7
:10D66C00424C455F4741505F4346475F524F4C45E4
:10D67C005F434F554E542E0073645F626C655F635D
:10D68C0066675F73657428292072657475726E65A0
:10D69C0064202573207768656E20617474656D70E5
:10D6AC0074696E6720746F2073657420424C455FFB
:10D6BC00434F4E4E5F4346475F474154542E000044
:10D6CC0073645F626C655F6366675F73657428295A
:10D6DC002072657475726E65642025732077686599
:10D6EC006E20617474656D7074696E6720746F2040
:10D6FC0073657420424C455F434F4D4D4F4E5F4315
:10D70C0046475F56535F555549442E0073645F621C
:10D71C006C655F6366675F73657428292072657436
:10D72C0075726E6564202573207768656E20617450
:10D73C0074656D7074696E6720746F2073657420E6
:10D74C00424C455F47415454535F4346475F4154F5
:10D75C0054525F5441425F53495A452E0000000019
:10D76C0073645F626C655F6366675F7365742829B9
:10D77C002072657475726E656420257320776865F8
:10D78C006E20617474656D7074696E6720746F209F
:10D79C0073657420424C455F47415454535F434674
:10D7AC00475F534552564943455F4348414E4745B1
:10D7BC00442E0000496E73756666696369656E7404
:10D7CC002052414D20616C6C6F63617465642066FE
:10D7DC006F722074686520536F6674446576696354
:10D7EC00652E00004368616E676520746865205281
:10D7FC00414D207374617274206C6F636174696F36
:10D80C006E2066726F6D203078257820746F203012
:10D81C007825782E000000004D6178696D756D20BB
:10D82C0052414D2073697A6520666F722061707069
:10D83C006C69636174696F6E206973203078257828
:10D84C002E00000073645F626C655F656E61626CD4
:10D85C006528292072657475726E65642025732E97
:10D86C0000000000433A5C6E72665C6E5246355F97
:10D87C0053444B5F31372E312E305F646464653511
:10D88C0036305C636F6D706F6E656E74735C736F46
:10D89C0066746465766963655C636F6D6D6F6E5CF1
:10D8AC006E72665F7364685F626C652E6300000065
:10D8BC0094AC030004AD0300080000002E2E2F2EA4
:10D8CC002E2F2E2E2F2E2E2F2E2E2F2E2E2F636FF1
:10D8DC006D706F6E656E74732F6C696272617269B4
:10D8EC0065732F6578706572696D656E74616C5FB8
:10D8FC0073656374696F6E5F766172732F6E726697
:10D90C005F73656374696F6E5F697465722E68000E
:10D91C006E72665F7364685F736F6300433A5C6E2C
:10D92C0072665C6E5246355F53444B5F31372E3115
:10D93C002E305F646464653536305C636F6D706F78
:10D94C006E656E74735C736F66746465766963651B
:10D95C005C636F6D6D6F6E5C6E72665F7364685F37
:10D96C00736F632E630000007CAC030094AC030067
:10D97C000800000030313233343536373839414203
:10D98C0043444546303132333435363738396162A9
:10D99C0063646566286E756C6C2900006DDA030093
:10D9AC00E4DA030070DA030053756E646179004D9C
:10D9BC006F6E6461790054756573646179005765A5
:10D9CC00646E65736461790054687572736461790F
:10D9DC00004672696461790053617475726461798F
:10D9EC0000004A616E7561727900466562727561FC
:10D9FC007279004D6172636800417072696C004D00
:10DA0C006179004A756E65004A756C7900417567DD
:10DA1C007573740053657074656D626572004F6345
:10DA2C00746F626572004E6F76656D62657200444C
:10DA3C006563656D6265720000414D00504D0000DC
:10DA4C00256D2F25642F25790025483A254D3A253B
:10DA5C005300256120256220256520255420255959
:10DA6C000043000075AA030095AA0300A1AA0300B5
:10DA7C00ADAA0300CDAA0300D9AA030047AA03004C
:10DA8C0015AA030053756E004D6F6E00547565003A
:10DA9C0057656400546875004672690053617400E0
:10DAAC00004A616E00466562004D61720041707201
:10DABC00004D6179004A756E004A756C00417567BE
:10DACC0000536570004F6374004E6F7600446563BD
:10DADC0000002E0000000000DEDA0300E0DA030094
:10DAEC00E0DA0300E0DA0300E0DA0300E0DA030036
:10DAFC00E0DA0300E0DA0300E0DA0300E0DA030026
:10DB0C00FFFFFFFFFFFFFFFFFFFFFFFFFFFF000017
:10DB1C00B4D9030090DA0300EED90300ADDA0300A8
:10DB2C0045DA03004CDA030055DA03005EDA030031
:10DB3C002020202020202020206828282828202071
:10DB4C0020202020202020202020202020202020C9
:10DB5C004810101010101010101010101010101081
:10DB6C008484848484848484848410101010101021
:10DB7C00108181818181810101010101010101017A
:10DB8C00010101010101010101010110101010102E
:10DB9C00108282828282820202020202020202024B
:10DBAC0002020202020202020202021010101020F3
:10DBBC00000703200417020108571040801F1C1F88
:10DBCC001E1F1E1F1F1E1F1E1F1F1D1F1E1F1E1F61
:0ADBDC001F1E1F1E1F006D016E01C9
:10DBE800000000000000000000000000FFFFFFFF31
:10DBF800FFFFFFFF00000000000000000000000021
:10DC0800000000000000000000000000FFFFFFFF10
:10DC1800FFFFFFFF00000000000000000000000000
:10DC2800000000000000000000000000FFFFFFFFF0
:10DC3800FFFFFFFF000000000000000000000000E0
:10DC480000000000000000000000000000000000CC
:10DC580000000000000000000000000000000000BC
:10DC680000000000000000000000000000000000AC
:10DC7800000000000000000000000000000000009C
:10DC8800000000000000000000000000000000008C
:10DC9800000000000000000000000000000000007C
:10DCA800000000000000000000000000000000006C
:10DCB800000000000000000000000000000000005C
:10DCC800000000000000000000000000000000004C
:10DCD800000000000000000000000000000000003C
:10DCE800000000000000000000000000000000002C
:10DCF800000000000000000000000000000000001C
:10DD0800000000000000000000000000000000000B
:10DD180000000000000000000000000000000000FB
:10DD280000000000000000000000000000000000EB
:10DD380000000000000000000000000000000000DB
:10DD480000000000000000000000000000000000CB
:10DD580000000000000000000000000000000000BB
:10DD680000000000000000000000000000000000AB
:10DD7800000000000000000000000000000000009B
:10DD8800000000000000000000000000000000008B
:10DD9800000000000000000000000000000000007B
:10DDA800000000000000000000000000000000006B
:10DDB800000000000000000000000000000000005B
:10DDC800000000000000000000000000000000004B
:10DDD800000000000000000000000000000000003B
:10DDE800000000000000000000000000000000002B
:10DDF800000000000000000000000000000000001B
:10DE0800000000000000000000000000000000000A
:10DE180000000000000000000000000000000000FA
:10DE280000000000000000000000000000000000EA
:10DE380000000000000000000000000000000000DA
:10DE480000000000000000000000000000000000CA
:10DE580000000000000000000000000000000000BA
:10DE680000000000000000000000000000000000AA
:10DE7800000000000000000000000000000000009A
:10DE8800000000000000000000000000000000008A
:10DE9800000000000000000000000000000000007A
:10DEA800000000000000000000000000000000006A
:10DEB800000000000000000000000000000000005A
:10DEC800000000000000000000000000000000004A
:10DED800000000000000000000000000000000003A
:10DEE800000000000000000000000000000000002A
:10DEF800000000000000000000000000000000001A
:10DF08000000000000000000000000000000FFFF0B
:10DF180000000000000000000000000000000000F9
:10DF280000000000000000000000000000000000E9
:10DF380000000000000000000000000000000000D9
:10DF480000000000000000000000000000000000C9
:10DF580000000000000000000000000000000000B9
:10DF680000000000000000000000000000000000A9
:10DF78000000000000000000000000000000000099
:10DF88000000000000000000000000000000000089
:10DF98000000000000000000000000000000000079
:10DFA8000000000000000000000000000000000069
:10DFB8000000000000000000000000000000000059
:10DFC8000000000000000000000000000000000049
:10DFD8000000000000000000000000000000000039
:10DFE8000000000000000000000000000000000029
:10DFF8000000000000000000000000000000000019
:10E008000000000000000000000000000000000008
:10E0180000000000000000000000000000000000F8
:10E0280000000000000000000000000000000000E8
:10E0380000000000000000000000000000000000D8
:10E0480000000000000000000000000000000000C8
:10E0580000000000000000000000000000000000B8
:10E0680000000000000000000000000000000000A8
:10E078000000000000000000000000000000000098
:10E088000000000000000000000000000000000088
:10E098000000000000000000000000000000000078
:10E0A8000000000000000000000000000000000068
:10E0B8000000000000000000000000000000000058
:10E0C8000000000000000000000000000000000048
:10E0D8000000000000000000000000000000000038
:10E0E8000000000000000000000000000000000028
:10E0F8000000000000000000000000000000000018
:10E108000000000000000000000000000000000007
:10E1180000000000000000000000000000000000F7
:10E1280000000000000000000000000000000000E7
:10E1380000000000000000000000000000000000D7
:10E1480000000000000000000000000000000000C7
:10E1580000000000000000000000000000000000B7
:10E1680000000000000000000000000000000000A7
:10E178000000000000000000000000000000000097
:10E188000000000000000000000000000000000087
:10E198000000000000000000000000000000000077
:10E1A8000000000000000000000000000000000067
:10E1B8000000000000000000000000000000000057
:10E1C8000000000000000000000000000000000047
:10E1D8000000000000000000000000000000000037
:10E1E8000000000000000000000000000000000027
:10E1F8000000000000000000000000000000000017
:10E208000000000000000000000000000000000006
:10E2180000000000FFFF0000010000001040002087
:10E228005CAF03002CAD030040AD0300FFFF00000E
:10E23800543130305F547261636B657200000000C6
:10E2480000000000000000000000000000000000C6
:10E2580046313030000000000000000000000000DF
:10E2680000000000000000000000000000000000A6
:10E2780057313030000000000000000000000000AE
:10E288000000000000000000000000000000000086
:10E2980043313030000000000000000000000000A2
:10E2A8000000000000000000000000000000000066
:10E2B8005031303000000000000000000000000075
:10E2C8000000000000000000000000000000000046
:10E2D8005431303000000000000000000000000051
:10E2E8000000000000000000000000000000000026
:10E2F8003C00ECFFF40100000000000000000000FA
:10E308000000000000000000000000000000000005
:10E3180000000000000000000000000000000000F5
:10E32800000000000000000000000000FFFFFFFFE9
:10E33800FFFFFFFF000000000000000000000000D9
:10E34800000000000000000000000000FFFFFFFFC9
:10E35800FFFFFFFF000000000000000000000000B9
:10E3680000000000FFFF00006048002002000400D9
:10E378000000000000000000000000000000000095
:10E3880000000000644100200000000001000200BD
:10E39800000000000000000000000000FFFFFFFF79
:10E3A800FFFFFFFF00000000000000000000000069
:10E3B800000000000000000000000000FFFFFFFF59
:10E3C800FFFFFFFF00000000000000000000000049
:10E3D800000000000000000000000000FFFFFFFF39
:10E3E800FFFFFFFF00000000000000000000000029
:10E3F800000000000000000000000000FFFFFFFF19
:10E40800FFFFFFFF00000000000000000000000008
:10E4180000000000FFFF000040DA7F38295C8F3DD4
:10E428004B00000010631820070009030A010D08BB
:10E43800100011000180040005001740021108EACD
:10E4480009F6090309140904090109000914090155
:10E458000996021108FA095C0903092E0904093A08
:10E4680009040231085C090D0900090009000900C6
:10E4780009000900093C09000900090009000969A7
:10E4880009BA09C80939090D090009000900090074
:10E4980009000900093C0900090009000900094BA5
:10E4A80009BE09C80939090D090009000900090050
:10E4B80009000900093C090009BC0900090009D53F
:10E4C80009BD09C80939090D090009000900090031
:10E4D80009000900093C09000900090009000909A7
:10E4E80009BF0938093B091D09000900090009008D
:10E4F80009000900093C090009BC09000900092AAA
:10E5080009BB0938093B093F090009010924090029
:10E518000900090009000901092C0900090009007E
:10E52800090009040930093F0931090009000900F7
:10E538000900090009000900090009040934090E45
:10E548000932090009000900090009000900090049
:10E55800090009170930090009000900090009C262
:10E56800091A0900090009F909BB0917093809003E
:10E5780009000900090009C209220900090009E582
:10E5880009BB0918093C0900090009000900098E9E
:10E5980009120900093C091F09000241082E090057
:10E5A800090009000900090009000900090009001B
:10E5B800090009000100018017400241083A0920BA
:10E5C800094D090D098309B1091F092009C10990DD
:10E5D80009330905098009400948094009C2091396
:10E5E800094D090309E5093609380907098509406C
:10E5F8000948093009E2093609470909098909471B
:10E6080009C6090309EB091C09C6090C098B09C7C6
:10E61800093C092009A10993093C093009E00920AE
:10E62800094C091309E3094B094A092009A9097783
:10E63800093809F309C509270931090009C009A0E2
:10E64800094C091009A209840940092109C0098651
:10E658000941091309E501801700040005100201AA
:10E6680001005E0201800D016025450201001504CC
:10E678001702106511551820070009550A010D08E1
:10E688000000040000000400000004000000040072
:10E69800FFFF14000000000000000000FFFFFFFF64
:10E6A800FFFFFFFF00000000000000000000000066
:10E6B800000000000000000000000000FFFFFFFF56
:10E6C800FFFFFFFF00000000000000000000000046
:10E6D800000000000000000000000000FFFFFFFF36
:10E6E800FFFFFFFF00000000000000000000000026
:10E6F80000000000FF0000000090D003001001405F
:10E708001100040000000000FF000000FF000000EE
:10E7180000000000E4D30300ECD30300F4D30300AB
:10E72800FCD3030004D403000CD4030014D4030066
:10E738001CD4030024D403002CD4030034D40300D5
:10E748003CD4030044D40300A8D90300A8D903008B
:0CE75800A8D90300A8D90300A8D9030029
:04000003200062195E
:00000001FF
